custom_id,restaurant_name,course,dish_name,source_webp_path,output_png_path,status,note
recipe-image-001-l-etoile-d-or-amuse-bouche,L'Etoile d'Or,Amuse-Bouche,Crispy Parmesan waffle with tomato and basil gelée,dish_pictures/Chef_Laurent_Dupont-L'Etoile_d'Or-Amuse-Bouche-Crispy_Parmesan_waffle_with_tomato_and_basil_gelée.webp,artifacts/recipe_images/new_pngs/recipe-image-001-l-etoile-d-or-amuse-bouche.png,saved,
recipe-image-002-l-etoile-d-or-appetizer,L'Etoile d'Or,Appetizer,Caramelized scallops with cauliflower purée and truffle essence,dish_pictures/Chef_Laurent_Dupont-L'Etoile_d'Or-Appetizer-Caramelized_scallops_with_cauliflower_purée_and_truffle_essence.webp,artifacts/recipe_images/new_pngs/recipe-image-002-l-etoile-d-or-appetizer.png,saved,
recipe-image-003-l-etoile-d-or-soup,L'Etoile d'Or,Soup,Velvety butternut squash bisque with crème fraîche and sage croutons,dish_pictures/Chef_Laurent_Dupont-L'Etoile_d'Or-Soup-Velvety_butternut_squash_bisque_with_crème_fraîche_and_sage_croutons.webp,artifacts/recipe_images/new_pngs/recipe-image-003-l-etoile-d-or-soup.png,saved,
recipe-image-004-l-etoile-d-or-fish,L'Etoile d'Or,Fish,"Pan-seared turbot with Jerusalem artichoke purée, morel mushrooms, and beurre blanc","dish_pictures/Chef_Laurent_Dupont-L'Etoile_d'Or-Fish-Pan-seared_turbot_with_Jerusalem_artichoke_purée,_morel_mushrooms,_and_beurre_blanc.webp",artifacts/recipe_images/new_pngs/recipe-image-004-l-etoile-d-or-fish.png,saved,
recipe-image-005-l-etoile-d-or-meat,L'Etoile d'Or,Meat,"Roasted duck breast with figs, purple potatoes, and honey-thyme reduction","dish_pictures/Chef_Laurent_Dupont-L'Etoile_d'Or-Meat-Roasted_duck_breast_with_figs,_purple_potatoes,_and_honey-thyme_reduction.webp",artifacts/recipe_images/new_pngs/recipe-image-005-l-etoile-d-or-meat.png,saved,
recipe-image-006-l-etoile-d-or-cheese,L'Etoile d'Or,Cheese,Selection of artisanal French cheeses with quince paste and walnut bread,dish_pictures/Chef_Laurent_Dupont-L'Etoile_d'Or-Cheese-Selection_of_artisanal_French_cheeses_with_quince_paste_and_walnut_bread.webp,artifacts/recipe_images/new_pngs/recipe-image-006-l-etoile-d-or-cheese.png,saved,
recipe-image-007-l-etoile-d-or-dessert,L'Etoile d'Or,Dessert,Valrhona chocolate fondant with raspberry coulis and Tahitian vanilla ice cream,dish_pictures/Chef_Laurent_Dupont-L'Etoile_d'Or-Dessert-Valrhona_chocolate_fondant_with_raspberry_coulis_and_Tahitian_vanilla_ice_cream.webp,artifacts/recipe_images/new_pngs/recipe-image-007-l-etoile-d-or-dessert.png,saved,
recipe-image-008-sakura-no-hana-sakizuke,Sakura No Hana,Sakizuke,"Seasonal appetizer with Kyoto vegetables, tofu, and yuzu miso","dish_pictures/Chef_Katsuro_Tanaka-Sakura_No_Hana-Sakizuke-Seasonal_appetizer_with_Kyoto_vegetables,_tofu,_and_yuzu_miso.webp",artifacts/recipe_images/new_pngs/recipe-image-008-sakura-no-hana-sakizuke.png,saved,
recipe-image-009-sakura-no-hana-sashimi,Sakura No Hana,Sashimi,Assorted fresh sashimi selection served with house-made soy sauce and wasabi,dish_pictures/Chef_Katsuro_Tanaka-Sakura_No_Hana-Sashimi-Assorted_fresh_sashimi_selection_served_with_house-made_soy_sauce_and_wasabi.webp,artifacts/recipe_images/new_pngs/recipe-image-009-sakura-no-hana-sashimi.png,saved,
recipe-image-010-sakura-no-hana-nimono,Sakura No Hana,Nimono,"Simmered seasonal fish with daikon radish, ginger, and Kyoto miso","dish_pictures/Chef_Katsuro_Tanaka-Sakura_No_Hana-Nimono-Simmered_seasonal_fish_with_daikon_radish,_ginger,_and_Kyoto_miso.webp",artifacts/recipe_images/new_pngs/recipe-image-010-sakura-no-hana-nimono.png,saved,
recipe-image-011-sakura-no-hana-tempura,Sakura No Hana,Tempura,"Crispy tempura featuring seasonal vegetables and shrimp, served with matcha salt and tentsuyu sauce","dish_pictures/Chef_Katsuro_Tanaka-Sakura_No_Hana-Tempura-Crispy_tempura_featuring_seasonal_vegetables_and_shrimp,_served_with_matcha_salt_and_tentsuyu_sauce.webp",artifacts/recipe_images/new_pngs/recipe-image-011-sakura-no-hana-tempura.png,saved,
recipe-image-012-sakura-no-hana-yakimono,Sakura No Hana,Yakimono,"Grilled Wagyu beef with shiitake mushrooms, asparagus, and a yuzu-kosho sauce","dish_pictures/Chef_Katsuro_Tanaka-Sakura_No_Hana-Yakimono-Grilled_Wagyu_beef_with_shiitake_mushrooms,_asparagus,_and_a_yuzu-kosho_sauce.webp",artifacts/recipe_images/new_pngs/recipe-image-012-sakura-no-hana-yakimono.png,saved,
recipe-image-013-sakura-no-hana-gohan,Sakura No Hana,Gohan,"Koshihikari rice cooked with seasonal ingredients, miso soup, and pickles","dish_pictures/Chef_Katsuro_Tanaka-Sakura_No_Hana-Gohan-Koshihikari_rice_cooked_with_seasonal_ingredients,_miso_soup,_and_pickles.webp",artifacts/recipe_images/new_pngs/recipe-image-013-sakura-no-hana-gohan.png,saved,
recipe-image-014-sakura-no-hana-dessert,Sakura No Hana,Dessert,Matcha mousse with azuki bean paste and yuzu sorbet,dish_pictures/Chef_Katsuro_Tanaka-Sakura_No_Hana-Dessert-Matcha_mousse_with_azuki_bean_paste_and_yuzu_sorbet.webp,artifacts/recipe_images/new_pngs/recipe-image-014-sakura-no-hana-dessert.png,saved,
recipe-image-015-taman-sari-amuse-bouche,Taman Sari,Amuse-Bouche,Balinese spiced tuna tartare on crispy cassava chip,dish_pictures/Chef_Made_Agus-Taman_Sari-Amuse-Bouche-Balinese_spiced_tuna_tartare_on_crispy_cassava_chip.webp,artifacts/recipe_images/new_pngs/recipe-image-015-taman-sari-amuse-bouche.png,saved,
recipe-image-016-taman-sari-appetizer,Taman Sari,Appetizer,Gado-gado salad with peanut sauce and fresh local vegetables,dish_pictures/Chef_Made_Agus-Taman_Sari-Appetizer-Gado-gado_salad_with_peanut_sauce_and_fresh_local_vegetables.webp,artifacts/recipe_images/new_pngs/recipe-image-016-taman-sari-appetizer.png,saved,
recipe-image-017-taman-sari-soup,Taman Sari,Soup,"Soto Ayam, a traditional Indonesian chicken soup with lemongrass, turmeric, and glass noodles","dish_pictures/Chef_Made_Agus-Taman_Sari-Soup-Soto_Ayam,_a_traditional_Indonesian_chicken_soup_with_lemongrass,_turmeric,_and_glass_noodles.webp",artifacts/recipe_images/new_pngs/recipe-image-017-taman-sari-soup.png,saved,
recipe-image-018-taman-sari-fish,Taman Sari,Fish,"Ikan Bakar, grilled Jimbaran Bay fish with sambal matah and steamed rice","dish_pictures/Chef_Made_Agus-Taman_Sari-Fish-Ikan_Bakar,_grilled_Jimbaran_Bay_fish_with_sambal_matah_and_steamed_rice.webp",artifacts/recipe_images/new_pngs/recipe-image-018-taman-sari-fish.png,saved,
recipe-image-019-taman-sari-meat,Taman Sari,Meat,"Babi Guling, Balinese roast suckling pig with urap vegetables and lawar salad","dish_pictures/Chef_Made_Agus-Taman_Sari-Meat-Babi_Guling,_Balinese_roast_suckling_pig_with_urap_vegetables_and_lawar_salad.webp",artifacts/recipe_images/new_pngs/recipe-image-019-taman-sari-meat.png,saved,
recipe-image-020-taman-sari-dessert,Taman Sari,Dessert,"Dadar Gulung, coconut crepes with palm sugar syrup and vanilla ice cream","dish_pictures/Chef_Made_Agus-Taman_Sari-Dessert-Dadar_Gulung,_coconut_crepes_with_palm_sugar_syrup_and_vanilla_ice_cream.webp",artifacts/recipe_images/new_pngs/recipe-image-020-taman-sari-dessert.png,saved,
recipe-image-021-le-lagon-amuse-bouche,Le Lagon,Amuse-Bouche,Tahitian-style poisson cru with coconut milk and lime,dish_pictures/Chef_Matthieu_Guérin-Le_Lagon-Amuse-Bouche-Tahitian-style_poisson_cru_with_coconut_milk_and_lime.webp,artifacts/recipe_images/new_pngs/recipe-image-021-le-lagon-amuse-bouche.png,saved,
recipe-image-022-le-lagon-appetizer,Le Lagon,Appetizer,Grilled octopus with mango salsa and vanilla-infused olive oil,dish_pictures/Chef_Matthieu_Guérin-Le_Lagon-Appetizer-Grilled_octopus_with_mango_salsa_and_vanilla-infused_olive_oil.webp,artifacts/recipe_images/new_pngs/recipe-image-022-le-lagon-appetizer.png,saved,
recipe-image-023-le-lagon-soup,Le Lagon,Soup,Chilled cucumber and pineapple soup with mint and rum-infused yogurt,dish_pictures/Chef_Matthieu_Guérin-Le_Lagon-Soup-Chilled_cucumber_and_pineapple_soup_with_mint_and_rum-infused_yogurt.webp,artifacts/recipe_images/new_pngs/recipe-image-023-le-lagon-soup.png,saved,
recipe-image-024-le-lagon-fish,Le Lagon,Fish,"Pan-seared mahi-mahi with sweet potato purée, sautéed bok choy, and passionfruit beurre blanc","dish_pictures/Chef_Matthieu_Guérin-Le_Lagon-Fish-Pan-seared_mahi-mahi_with_sweet_potato_purée,_sautéed_bok_choy,_and_passionfruit_beurre_blanc.webp",artifacts/recipe_images/new_pngs/recipe-image-024-le-lagon-fish.png,saved,
recipe-image-025-le-lagon-meat,Le Lagon,Meat,"Grilled New Zealand lamb chops with taro root gratin, broccolini, and rosemary jus","dish_pictures/Chef_Matthieu_Guérin-Le_Lagon-Meat-Grilled_New_Zealand_lamb_chops_with_taro_root_gratin,_broccolini,_and_rosemary_jus.webp",artifacts/recipe_images/new_pngs/recipe-image-025-le-lagon-meat.png,saved,
recipe-image-026-le-lagon-dessert,Le Lagon,Dessert,Vanilla bean panna cotta with poached papaya and coconut tuile,dish_pictures/Chef_Matthieu_Guérin-Le_Lagon-Dessert-Vanilla_bean_panna_cotta_with_poached_papaya_and_coconut_tuile.webp,artifacts/recipe_images/new_pngs/recipe-image-026-le-lagon-dessert.png,saved,
recipe-image-027-inti-raymi-amuse-bouche,Inti Raymi,Amuse-Bouche,Purple corn crisp with avocado mousse and trout ceviche,dish_pictures/Chef_Alejandro_Sánchez-Inti_Raymi-Amuse-Bouche-Purple_corn_crisp_with_avocado_mousse_and_trout_ceviche.webp,artifacts/recipe_images/new_pngs/recipe-image-027-inti-raymi-amuse-bouche.png,saved,
recipe-image-028-inti-raymi-appetizer,Inti Raymi,Appetizer,"Peruvian causa with layers of potato, aji amarillo, and crab salad","dish_pictures/Chef_Alejandro_Sánchez-Inti_Raymi-Appetizer-Peruvian_causa_with_layers_of_potato,_aji_amarillo,_and_crab_salad.webp",artifacts/recipe_images/new_pngs/recipe-image-028-inti-raymi-appetizer.png,saved,
recipe-image-029-inti-raymi-soup,Inti Raymi,Soup,Quinoa and Andean cheese chowder with roasted corn and huacatay,dish_pictures/Chef_Alejandro_Sánchez-Inti_Raymi-Soup-Quinoa_and_Andean_cheese_chowder_with_roasted_corn_and_huacatay.webp,artifacts/recipe_images/new_pngs/recipe-image-029-inti-raymi-soup.png,saved,
recipe-image-030-inti-raymi-fish,Inti Raymi,Fish,"Amazonian paiche with aji panca glaze, yucca purée, and sautéed kale","dish_pictures/Chef_Alejandro_Sánchez-Inti_Raymi-Fish-Amazonian_paiche_with_aji_panca_glaze,_yucca_purée,_and_sautéed_kale.webp",artifacts/recipe_images/new_pngs/recipe-image-030-inti-raymi-fish.png,saved,
recipe-image-031-inti-raymi-meat,Inti Raymi,Meat,Alpaca tenderloin with Peruvian corn succotash and rocoto pepper sauce,dish_pictures/Chef_Alejandro_Sánchez-Inti_Raymi-Meat-Alpaca_tenderloin_with_Peruvian_corn_succotash_and_rocoto_pepper_sauce.webp,artifacts/recipe_images/new_pngs/recipe-image-031-inti-raymi-meat.png,saved,
recipe-image-032-inti-raymi-dessert,Inti Raymi,Dessert,Lucuma mousse with maracuya coulis and chocolate crumble,dish_pictures/Chef_Alejandro_Sánchez-Inti_Raymi-Dessert-Lucuma_mousse_with_maracuya_coulis_and_chocolate_crumble.webp,artifacts/recipe_images/new_pngs/recipe-image-032-inti-raymi-dessert.png,saved,
recipe-image-033-majani-amuse-bouche,Majani,Amuse-Bouche,Biltong-spiced beef carpaccio with microgreens and lemon vinaigrette,dish_pictures/Chef_Amani_Sudi-Majani-Amuse-Bouche-Biltong-spiced_beef_carpaccio_with_microgreens_and_lemon_vinaigrette.webp,artifacts/recipe_images/new_pngs/recipe-image-033-majani-amuse-bouche.png,saved,
recipe-image-034-majani-appetizer,Majani,Appetizer,"Grilled tiger prawns with mango and avocado salad, and a chili-lime dressing","dish_pictures/Chef_Amani_Sudi-Majani-Appetizer-Grilled_tiger_prawns_with_mango_and_avocado_salad,_and_a_chili-lime_dressing.webp",artifacts/recipe_images/new_pngs/recipe-image-034-majani-appetizer.png,saved,
recipe-image-035-majani-soup,Majani,Soup,"Roasted butternut squash soup with coconut cream, pumpkin seeds, and coriander","dish_pictures/Chef_Amani_Sudi-Majani-Soup-Roasted_butternut_squash_soup_with_coconut_cream,_pumpkin_seeds,_and_coriander.webp",artifacts/recipe_images/new_pngs/recipe-image-035-majani-soup.png,saved,
recipe-image-036-majani-fish,Majani,Fish,"Pan-seared Nile perch with okra, tomatoes, and an aromatic tamarind sauce","dish_pictures/Chef_Amani_Sudi-Majani-Fish-Pan-seared_Nile_perch_with_okra,_tomatoes,_and_an_aromatic_tamarind_sauce.webp",artifacts/recipe_images/new_pngs/recipe-image-036-majani-fish.png,saved,
recipe-image-037-majani-meat,Majani,Meat,"Safari-spiced ostrich fillet with sweet potato mash, sautéed spinach, and red wine reduction","dish_pictures/Chef_Amani_Sudi-Majani-Meat-Safari-spiced_ostrich_fillet_with_sweet_potato_mash,_sautéed_spinach,_and_red_wine_reduction.webp",artifacts/recipe_images/new_pngs/recipe-image-037-majani-meat.png,saved,
recipe-image-038-majani-dessert,Majani,Dessert,Amarula-infused chocolate fondant with raspberry coulis and vanilla ice cream,dish_pictures/Chef_Amani_Sudi-Majani-Dessert-Amarula-infused_chocolate_fondant_with_raspberry_coulis_and_vanilla_ice_cream.webp,artifacts/recipe_images/new_pngs/recipe-image-038-majani-dessert.png,saved,
recipe-image-039-la-serenissima-amuse-bouche,La Serenissima,Amuse-Bouche,Crispy polenta with black truffle and Parmigiano-Reggiano foam,dish_pictures/Chef_Giuseppe_Di_Martino-La_Serenissima-Amuse-Bouche-Crispy_polenta_with_black_truffle_and_Parmigiano-Reggiano_foam.webp,artifacts/recipe_images/new_pngs/recipe-image-039-la-serenissima-amuse-bouche.png,saved,
recipe-image-040-la-serenissima-appetizer,La Serenissima,Appetizer,"Seared scallops with artichoke purée, crispy pancetta, and lemon-infused olive oil","dish_pictures/Chef_Giuseppe_Di_Martino-La_Serenissima-Appetizer-Seared_scallops_with_artichoke_purée,_crispy_pancetta,_and_lemon-infused_olive_oil.webp",artifacts/recipe_images/new_pngs/recipe-image-040-la-serenissima-appetizer.png,saved,
recipe-image-041-la-serenissima-pasta,La Serenissima,Pasta,"Homemade squid ink tagliolini with lobster, cherry tomatoes, and basil","dish_pictures/Chef_Giuseppe_Di_Martino-La_Serenissima-Pasta-Homemade_squid_ink_tagliolini_with_lobster,_cherry_tomatoes,_and_basil.webp",artifacts/recipe_images/new_pngs/recipe-image-041-la-serenissima-pasta.png,saved,
recipe-image-042-la-serenissima-fish,La Serenissima,Fish,"Pan-seared turbot with fennel confit, olives, and a saffron-orange emulsion","dish_pictures/Chef_Giuseppe_Di_Martino-La_Serenissima-Fish-Pan-seared_turbot_with_fennel_confit,_olives,_and_a_saffron-orange_emulsion.webp",artifacts/recipe_images/new_pngs/recipe-image-042-la-serenissima-fish.png,saved,
recipe-image-043-la-serenissima-meat,La Serenissima,Meat,"Veal tenderloin with porcini mushrooms, truffled potato purée, and Barolo reduction","dish_pictures/Chef_Giuseppe_Di_Martino-La_Serenissima-Meat-Veal_tenderloin_with_porcini_mushrooms,_truffled_potato_purée,_and_Barolo_reduction.webp",artifacts/recipe_images/new_pngs/recipe-image-043-la-serenissima-meat.png,saved,
recipe-image-044-la-serenissima-dessert,La Serenissima,Dessert,Tiramisù semifreddo with espresso sauce and cocoa nibs,dish_pictures/Chef_Giuseppe_Di_Martino-La_Serenissima-Dessert-Tiramisù_semifreddo_with_espresso_sauce_and_cocoa_nibs.webp,artifacts/recipe_images/new_pngs/recipe-image-044-la-serenissima-dessert.png,saved,
recipe-image-045-le-paradis-des-douceurs-amuse-bouche,Le Paradis des Douceurs,Amuse-Bouche,Mini raspberry macarons with rose petal cream,dish_pictures/Chef_Juliette_Dubois-Le_Paradis_des_Douceurs-Amuse-Bouche-Mini_raspberry_macarons_with_rose_petal_cream.webp,artifacts/recipe_images/new_pngs/recipe-image-045-le-paradis-des-douceurs-amuse-bouche.png,saved,
recipe-image-046-le-paradis-des-douceurs-appetizer,Le Paradis des Douceurs,Appetizer,Exotic fruit carpaccio with lime zest and mint-infused syrup,dish_pictures/Chef_Juliette_Dubois-Le_Paradis_des_Douceurs-Appetizer-Exotic_fruit_carpaccio_with_lime_zest_and_mint-infused_syrup.webp,artifacts/recipe_images/new_pngs/recipe-image-046-le-paradis-des-douceurs-appetizer.png,saved,
recipe-image-047-le-paradis-des-douceurs-soufflé,Le Paradis des Douceurs,Soufflé,Grand Marnier soufflé with candied orange peel,dish_pictures/Chef_Juliette_Dubois-Le_Paradis_des_Douceurs-Soufflé-Grand_Marnier_soufflé_with_candied_orange_peel.webp,artifacts/recipe_images/new_pngs/recipe-image-047-le-paradis-des-douceurs-soufflé.png,saved,
recipe-image-048-le-paradis-des-douceurs-tarte,Le Paradis des Douceurs,Tarte,"Tarte Tatin with caramelized apples, puff pastry, and vanilla crème fraîche","dish_pictures/Chef_Juliette_Dubois-Le_Paradis_des_Douceurs-Tarte-Tarte_Tatin_with_caramelized_apples,_puff_pastry,_and_vanilla_crème_fraîche.webp",artifacts/recipe_images/new_pngs/recipe-image-048-le-paradis-des-douceurs-tarte.png,saved,
recipe-image-049-le-paradis-des-douceurs-mousse,Le Paradis des Douceurs,Mousse,Dark chocolate mousse with hazelnut praline and gold leaf,dish_pictures/Chef_Juliette_Dubois-Le_Paradis_des_Douceurs-Mousse-Dark_chocolate_mousse_with_hazelnut_praline_and_gold_leaf.webp,artifacts/recipe_images/new_pngs/recipe-image-049-le-paradis-des-douceurs-mousse.png,saved,
recipe-image-050-le-paradis-des-douceurs-petit-fours,Le Paradis des Douceurs,Petit Fours,"Assorted French petit fours éclairs, madeleines, and financiers","dish_pictures/Chef_Juliette_Dubois-Le_Paradis_des_Douceurs-Petit_Fours-Assorted_French_petit_fours_éclairs,_madeleines,_and_financiers.webp",artifacts/recipe_images/new_pngs/recipe-image-050-le-paradis-des-douceurs-petit-fours.png,saved,
recipe-image-051-l-étoile-des-neiges-amuse-bouche,L'Étoile des Neiges,Amuse-Bouche,Beetroot-cured salmon with horseradish cream and microgreens,dish_pictures/Chef_Élodie_Moreau-L'Étoile_des_Neiges-Amuse-Bouche-Beetroot-cured_salmon_with_horseradish_cream_and_microgreens.webp,artifacts/recipe_images/new_pngs/recipe-image-051-l-étoile-des-neiges-amuse-bouche.png,saved,
recipe-image-052-l-étoile-des-neiges-appetizer,L'Étoile des Neiges,Appetizer,Seared foie gras with spiced pear chutney and toasted brioche,dish_pictures/Chef_Élodie_Moreau-L'Étoile_des_Neiges-Appetizer-Seared_foie_gras_with_spiced_pear_chutney_and_toasted_brioche.webp,artifacts/recipe_images/new_pngs/recipe-image-052-l-étoile-des-neiges-appetizer.png,saved,
recipe-image-053-l-étoile-des-neiges-soup,L'Étoile des Neiges,Soup,Creamy wild mushroom soup with crispy bacon and chives,dish_pictures/Chef_Élodie_Moreau-L'Étoile_des_Neiges-Soup-Creamy_wild_mushroom_soup_with_crispy_bacon_and_chives.webp,artifacts/recipe_images/new_pngs/recipe-image-053-l-étoile-des-neiges-soup.png,saved,
recipe-image-054-l-étoile-des-neiges-pasta,L'Étoile des Neiges,Pasta,"Savoyard-style gnocchi with Reblochon cheese, lardons, and caramelized onions","dish_pictures/Chef_Élodie_Moreau-L'Étoile_des_Neiges-Pasta-Savoyard-style_gnocchi_with_Reblochon_cheese,_lardons,_and_caramelized_onions.webp",artifacts/recipe_images/new_pngs/recipe-image-054-l-étoile-des-neiges-pasta.png,saved,
recipe-image-055-l-étoile-des-neiges-meat,L'Étoile des Neiges,Meat,"Roasted venison loin with parsnip purée, Brussels sprouts, and juniper berry sauce","dish_pictures/Chef_Élodie_Moreau-L'Étoile_des_Neiges-Meat-Roasted_venison_loin_with_parsnip_purée,_Brussels_sprouts,_and_juniper_berry_sauce.webp",artifacts/recipe_images/new_pngs/recipe-image-055-l-étoile-des-neiges-meat.png,saved,
recipe-image-056-l-étoile-des-neiges-dessert,L'Étoile des Neiges,Dessert,Warm chocolate fondant with raspberry coulis and pistachio ice cream,dish_pictures/Chef_Élodie_Moreau-L'Étoile_des_Neiges-Dessert-Warm_chocolate_fondant_with_raspberry_coulis_and_pistachio_ice_cream.webp,artifacts/recipe_images/new_pngs/recipe-image-056-l-étoile-des-neiges-dessert.png,saved,
recipe-image-057-nordic-essence-amuse-bouche,Nordic Essence,Amuse-Bouche,Crispy reindeer moss with mushroom powder and fermented lingonberries,dish_pictures/Chef_Akseli_Korhonen-Nordic_Essence-Amuse-Bouche-Crispy_reindeer_moss_with_mushroom_powder_and_fermented_lingonberries.webp,artifacts/recipe_images/new_pngs/recipe-image-057-nordic-essence-amuse-bouche.png,saved,
recipe-image-058-nordic-essence-appetizer,Nordic Essence,Appetizer,"Smoked eel with pickled cucumber, horseradish cream, and dill oil","dish_pictures/Chef_Akseli_Korhonen-Nordic_Essence-Appetizer-Smoked_eel_with_pickled_cucumber,_horseradish_cream,_and_dill_oil.webp",artifacts/recipe_images/new_pngs/recipe-image-058-nordic-essence-appetizer.png,saved,
recipe-image-059-nordic-essence-fish,Nordic Essence,Fish,"Roasted Arctic char with beetroot purée, preserved lemon, and sea buckthorn","dish_pictures/Chef_Akseli_Korhonen-Nordic_Essence-Fish-Roasted_Arctic_char_with_beetroot_purée,_preserved_lemon,_and_sea_buckthorn.webp",artifacts/recipe_images/new_pngs/recipe-image-059-nordic-essence-fish.png,saved,
recipe-image-060-nordic-essence-bird,Nordic Essence,Bird,"Wild duck breast with caramelized celeriac, blackcurrants, and a juniper berry jus","dish_pictures/Chef_Akseli_Korhonen-Nordic_Essence-Bird-Wild_duck_breast_with_caramelized_celeriac,_blackcurrants,_and_a_juniper_berry_jus.webp",artifacts/recipe_images/new_pngs/recipe-image-060-nordic-essence-bird.png,saved,
recipe-image-061-nordic-essence-meat,Nordic Essence,Meat,"Elk tartare with smoked egg yolk, caper berries, and foraged herbs","dish_pictures/Chef_Akseli_Korhonen-Nordic_Essence-Meat-Elk_tartare_with_smoked_egg_yolk,_caper_berries,_and_foraged_herbs.webp",artifacts/recipe_images/new_pngs/recipe-image-061-nordic-essence-meat.png,saved,
recipe-image-062-nordic-essence-cheese,Nordic Essence,Cheese,Selection of Nordic cheeses with Finnish cloudberry jam and crisp rye bread,dish_pictures/Chef_Akseli_Korhonen-Nordic_Essence-Cheese-Selection_of_Nordic_cheeses_with_Finnish_cloudberry_jam_and_crisp_rye_bread.webp,artifacts/recipe_images/new_pngs/recipe-image-062-nordic-essence-cheese.png,saved,
recipe-image-063-nordic-essence-dessert,Nordic Essence,Dessert,Birch sap sorbet with wild blueberries and spruce needle meringue,dish_pictures/Chef_Akseli_Korhonen-Nordic_Essence-Dessert-Birch_sap_sorbet_with_wild_blueberries_and_spruce_needle_meringue.webp,artifacts/recipe_images/new_pngs/recipe-image-063-nordic-essence-dessert.png,saved,
recipe-image-064-deutscher-geschmack-amuse-bouche,Deutscher Geschmack,Amuse-Bouche,Miniature potato pancake with smoked salmon and horseradish cream,dish_pictures/Chef_Lukas_Müller-Deutscher_Geschmack-Amuse-Bouche-Miniature_potato_pancake_with_smoked_salmon_and_horseradish_cream.webp,artifacts/recipe_images/new_pngs/recipe-image-064-deutscher-geschmack-amuse-bouche.png,saved,
recipe-image-065-deutscher-geschmack-appetizer,Deutscher Geschmack,Appetizer,"Pan-seared duck liver with apple compote, brioche, and aged balsamic","dish_pictures/Chef_Lukas_Müller-Deutscher_Geschmack-Appetizer-Pan-seared_duck_liver_with_apple_compote,_brioche,_and_aged_balsamic.webp",artifacts/recipe_images/new_pngs/recipe-image-065-deutscher-geschmack-appetizer.png,saved,
recipe-image-066-deutscher-geschmack-soup,Deutscher Geschmack,Soup,Creamy white asparagus soup with chervil and toasted almonds,dish_pictures/Chef_Lukas_Müller-Deutscher_Geschmack-Soup-Creamy_white_asparagus_soup_with_chervil_and_toasted_almonds.webp,artifacts/recipe_images/new_pngs/recipe-image-066-deutscher-geschmack-soup.png,saved,
recipe-image-067-deutscher-geschmack-fish,Deutscher Geschmack,Fish,"Braised monkfish with cabbage, bacon, and Riesling cream sauce","dish_pictures/Chef_Lukas_Müller-Deutscher_Geschmack-Fish-Braised_monkfish_with_cabbage,_bacon,_and_Riesling_cream_sauce.webp",artifacts/recipe_images/new_pngs/recipe-image-067-deutscher-geschmack-fish.png,saved,
recipe-image-068-deutscher-geschmack-meat,Deutscher Geschmack,Meat,"Venison medallions with red cabbage, spätzle, and lingonberry sauce","dish_pictures/Chef_Lukas_Müller-Deutscher_Geschmack-Meat-Venison_medallions_with_red_cabbage,_spätzle,_and_lingonberry_sauce.webp",artifacts/recipe_images/new_pngs/recipe-image-068-deutscher-geschmack-meat.png,saved,
recipe-image-069-deutscher-geschmack-dessert,Deutscher Geschmack,Dessert,Black Forest cake with cherry compote and kirsch-infused whipped cream,dish_pictures/Chef_Lukas_Müller-Deutscher_Geschmack-Dessert-Black_Forest_cake_with_cherry_compote_and_kirsch-infused_whipped_cream.webp,artifacts/recipe_images/new_pngs/recipe-image-069-deutscher-geschmack-dessert.png,saved,
recipe-image-070-the-red-planet-bistro-amuse-bouche,The Red Planet Bistro,Amuse-Bouche,Martian soil-cultivated microgreen salad with synthesized honey-mustard vinaigrette,dish_pictures/Chef_Elon_Ray-The_Red_Planet_Bistro-Amuse-Bouche-Martian_soil-cultivated_microgreen_salad_with_synthesized_honey-mustard_vinaigrette.webp,artifacts/recipe_images/new_pngs/recipe-image-070-the-red-planet-bistro-amuse-bouche.png,saved,
recipe-image-071-the-red-planet-bistro-appetizer,The Red Planet Bistro,Appetizer,Lab-grown shrimp cocktail with spicy tomato gel and hydroponic dill,dish_pictures/Chef_Elon_Ray-The_Red_Planet_Bistro-Appetizer-Lab-grown_shrimp_cocktail_with_spicy_tomato_gel_and_hydroponic_dill.webp,artifacts/recipe_images/new_pngs/recipe-image-071-the-red-planet-bistro-appetizer.png,saved,
recipe-image-072-the-red-planet-bistro-soup,The Red Planet Bistro,Soup,Cream of Martian potato soup with cultured sour cream and bio-printed chives,dish_pictures/Chef_Elon_Ray-The_Red_Planet_Bistro-Soup-Cream_of_Martian_potato_soup_with_cultured_sour_cream_and_bio-printed_chives.webp,artifacts/recipe_images/new_pngs/recipe-image-072-the-red-planet-bistro-soup.png,saved,
recipe-image-073-the-red-planet-bistro-main-course,The Red Planet Bistro,Main Course,"Cellular agriculture steak with Mars-grown mushroom sauce, hydroponic vegetables, and red dust-infused demi-glace","dish_pictures/Chef_Elon_Ray-The_Red_Planet_Bistro-Main_Course-Cellular_agriculture_steak_with_Mars-grown_mushroom_sauce,_hydroponic_vegetables,_and_red_dust-infused_demi-glace.webp",artifacts/recipe_images/new_pngs/recipe-image-073-the-red-planet-bistro-main-course.png,saved,
recipe-image-074-the-red-planet-bistro-dessert,The Red Planet Bistro,Dessert,Galactic chocolate mousse with edible holographic fruit garnish,dish_pictures/Chef_Elon_Ray-The_Red_Planet_Bistro-Dessert-Galactic_chocolate_mousse_with_edible_holographic_fruit_garnish.webp,artifacts/recipe_images/new_pngs/recipe-image-074-the-red-planet-bistro-dessert.png,saved,
recipe-image-075-verdant-elegance-amuse-bouche,Verdant Elegance,Amuse-Bouche,Heirloom tomato tartare with basil microgreens and pine nut 'Parmesan',dish_pictures/Chef_Isabella_Green-Verdant_Elegance-Amuse-Bouche-Heirloom_tomato_tartare_with_basil_microgreens_and_pine_nut_'Parmesan'.webp,artifacts/recipe_images/new_pngs/recipe-image-075-verdant-elegance-amuse-bouche.png,saved,
recipe-image-076-verdant-elegance-appetizer,Verdant Elegance,Appetizer,Wild mushroom carpaccio with black truffle vinaigrette and vegan 'foie gras',dish_pictures/Chef_Isabella_Green-Verdant_Elegance-Appetizer-Wild_mushroom_carpaccio_with_black_truffle_vinaigrette_and_vegan_'foie_gras'.webp,artifacts/recipe_images/new_pngs/recipe-image-076-verdant-elegance-appetizer.png,saved,
recipe-image-077-verdant-elegance-soup,Verdant Elegance,Soup,Chilled sweet corn velouté with avocado mousse and chipotle-infused oil,dish_pictures/Chef_Isabella_Green-Verdant_Elegance-Soup-Chilled_sweet_corn_velouté_with_avocado_mousse_and_chipotle-infused_oil.webp,artifacts/recipe_images/new_pngs/recipe-image-077-verdant-elegance-soup.png,saved,
recipe-image-078-verdant-elegance-pasta,Verdant Elegance,Pasta,House-made artichoke and cashew ricotta tortellini with sun-dried tomato sauce and crispy sage,dish_pictures/Chef_Isabella_Green-Verdant_Elegance-Pasta-House-made_artichoke_and_cashew_ricotta_tortellini_with_sun-dried_tomato_sauce_and_crispy_sage.webp,artifacts/recipe_images/new_pngs/recipe-image-078-verdant-elegance-pasta.png,saved,
recipe-image-079-verdant-elegance-main-course,Verdant Elegance,Main Course,Pan-seared black garlic and porcini-crusted king oyster mushroom 'scallops' with saffron-infused cauliflower purée and microgreens,dish_pictures/Chef_Isabella_Green-Verdant_Elegance-Main_Course-Pan-seared_black_garlic_and_porcini-crusted_king_oyster_mushroom_'scallops'_with_saffron-infused_cauliflower_purée_and_microgreens.webp,artifacts/recipe_images/new_pngs/recipe-image-079-verdant-elegance-main-course.png,saved,
recipe-image-080-verdant-elegance-dessert,Verdant Elegance,Dessert,Triple-layered dark chocolate and hazelnut mousse cake with edible gold leaf and raspberry coulis,dish_pictures/Chef_Isabella_Green-Verdant_Elegance-Dessert-Triple-layered_dark_chocolate_and_hazelnut_mousse_cake_with_edible_gold_leaf_and_raspberry_coulis.webp,artifacts/recipe_images/new_pngs/recipe-image-080-verdant-elegance-dessert.png,saved,
recipe-image-081-verdant-elegance-petit-fours,Verdant Elegance,Petit Fours,"Assorted vegan petit fours- passion fruit truffles, matcha macarons, and raspberry-filled chocolates","dish_pictures/Chef_Isabella_Green-Verdant_Elegance-Petit_Fours-Assorted_vegan_petit_fours-_passion_fruit_truffles,_matcha_macarons,_and_raspberry-filled_chocolates.webp",artifacts/recipe_images/new_pngs/recipe-image-081-verdant-elegance-petit-fours.png,saved,
recipe-image-082-fisherman-s-grill-appetizer,Fisherman's Grill,Appetizer,"Grilled octopus with cherry tomatoes, kalamata olives, and lemon-garlic dressing","dish_pictures/Chef_Ahmed_Naseer-Fisherman's_Grill-Appetizer-Grilled_octopus_with_cherry_tomatoes,_kalamata_olives,_and_lemon-garlic_dressing.webp",artifacts/recipe_images/new_pngs/recipe-image-082-fisherman-s-grill-appetizer.png,saved,
recipe-image-083-fisherman-s-grill-fish,Fisherman's Grill,Fish,"Charcoal-grilled red snapper with tamarind glaze, mango salsa, and coconut rice","dish_pictures/Chef_Ahmed_Naseer-Fisherman's_Grill-Fish-Charcoal-grilled_red_snapper_with_tamarind_glaze,_mango_salsa,_and_coconut_rice.webp",artifacts/recipe_images/new_pngs/recipe-image-083-fisherman-s-grill-fish.png,saved,
recipe-image-084-fisherman-s-grill-seafood,Fisherman's Grill,Seafood,"Mixed seafood grill with jumbo prawns, calamari, and scallops, served with a spicy tomato sauce","dish_pictures/Chef_Ahmed_Naseer-Fisherman's_Grill-Seafood-Mixed_seafood_grill_with_jumbo_prawns,_calamari,_and_scallops,_served_with_a_spicy_tomato_sauce.webp",artifacts/recipe_images/new_pngs/recipe-image-084-fisherman-s-grill-seafood.png,saved,
recipe-image-085-fisherman-s-grill-meat,Fisherman's Grill,Meat,"Grilled lamb chops with rosemary marinade, ratatouille, and mint yogurt","dish_pictures/Chef_Ahmed_Naseer-Fisherman's_Grill-Meat-Grilled_lamb_chops_with_rosemary_marinade,_ratatouille,_and_mint_yogurt.webp",artifacts/recipe_images/new_pngs/recipe-image-085-fisherman-s-grill-meat.png,saved,
recipe-image-086-fisherman-s-grill-dessert,Fisherman's Grill,Dessert,Coconut panna cotta with passion fruit coulis and toasted coconut flakes,dish_pictures/Chef_Ahmed_Naseer-Fisherman's_Grill-Dessert-Coconut_panna_cotta_with_passion_fruit_coulis_and_toasted_coconut_flakes.webp,artifacts/recipe_images/new_pngs/recipe-image-086-fisherman-s-grill-dessert.png,saved,
recipe-image-087-fisherman-s-grill-dessert,Fisherman's Grill,Dessert,Grilled pineapple with rum caramel sauce and vanilla ice cream,dish_pictures/Chef_Ahmed_Naseer-Fisherman's_Grill-Dessert-Grilled_pineapple_with_rum_caramel_sauce_and_vanilla_ice_cream.webp,artifacts/recipe_images/new_pngs/recipe-image-087-fisherman-s-grill-dessert.png,saved,
recipe-image-088-fisherman-s-grill-dessert,Fisherman's Grill,Dessert,Warm chocolate lava cake with coconut ice cream and macadamia nuts,dish_pictures/Chef_Ahmed_Naseer-Fisherman's_Grill-Dessert-Warm_chocolate_lava_cake_with_coconut_ice_cream_and_macadamia_nuts.webp,artifacts/recipe_images/new_pngs/recipe-image-088-fisherman-s-grill-dessert.png,saved,
recipe-image-089-imperial-caviar-amuse-bouche,Imperial Caviar,Amuse-Bouche,Blini with smoked salmon and Ossetra caviar,dish_pictures/Chef_Dimitri_Petrov-Imperial_Caviar-Amuse-Bouche-Blini_with_smoked_salmon_and_Ossetra_caviar.webp,artifacts/recipe_images/new_pngs/recipe-image-089-imperial-caviar-amuse-bouche.png,saved,
recipe-image-090-imperial-caviar-appetizer,Imperial Caviar,Appetizer,Beetroot and vodka-cured sturgeon with horseradish cream,dish_pictures/Chef_Dimitri_Petrov-Imperial_Caviar-Appetizer-Beetroot_and_vodka-cured_sturgeon_with_horseradish_cream.webp,artifacts/recipe_images/new_pngs/recipe-image-090-imperial-caviar-appetizer.png,saved,
recipe-image-091-imperial-caviar-soup,Imperial Caviar,Soup,Traditional Russian borscht with sour cream and pumpernickel bread,dish_pictures/Chef_Dimitri_Petrov-Imperial_Caviar-Soup-Traditional_Russian_borscht_with_sour_cream_and_pumpernickel_bread.webp,artifacts/recipe_images/new_pngs/recipe-image-091-imperial-caviar-soup.png,saved,
recipe-image-092-imperial-caviar-fish,Imperial Caviar,Fish,"Pan-fried halibut with celeriac puree, wilted spinach, and dill beurre blanc","dish_pictures/Chef_Dimitri_Petrov-Imperial_Caviar-Fish-Pan-fried_halibut_with_celeriac_puree,_wilted_spinach,_and_dill_beurre_blanc.webp",artifacts/recipe_images/new_pngs/recipe-image-092-imperial-caviar-fish.png,saved,
recipe-image-093-imperial-caviar-meat,Imperial Caviar,Meat,"Venison medallions with wild mushrooms, truffled potato gratin, and juniper berry sauce","dish_pictures/Chef_Dimitri_Petrov-Imperial_Caviar-Meat-Venison_medallions_with_wild_mushrooms,_truffled_potato_gratin,_and_juniper_berry_sauce.webp",artifacts/recipe_images/new_pngs/recipe-image-093-imperial-caviar-meat.png,saved,
recipe-image-094-imperial-caviar-cheese,Imperial Caviar,Cheese,Selection of Russian artisanal cheeses with lingonberry jam and rye crackers,dish_pictures/Chef_Dimitri_Petrov-Imperial_Caviar-Cheese-Selection_of_Russian_artisanal_cheeses_with_lingonberry_jam_and_rye_crackers.webp,artifacts/recipe_images/new_pngs/recipe-image-094-imperial-caviar-cheese.png,saved,
recipe-image-095-imperial-caviar-dessert,Imperial Caviar,Dessert,Honey cake with sour cream frosting and raspberry coulis,dish_pictures/Chef_Dimitri_Petrov-Imperial_Caviar-Dessert-Honey_cake_with_sour_cream_frosting_and_raspberry_coulis.webp,artifacts/recipe_images/new_pngs/recipe-image-095-imperial-caviar-dessert.png,saved,
recipe-image-096-alcazar-amuse-bouche,Alcazar,Amuse-Bouche,Dates stuffed with goat cheese and crushed pistachios,dish_pictures/Chef_Farid_Al-Rashid-Alcazar-Amuse-Bouche-Dates_stuffed_with_goat_cheese_and_crushed_pistachios.webp,artifacts/recipe_images/new_pngs/recipe-image-096-alcazar-amuse-bouche.png,saved,
recipe-image-097-alcazar-appetizer,Alcazar,Appetizer,Pan-seared scallops with saffron and orange-infused cauliflower purée,dish_pictures/Chef_Farid_Al-Rashid-Alcazar-Appetizer-Pan-seared_scallops_with_saffron_and_orange-infused_cauliflower_purée.webp,artifacts/recipe_images/new_pngs/recipe-image-097-alcazar-appetizer.png,saved,
recipe-image-098-alcazar-soup,Alcazar,Soup,Creamy pumpkin and coconut soup with sumac-spiced croutons,dish_pictures/Chef_Farid_Al-Rashid-Alcazar-Soup-Creamy_pumpkin_and_coconut_soup_with_sumac-spiced_croutons.webp,artifacts/recipe_images/new_pngs/recipe-image-098-alcazar-soup.png,saved,
recipe-image-099-alcazar-fish,Alcazar,Fish,"Seared sea bass with chickpea and spinach stew, pomegranate reduction","dish_pictures/Chef_Farid_Al-Rashid-Alcazar-Fish-Seared_sea_bass_with_chickpea_and_spinach_stew,_pomegranate_reduction.webp",artifacts/recipe_images/new_pngs/recipe-image-099-alcazar-fish.png,saved,
recipe-image-100-alcazar-meat,Alcazar,Meat,"Slow-cooked lamb shank with apricot and almond couscous, harissa jus","dish_pictures/Chef_Farid_Al-Rashid-Alcazar-Meat-Slow-cooked_lamb_shank_with_apricot_and_almond_couscous,_harissa_jus.webp",artifacts/recipe_images/new_pngs/recipe-image-100-alcazar-meat.png,saved,
recipe-image-101-alcazar-cheese,Alcazar,Cheese,Selection of Middle Eastern cheeses with fig jam and za'atar flatbread,dish_pictures/Chef_Farid_Al-Rashid-Alcazar-Cheese-Selection_of_Middle_Eastern_cheeses_with_fig_jam_and_za'atar_flatbread.webp,artifacts/recipe_images/new_pngs/recipe-image-101-alcazar-cheese.png,saved,
recipe-image-102-alcazar-dessert,Alcazar,Dessert,Rosewater and cardamom panna cotta with honeyed pistachio crumble,dish_pictures/Chef_Farid_Al-Rashid-Alcazar-Dessert-Rosewater_and_cardamom_panna_cotta_with_honeyed_pistachio_crumble.webp,artifacts/recipe_images/new_pngs/recipe-image-102-alcazar-dessert.png,saved,
recipe-image-103-nordic-haven-amuse-bouche,Nordic Haven,Amuse-Bouche,Crispy Icelandic seaweed with foraged herbs and pickled berries,dish_pictures/Chef_Sigurjón_Ólafsson-Nordic_Haven-Amuse-Bouche-Crispy_Icelandic_seaweed_with_foraged_herbs_and_pickled_berries.webp,artifacts/recipe_images/new_pngs/recipe-image-103-nordic-haven-amuse-bouche.png,saved,
recipe-image-104-nordic-haven-appetizer,Nordic Haven,Appetizer,"Cured Arctic char with dill cream, cucumber, and rye crisps","dish_pictures/Chef_Sigurjón_Ólafsson-Nordic_Haven-Appetizer-Cured_Arctic_char_with_dill_cream,_cucumber,_and_rye_crisps.webp",artifacts/recipe_images/new_pngs/recipe-image-104-nordic-haven-appetizer.png,saved,
recipe-image-105-nordic-haven-soup,Nordic Haven,Soup,Wild mushroom and barley soup with smoked skyr and toasted hazelnuts,dish_pictures/Chef_Sigurjón_Ólafsson-Nordic_Haven-Soup-Wild_mushroom_and_barley_soup_with_smoked_skyr_and_toasted_hazelnuts.webp,artifacts/recipe_images/new_pngs/recipe-image-105-nordic-haven-soup.png,saved,
recipe-image-106-nordic-haven-fish,Nordic Haven,Fish,"Pan-roasted cod with foraged seaweed, leeks, and mussel emulsion","dish_pictures/Chef_Sigurjón_Ólafsson-Nordic_Haven-Fish-Pan-roasted_cod_with_foraged_seaweed,_leeks,_and_mussel_emulsion.webp",artifacts/recipe_images/new_pngs/recipe-image-106-nordic-haven-fish.png,saved,
recipe-image-107-nordic-haven-meat,Nordic Haven,Meat,Roasted Icelandic lamb loin with fermented root vegetables and juniper jus,dish_pictures/Chef_Sigurjón_Ólafsson-Nordic_Haven-Meat-Roasted_Icelandic_lamb_loin_with_fermented_root_vegetables_and_juniper_jus.webp,artifacts/recipe_images/new_pngs/recipe-image-107-nordic-haven-meat.png,saved,
recipe-image-108-nordic-haven-cheese,Nordic Haven,Cheese,Selection of Icelandic artisanal cheeses with cloudberry compote and seed crackers,dish_pictures/Chef_Sigurjón_Ólafsson-Nordic_Haven-Cheese-Selection_of_Icelandic_artisanal_cheeses_with_cloudberry_compote_and_seed_crackers.webp,artifacts/recipe_images/new_pngs/recipe-image-108-nordic-haven-cheese.png,saved,
recipe-image-109-nordic-haven-dessert,Nordic Haven,Dessert,Birch syrup and caramelized skyr mousse with blueberry sorbet,dish_pictures/Chef_Sigurjón_Ólafsson-Nordic_Haven-Dessert-Birch_syrup_and_caramelized_skyr_mousse_with_blueberry_sorbet.webp,artifacts/recipe_images/new_pngs/recipe-image-109-nordic-haven-dessert.png,saved,
recipe-image-110-la-dolce-vita-amuse-bouche,La Dolce Vita,Amuse-Bouche,Parmesan and balsamic pearls on a crispy rosemary cracker,dish_pictures/Chef_Alessio_Bianchi-La_Dolce_Vita-Amuse-Bouche-Parmesan_and_balsamic_pearls_on_a_crispy_rosemary_cracker.webp,artifacts/recipe_images/new_pngs/recipe-image-110-la-dolce-vita-amuse-bouche.png,saved,
recipe-image-111-la-dolce-vita-appetizer,La Dolce Vita,Appetizer,Deconstructed caprese salad with buffalo mozzarella foam and tomato essence,dish_pictures/Chef_Alessio_Bianchi-La_Dolce_Vita-Appetizer-Deconstructed_caprese_salad_with_buffalo_mozzarella_foam_and_tomato_essence.webp,artifacts/recipe_images/new_pngs/recipe-image-111-la-dolce-vita-appetizer.png,saved,
recipe-image-112-la-dolce-vita-soup,La Dolce Vita,Soup,Smooth artichoke soup with crispy pancetta and black truffle shavings,dish_pictures/Chef_Alessio_Bianchi-La_Dolce_Vita-Soup-Smooth_artichoke_soup_with_crispy_pancetta_and_black_truffle_shavings.webp,artifacts/recipe_images/new_pngs/recipe-image-112-la-dolce-vita-soup.png,saved,
recipe-image-113-la-dolce-vita-pasta,La Dolce Vita,Pasta,"Agnolotti filled with slow-cooked ossobuco, saffron-infused béchamel, and gremolata","dish_pictures/Chef_Alessio_Bianchi-La_Dolce_Vita-Pasta-Agnolotti_filled_with_slow-cooked_ossobuco,_saffron-infused_béchamel,_and_gremolata.webp",artifacts/recipe_images/new_pngs/recipe-image-113-la-dolce-vita-pasta.png,saved,
recipe-image-114-la-dolce-vita-fish,La Dolce Vita,Fish,"Pan-seared sea bass with fennel purée, orange segments, and caper-olive salsa","dish_pictures/Chef_Alessio_Bianchi-La_Dolce_Vita-Fish-Pan-seared_sea_bass_with_fennel_purée,_orange_segments,_and_caper-olive_salsa.webp",artifacts/recipe_images/new_pngs/recipe-image-114-la-dolce-vita-fish.png,saved,
recipe-image-115-la-dolce-vita-meat,La Dolce Vita,Meat,"Guinea fowl saltimbocca with sage, prosciutto, and Marsala wine reduction","dish_pictures/Chef_Alessio_Bianchi-La_Dolce_Vita-Meat-Guinea_fowl_saltimbocca_with_sage,_prosciutto,_and_Marsala_wine_reduction.webp",artifacts/recipe_images/new_pngs/recipe-image-115-la-dolce-vita-meat.png,saved,
recipe-image-116-la-dolce-vita-cheese,La Dolce Vita,Cheese,Assortment of Italian artisanal cheeses with fig marmalade and rosemary focaccia,dish_pictures/Chef_Alessio_Bianchi-La_Dolce_Vita-Cheese-Assortment_of_Italian_artisanal_cheeses_with_fig_marmalade_and_rosemary_focaccia.webp,artifacts/recipe_images/new_pngs/recipe-image-116-la-dolce-vita-cheese.png,saved,
recipe-image-117-la-dolce-vita-dessert,La Dolce Vita,Dessert,Tiramisù semifreddo with coffee-soaked ladyfingers and cocoa nib tuile,dish_pictures/Chef_Alessio_Bianchi-La_Dolce_Vita-Dessert-Tiramisù_semifreddo_with_coffee-soaked_ladyfingers_and_cocoa_nib_tuile.webp,artifacts/recipe_images/new_pngs/recipe-image-117-la-dolce-vita-dessert.png,saved,
recipe-image-118-island-elysium-amuse-bouche,Island Elysium,Amuse-Bouche,Smoked island fish rillettes with pickled sea beans and crispy taro chips,dish_pictures/Chef_Luna_Martin-Island_Elysium-Amuse-Bouche-Smoked_island_fish_rillettes_with_pickled_sea_beans_and_crispy_taro_chips.webp,artifacts/recipe_images/new_pngs/recipe-image-118-island-elysium-amuse-bouche.png,saved,
recipe-image-119-island-elysium-appetizer,Island Elysium,Appetizer,"Seared island octopus with preserved lemon, wild greens, and coconut aïoli","dish_pictures/Chef_Luna_Martin-Island_Elysium-Appetizer-Seared_island_octopus_with_preserved_lemon,_wild_greens,_and_coconut_aïoli.webp",artifacts/recipe_images/new_pngs/recipe-image-119-island-elysium-appetizer.png,saved,
recipe-image-120-island-elysium-soup,Island Elysium,Soup,Roasted root vegetable bisque with smoked paprika and crispy island yam,dish_pictures/Chef_Luna_Martin-Island_Elysium-Soup-Roasted_root_vegetable_bisque_with_smoked_paprika_and_crispy_island_yam.webp,artifacts/recipe_images/new_pngs/recipe-image-120-island-elysium-soup.png,saved,
recipe-image-121-island-elysium-fish,Island Elysium,Fish,"Grilled island catch with banana leaf, ginger-turmeric relish, and preserved mango","dish_pictures/Chef_Luna_Martin-Island_Elysium-Fish-Grilled_island_catch_with_banana_leaf,_ginger-turmeric_relish,_and_preserved_mango.webp",artifacts/recipe_images/new_pngs/recipe-image-121-island-elysium-fish.png,saved,
recipe-image-122-island-elysium-meat,Island Elysium,Meat,"Island-raised pork tenderloin with tamarind glaze, breadfruit purée, and pickled pineapple","dish_pictures/Chef_Luna_Martin-Island_Elysium-Meat-Island-raised_pork_tenderloin_with_tamarind_glaze,_breadfruit_purée,_and_pickled_pineapple.webp",artifacts/recipe_images/new_pngs/recipe-image-122-island-elysium-meat.png,saved,
recipe-image-123-island-elysium-vegetarian,Island Elysium,Vegetarian,Island-grown jackfruit and black bean stew with coconut rice and plantain chips,dish_pictures/Chef_Luna_Martin-Island_Elysium-Vegetarian-Island-grown_jackfruit_and_black_bean_stew_with_coconut_rice_and_plantain_chips.webp,artifacts/recipe_images/new_pngs/recipe-image-123-island-elysium-vegetarian.png,saved,
recipe-image-124-island-elysium-cheese,Island Elysium,Cheese,Selection of island-made cheeses with spiced fruit chutney and cassava crackers,dish_pictures/Chef_Luna_Martin-Island_Elysium-Cheese-Selection_of_island-made_cheeses_with_spiced_fruit_chutney_and_cassava_crackers.webp,artifacts/recipe_images/new_pngs/recipe-image-124-island-elysium-cheese.png,saved,
recipe-image-125-island-elysium-dessert,Island Elysium,Dessert,Island coconut and passion fruit panna cotta with hibiscus syrup,dish_pictures/Chef_Luna_Martin-Island_Elysium-Dessert-Island_coconut_and_passion_fruit_panna_cotta_with_hibiscus_syrup.webp,artifacts/recipe_images/new_pngs/recipe-image-125-island-elysium-dessert.png,saved,
recipe-image-126-le-jardin-zen-amuse-bouche,Le Jardin Zen,Amuse-Bouche,"Tuna tartare with yuzu, avocado, and sesame tuile","dish_pictures/Chef_Yuki_Morimoto-Le_Jardin_Zen-Amuse-Bouche-Tuna_tartare_with_yuzu,_avocado,_and_sesame_tuile.webp",artifacts/recipe_images/new_pngs/recipe-image-126-le-jardin-zen-amuse-bouche.png,saved,
recipe-image-127-le-jardin-zen-cold-appetizer,Le Jardin Zen,Cold Appetizer,Sashimi-style scallops with beurre blanc and wakame salad,dish_pictures/Chef_Yuki_Morimoto-Le_Jardin_Zen-Cold_Appetizer-Sashimi-style_scallops_with_beurre_blanc_and_wakame_salad.webp,artifacts/recipe_images/new_pngs/recipe-image-127-le-jardin-zen-cold-appetizer.png,saved,
recipe-image-128-le-jardin-zen-hot-appetizer,Le Jardin Zen,Hot Appetizer,Grilled foie gras with dashi glaze and pickled daikon radish,dish_pictures/Chef_Yuki_Morimoto-Le_Jardin_Zen-Hot_Appetizer-Grilled_foie_gras_with_dashi_glaze_and_pickled_daikon_radish.webp,artifacts/recipe_images/new_pngs/recipe-image-128-le-jardin-zen-hot-appetizer.png,saved,
recipe-image-129-le-jardin-zen-soup,Le Jardin Zen,Soup,Miso-infused French onion soup with comté cheese crouton,dish_pictures/Chef_Yuki_Morimoto-Le_Jardin_Zen-Soup-Miso-infused_French_onion_soup_with_comté_cheese_crouton.webp,artifacts/recipe_images/new_pngs/recipe-image-129-le-jardin-zen-soup.png,saved,
recipe-image-130-le-jardin-zen-salad,Le Jardin Zen,Salad,"Salad Niçoise with seared tuna, quail egg, and yuzu-wasabi vinaigrette","dish_pictures/Chef_Yuki_Morimoto-Le_Jardin_Zen-Salad-Salad_Niçoise_with_seared_tuna,_quail_egg,_and_yuzu-wasabi_vinaigrette.webp",artifacts/recipe_images/new_pngs/recipe-image-130-le-jardin-zen-salad.png,saved,
recipe-image-131-le-jardin-zen-fish,Le Jardin Zen,Fish,"Baked cod with miso and mushroom duxelles, sautéed spinach","dish_pictures/Chef_Yuki_Morimoto-Le_Jardin_Zen-Fish-Baked_cod_with_miso_and_mushroom_duxelles,_sautéed_spinach.webp",artifacts/recipe_images/new_pngs/recipe-image-131-le-jardin-zen-fish.png,saved,
recipe-image-132-le-jardin-zen-meat,Le Jardin Zen,Meat,"Beef bourguignon with shiitake mushrooms, pearl onions, and soba noodles","dish_pictures/Chef_Yuki_Morimoto-Le_Jardin_Zen-Meat-Beef_bourguignon_with_shiitake_mushrooms,_pearl_onions,_and_soba_noodles.webp",artifacts/recipe_images/new_pngs/recipe-image-132-le-jardin-zen-meat.png,saved,
recipe-image-133-le-jardin-zen-vegetarian,Le Jardin Zen,Vegetarian,Daikon and carrot terrine with herbed tofu cream and ponzu sauce,dish_pictures/Chef_Yuki_Morimoto-Le_Jardin_Zen-Vegetarian-Daikon_and_carrot_terrine_with_herbed_tofu_cream_and_ponzu_sauce.webp,artifacts/recipe_images/new_pngs/recipe-image-133-le-jardin-zen-vegetarian.png,saved,
recipe-image-134-le-jardin-zen-cheese,Le Jardin Zen,Cheese,Selection of French and Japanese artisanal cheeses with fruit compote and rice crackers,dish_pictures/Chef_Yuki_Morimoto-Le_Jardin_Zen-Cheese-Selection_of_French_and_Japanese_artisanal_cheeses_with_fruit_compote_and_rice_crackers.webp,artifacts/recipe_images/new_pngs/recipe-image-134-le-jardin-zen-cheese.png,saved,
recipe-image-135-le-jardin-zen-dessert,Le Jardin Zen,Dessert,Green tea crème brûlée with candied yuzu peel and almond sable,dish_pictures/Chef_Yuki_Morimoto-Le_Jardin_Zen-Dessert-Green_tea_crème_brûlée_with_candied_yuzu_peel_and_almond_sable.webp,artifacts/recipe_images/new_pngs/recipe-image-135-le-jardin-zen-dessert.png,saved,
recipe-image-136-cielo-azul-amuse-bouche,Cielo Azul,Amuse-Bouche,Mini blue corn sope with shredded beef and avocado cream,dish_pictures/Chef_Alejandro_Torres-Cielo_Azul-Amuse-Bouche-Mini_blue_corn_sope_with_shredded_beef_and_avocado_cream.webp,artifacts/recipe_images/new_pngs/recipe-image-136-cielo-azul-amuse-bouche.png,saved,
recipe-image-137-cielo-azul-appetizer,Cielo Azul,Appetizer,"Trio of ceviches- shrimp, tuna, and octopus, with avocado, serrano, and lime","dish_pictures/Chef_Alejandro_Torres-Cielo_Azul-Appetizer-Trio_of_ceviches-_shrimp,_tuna,_and_octopus,_with_avocado,_serrano,_and_lime.webp",artifacts/recipe_images/new_pngs/recipe-image-137-cielo-azul-appetizer.png,saved,
recipe-image-138-cielo-azul-soup,Cielo Azul,Soup,Roasted tomato and chili soup with crispy tortilla strips and queso fresco,dish_pictures/Chef_Alejandro_Torres-Cielo_Azul-Soup-Roasted_tomato_and_chili_soup_with_crispy_tortilla_strips_and_queso_fresco.webp,artifacts/recipe_images/new_pngs/recipe-image-138-cielo-azul-soup.png,saved,
recipe-image-139-cielo-azul-fish,Cielo Azul,Fish,"Grilled red snapper with mango-pineapple salsa, black bean purée, and coconut rice","dish_pictures/Chef_Alejandro_Torres-Cielo_Azul-Fish-Grilled_red_snapper_with_mango-pineapple_salsa,_black_bean_purée,_and_coconut_rice.webp",artifacts/recipe_images/new_pngs/recipe-image-139-cielo-azul-fish.png,saved,
recipe-image-140-cielo-azul-meat,Cielo Azul,Meat,"Slow-cooked lamb barbacoa with guajillo sauce, nopales, and handmade tortillas","dish_pictures/Chef_Alejandro_Torres-Cielo_Azul-Meat-Slow-cooked_lamb_barbacoa_with_guajillo_sauce,_nopales,_and_handmade_tortillas.webp",artifacts/recipe_images/new_pngs/recipe-image-140-cielo-azul-meat.png,saved,
recipe-image-141-cielo-azul-cheese,Cielo Azul,Cheese,Selection of Mexican artisanal cheeses with jalapeño jam and corn crackers,dish_pictures/Chef_Alejandro_Torres-Cielo_Azul-Cheese-Selection_of_Mexican_artisanal_cheeses_with_jalapeño_jam_and_corn_crackers.webp,artifacts/recipe_images/new_pngs/recipe-image-141-cielo-azul-cheese.png,saved,
recipe-image-142-cielo-azul-dessert,Cielo Azul,Dessert,Chocolate tamal with cinnamon-spiced caramel and vanilla ice cream,dish_pictures/Chef_Alejandro_Torres-Cielo_Azul-Dessert-Chocolate_tamal_with_cinnamon-spiced_caramel_and_vanilla_ice_cream.webp,artifacts/recipe_images/new_pngs/recipe-image-142-cielo-azul-dessert.png,saved,
recipe-image-143-the-american-tapestry-amuse-bouche,The American Tapestry,Amuse-Bouche,Maryland crab cake with remoulade sauce,dish_pictures/Chef_Samuel_Hughes-The_American_Tapestry-Amuse-Bouche-Maryland_crab_cake_with_remoulade_sauce.webp,artifacts/recipe_images/new_pngs/recipe-image-143-the-american-tapestry-amuse-bouche.png,saved,
recipe-image-144-the-american-tapestry-appetizer,The American Tapestry,Appetizer,"Louisiana gumbo with chicken, andouille sausage, and okra","dish_pictures/Chef_Samuel_Hughes-The_American_Tapestry-Appetizer-Louisiana_gumbo_with_chicken,_andouille_sausage,_and_okra.webp",artifacts/recipe_images/new_pngs/recipe-image-144-the-american-tapestry-appetizer.png,saved,
recipe-image-145-the-american-tapestry-salad,The American Tapestry,Salad,"California Cobb salad with avocado, bacon, blue cheese, and grilled chicken","dish_pictures/Chef_Samuel_Hughes-The_American_Tapestry-Salad-California_Cobb_salad_with_avocado,_bacon,_blue_cheese,_and_grilled_chicken.webp",artifacts/recipe_images/new_pngs/recipe-image-145-the-american-tapestry-salad.png,saved,
recipe-image-146-the-american-tapestry-fish,The American Tapestry,Fish,New England clam chowder with sourdough bread,dish_pictures/Chef_Samuel_Hughes-The_American_Tapestry-Fish-New_England_clam_chowder_with_sourdough_bread.webp,artifacts/recipe_images/new_pngs/recipe-image-146-the-american-tapestry-fish.png,saved,
recipe-image-147-the-american-tapestry-meat,The American Tapestry,Meat,Texas smoked brisket with collard greens and cornbread,dish_pictures/Chef_Samuel_Hughes-The_American_Tapestry-Meat-Texas_smoked_brisket_with_collard_greens_and_cornbread.webp,artifacts/recipe_images/new_pngs/recipe-image-147-the-american-tapestry-meat.png,saved,
recipe-image-148-the-american-tapestry-vegetarian,The American Tapestry,Vegetarian,"Georgia peach and pecan salad with arugula, goat cheese, and honey-mustard vinaigrette","dish_pictures/Chef_Samuel_Hughes-The_American_Tapestry-Vegetarian-Georgia_peach_and_pecan_salad_with_arugula,_goat_cheese,_and_honey-mustard_vinaigrette.webp",artifacts/recipe_images/new_pngs/recipe-image-148-the-american-tapestry-vegetarian.png,saved,
recipe-image-149-the-american-tapestry-dessert,The American Tapestry,Dessert,New York cheesecake with strawberry coulis,dish_pictures/Chef_Samuel_Hughes-The_American_Tapestry-Dessert-New_York_cheesecake_with_strawberry_coulis.webp,artifacts/recipe_images/new_pngs/recipe-image-149-the-american-tapestry-dessert.png,saved,
recipe-image-150-lab-de-sabores-amuse-bouche,Lab de Sabores,Amuse-Bouche,Mango and passion fruit caviar with mint foam,dish_pictures/Chef_Francisco_Gomez-Lab_de_Sabores-Amuse-Bouche-Mango_and_passion_fruit_caviar_with_mint_foam.webp,artifacts/recipe_images/new_pngs/recipe-image-150-lab-de-sabores-amuse-bouche.png,saved,
recipe-image-151-lab-de-sabores-appetizer,Lab de Sabores,Appetizer,"Deconstructed Spanish tortilla with potato espuma, onion gel, and egg yolk spheres","dish_pictures/Chef_Francisco_Gomez-Lab_de_Sabores-Appetizer-Deconstructed_Spanish_tortilla_with_potato_espuma,_onion_gel,_and_egg_yolk_spheres.webp",artifacts/recipe_images/new_pngs/recipe-image-151-lab-de-sabores-appetizer.png,saved,
recipe-image-152-lab-de-sabores-fish,Lab de Sabores,Fish,"Sous-vide sea bass with fennel purée, dehydrated olives, and saffron air","dish_pictures/Chef_Francisco_Gomez-Lab_de_Sabores-Fish-Sous-vide_sea_bass_with_fennel_purée,_dehydrated_olives,_and_saffron_air.webp",artifacts/recipe_images/new_pngs/recipe-image-152-lab-de-sabores-fish.png,saved,
recipe-image-153-lab-de-sabores-meat,Lab de Sabores,Meat,48-hour braised Iberian pork cheeks with porcini mushroom powder and red wine reduction,dish_pictures/Chef_Francisco_Gomez-Lab_de_Sabores-Meat-48-hour_braised_Iberian_pork_cheeks_with_porcini_mushroom_powder_and_red_wine_reduction.webp,artifacts/recipe_images/new_pngs/recipe-image-153-lab-de-sabores-meat.png,saved,
recipe-image-154-lab-de-sabores-intermezzo,Lab de Sabores,Intermezzo,Mojito sorbet with liquid nitrogen and mint sugar,dish_pictures/Chef_Francisco_Gomez-Lab_de_Sabores-Intermezzo-Mojito_sorbet_with_liquid_nitrogen_and_mint_sugar.webp,artifacts/recipe_images/new_pngs/recipe-image-154-lab-de-sabores-intermezzo.png,saved,
recipe-image-155-lab-de-sabores-cheese,Lab de Sabores,Cheese,Manchego foam with quince gel and Marcona almond dust,dish_pictures/Chef_Francisco_Gomez-Lab_de_Sabores-Cheese-Manchego_foam_with_quince_gel_and_Marcona_almond_dust.webp,artifacts/recipe_images/new_pngs/recipe-image-155-lab-de-sabores-cheese.png,saved,
recipe-image-156-lab-de-sabores-dessert,Lab de Sabores,Dessert,"Chocolate textures - frozen chocolate mousse, chocolate soil, and warm chocolate foam","dish_pictures/Chef_Francisco_Gomez-Lab_de_Sabores-Dessert-Chocolate_textures_-_frozen_chocolate_mousse,_chocolate_soil,_and_warm_chocolate_foam.webp",artifacts/recipe_images/new_pngs/recipe-image-156-lab-de-sabores-dessert.png,saved,
recipe-image-157-kai-olu-amuse-bouche,Kai 'Olu,Amuse-Bouche,Ahi poke with avocado mousse and taro chip,dish_pictures/Chef_Kekoa_Mahi-Kai_'Olu-Amuse-Bouche-Ahi_poke_with_avocado_mousse_and_taro_chip.webp,artifacts/recipe_images/new_pngs/recipe-image-157-kai-olu-amuse-bouche.png,saved,
recipe-image-158-kai-olu-appetizer,Kai 'Olu,Appetizer,"Kona lobster tail with coconut milk foam, hearts of palm, and lilikoi vinaigrette","dish_pictures/Chef_Kekoa_Mahi-Kai_'Olu-Appetizer-Kona_lobster_tail_with_coconut_milk_foam,_hearts_of_palm,_and_lilikoi_vinaigrette.webp",artifacts/recipe_images/new_pngs/recipe-image-158-kai-olu-appetizer.png,saved,
recipe-image-159-kai-olu-soup,Kai 'Olu,Soup,Chilled cucumber gazpacho with Kauai shrimp ceviche and pickled mango,dish_pictures/Chef_Kekoa_Mahi-Kai_'Olu-Soup-Chilled_cucumber_gazpacho_with_Kauai_shrimp_ceviche_and_pickled_mango.webp,artifacts/recipe_images/new_pngs/recipe-image-159-kai-olu-soup.png,saved,
recipe-image-160-kai-olu-fish,Kai 'Olu,Fish,"Pan-seared opah with sweet potato purée, bok choy, and macadamia nut brown butter","dish_pictures/Chef_Kekoa_Mahi-Kai_'Olu-Fish-Pan-seared_opah_with_sweet_potato_purée,_bok_choy,_and_macadamia_nut_brown_butter.webp",artifacts/recipe_images/new_pngs/recipe-image-160-kai-olu-fish.png,saved,
recipe-image-161-kai-olu-meat,Kai 'Olu,Meat,"Kalua pork with pineapple relish, purple sweet potato mash, and ginger-guava glaze","dish_pictures/Chef_Kekoa_Mahi-Kai_'Olu-Meat-Kalua_pork_with_pineapple_relish,_purple_sweet_potato_mash,_and_ginger-guava_glaze.webp",artifacts/recipe_images/new_pngs/recipe-image-161-kai-olu-meat.png,saved,
recipe-image-162-kai-olu-salad,Kai 'Olu,Salad,"Maui onion, watermelon radish, and baby greens salad with macadamia nut vinaigrette","dish_pictures/Chef_Kekoa_Mahi-Kai_'Olu-Salad-Maui_onion,_watermelon_radish,_and_baby_greens_salad_with_macadamia_nut_vinaigrette.webp",artifacts/recipe_images/new_pngs/recipe-image-162-kai-olu-salad.png,saved,
recipe-image-163-kai-olu-dessert,Kai 'Olu,Dessert,Hawaiian chocolate lava cake with passion fruit coulis and macadamia nut ice cream,dish_pictures/Chef_Kekoa_Mahi-Kai_'Olu-Dessert-Hawaiian_chocolate_lava_cake_with_passion_fruit_coulis_and_macadamia_nut_ice_cream.webp,artifacts/recipe_images/new_pngs/recipe-image-163-kai-olu-dessert.png,saved,
recipe-image-164-sen-vàng-amuse-bouche,Sen Vàng,Amuse-Bouche,Bánh bèo - Steamed rice cakes with shrimp and crispy shallots,dish_pictures/Chef_Minh_Truong-Sen_Vàng-Amuse-Bouche-Bánh_bèo_-_Steamed_rice_cakes_with_shrimp_and_crispy_shallots.webp,artifacts/recipe_images/new_pngs/recipe-image-164-sen-vàng-amuse-bouche.png,saved,
recipe-image-165-sen-vàng-appetizer,Sen Vàng,Appetizer,"Gỏi cuốn - Fresh spring rolls with prawns, herbs, and peanut dipping sauce","dish_pictures/Chef_Minh_Truong-Sen_Vàng-Appetizer-Gỏi_cuốn_-_Fresh_spring_rolls_with_prawns,_herbs,_and_peanut_dipping_sauce.webp",artifacts/recipe_images/new_pngs/recipe-image-165-sen-vàng-appetizer.png,saved,
recipe-image-166-sen-vàng-soup,Sen Vàng,Soup,"Phở tái - Beef pho with rare filet mignon, rice noodles, and aromatic herbs","dish_pictures/Chef_Minh_Truong-Sen_Vàng-Soup-Phở_tái_-_Beef_pho_with_rare_filet_mignon,_rice_noodles,_and_aromatic_herbs.webp",artifacts/recipe_images/new_pngs/recipe-image-166-sen-vàng-soup.png,saved,
recipe-image-167-sen-vàng-fish,Sen Vàng,Fish,"Cá kho tộ - Caramelized claypot fish with ginger, chili, and steamed jasmine rice","dish_pictures/Chef_Minh_Truong-Sen_Vàng-Fish-Cá_kho_tộ_-_Caramelized_claypot_fish_with_ginger,_chili,_and_steamed_jasmine_rice.webp",artifacts/recipe_images/new_pngs/recipe-image-167-sen-vàng-fish.png,saved,
recipe-image-168-sen-vàng-meat,Sen Vàng,Meat,"Bò lúc lắc - Shaking beef with garlic, watercress, and pickled onions","dish_pictures/Chef_Minh_Truong-Sen_Vàng-Meat-Bò_lúc_lắc_-_Shaking_beef_with_garlic,_watercress,_and_pickled_onions.webp",artifacts/recipe_images/new_pngs/recipe-image-168-sen-vàng-meat.png,saved,
recipe-image-169-sen-vàng-vegetarian,Sen Vàng,Vegetarian,"Bánh xèo - Crispy Vietnamese crepe with tofu, bean sprouts, and nuoc cham","dish_pictures/Chef_Minh_Truong-Sen_Vàng-Vegetarian-Bánh_xèo_-_Crispy_Vietnamese_crepe_with_tofu,_bean_sprouts,_and_nuoc_cham.webp",artifacts/recipe_images/new_pngs/recipe-image-169-sen-vàng-vegetarian.png,saved,
recipe-image-170-sen-vàng-dessert,Sen Vàng,Dessert,Chè chuối - Banana and tapioca pudding with coconut milk and toasted peanuts,dish_pictures/Chef_Minh_Truong-Sen_Vàng-Dessert-Chè_chuối_-_Banana_and_tapioca_pudding_with_coconut_milk_and_toasted_peanuts.webp,artifacts/recipe_images/new_pngs/recipe-image-170-sen-vàng-dessert.png,saved,
recipe-image-171-sarvottam-amuse-bouche,Sarvottam,Amuse-Bouche,Cashew cheese and beetroot tartlet with mint chutney,dish_pictures/Chef_Ravi_Desai-Sarvottam-Amuse-Bouche-Cashew_cheese_and_beetroot_tartlet_with_mint_chutney.webp,artifacts/recipe_images/new_pngs/recipe-image-171-sarvottam-amuse-bouche.png,saved,
recipe-image-172-sarvottam-appetizer,Sarvottam,Appetizer,Crispy chickpea flour pancakes with spiced potato filling and tamarind sauce,dish_pictures/Chef_Ravi_Desai-Sarvottam-Appetizer-Crispy_chickpea_flour_pancakes_with_spiced_potato_filling_and_tamarind_sauce.webp,artifacts/recipe_images/new_pngs/recipe-image-172-sarvottam-appetizer.png,saved,
recipe-image-173-sarvottam-soup,Sarvottam,Soup,Creamy tomato and coconut soup with curry leaf and toasted almonds,dish_pictures/Chef_Ravi_Desai-Sarvottam-Soup-Creamy_tomato_and_coconut_soup_with_curry_leaf_and_toasted_almonds.webp,artifacts/recipe_images/new_pngs/recipe-image-173-sarvottam-soup.png,saved,
recipe-image-174-sarvottam-main-course-1,Sarvottam,Main Course 1,Jackfruit biryani with saffron-infused basmati rice and caramelized onions,dish_pictures/Chef_Ravi_Desai-Sarvottam-Main_Course_1-Jackfruit_biryani_with_saffron-infused_basmati_rice_and_caramelized_onions.webp,artifacts/recipe_images/new_pngs/recipe-image-174-sarvottam-main-course-1.png,saved,
recipe-image-175-sarvottam-main-course-2,Sarvottam,Main Course 2,Tandoori cauliflower steak with mint yogurt sauce and quinoa pilaf,dish_pictures/Chef_Ravi_Desai-Sarvottam-Main_Course_2-Tandoori_cauliflower_steak_with_mint_yogurt_sauce_and_quinoa_pilaf.webp,artifacts/recipe_images/new_pngs/recipe-image-175-sarvottam-main-course-2.png,saved,
recipe-image-176-sarvottam-salad,Sarvottam,Salad,Kale and roasted sweet potato salad with pomegranate seeds and tahini dressing,dish_pictures/Chef_Ravi_Desai-Sarvottam-Salad-Kale_and_roasted_sweet_potato_salad_with_pomegranate_seeds_and_tahini_dressing.webp,artifacts/recipe_images/new_pngs/recipe-image-176-sarvottam-salad.png,saved,
recipe-image-177-sarvottam-dessert,Sarvottam,Dessert,Coconut and cardamom rice pudding with mango coulis and candied pistachios,dish_pictures/Chef_Ravi_Desai-Sarvottam-Dessert-Coconut_and_cardamom_rice_pudding_with_mango_coulis_and_candied_pistachios.webp,artifacts/recipe_images/new_pngs/recipe-image-177-sarvottam-dessert.png,saved,
recipe-image-178-le-jardin-végétal-amuse-bouche,Le Jardin Végétal,Amuse-Bouche,Mushroom and truffle pâté with toasted brioche and microgreens,dish_pictures/Chef_Amélie_Dubois-Le_Jardin_Végétal-Amuse-Bouche-Mushroom_and_truffle_pâté_with_toasted_brioche_and_microgreens.webp,artifacts/recipe_images/new_pngs/recipe-image-178-le-jardin-végétal-amuse-bouche.png,saved,
recipe-image-179-le-jardin-végétal-appetizer,Le Jardin Végétal,Appetizer,Heirloom tomato and vegan mozzarella salad with basil foam and aged balsamic,dish_pictures/Chef_Amélie_Dubois-Le_Jardin_Végétal-Appetizer-Heirloom_tomato_and_vegan_mozzarella_salad_with_basil_foam_and_aged_balsamic.webp,artifacts/recipe_images/new_pngs/recipe-image-179-le-jardin-végétal-appetizer.png,saved,
recipe-image-180-le-jardin-végétal-soup,Le Jardin Végétal,Soup,Velouté of green asparagus with almond cream and crispy shallots,dish_pictures/Chef_Amélie_Dubois-Le_Jardin_Végétal-Soup-Velouté_of_green_asparagus_with_almond_cream_and_crispy_shallots.webp,artifacts/recipe_images/new_pngs/recipe-image-180-le-jardin-végétal-soup.png,saved,
recipe-image-181-le-jardin-végétal-main-course-1,Le Jardin Végétal,Main Course 1,Artichoke barigoule with saffron quinoa and olive tapenade,dish_pictures/Chef_Amélie_Dubois-Le_Jardin_Végétal-Main_Course_1-Artichoke_barigoule_with_saffron_quinoa_and_olive_tapenade.webp,artifacts/recipe_images/new_pngs/recipe-image-181-le-jardin-végétal-main-course-1.png,saved,
recipe-image-182-le-jardin-végétal-main-course-2,Le Jardin Végétal,Main Course 2,"Vegan cassoulet with smoked tempeh, white beans, and fresh thyme","dish_pictures/Chef_Amélie_Dubois-Le_Jardin_Végétal-Main_Course_2-Vegan_cassoulet_with_smoked_tempeh,_white_beans,_and_fresh_thyme.webp",artifacts/recipe_images/new_pngs/recipe-image-182-le-jardin-végétal-main-course-2.png,saved,
recipe-image-183-le-jardin-végétal-salad,Le Jardin Végétal,Salad,"Young spinach, shaved fennel, and roasted hazelnuts with champagne vinaigrette","dish_pictures/Chef_Amélie_Dubois-Le_Jardin_Végétal-Salad-Young_spinach,_shaved_fennel,_and_roasted_hazelnuts_with_champagne_vinaigrette.webp",artifacts/recipe_images/new_pngs/recipe-image-183-le-jardin-végétal-salad.png,saved,
recipe-image-184-le-jardin-végétal-dessert,Le Jardin Végétal,Dessert,Vegan mille-feuille with raspberry compote and vanilla bean crème pâtissière,dish_pictures/Chef_Amélie_Dubois-Le_Jardin_Végétal-Dessert-Vegan_mille-feuille_with_raspberry_compote_and_vanilla_bean_crème_pâtissière.webp,artifacts/recipe_images/new_pngs/recipe-image-184-le-jardin-végétal-dessert.png,saved,
recipe-image-185-sushi-zenkai-appetizer,Sushi Zenkai,Appetizer,Seasonal vegetable and seaweed salad with yuzu dressing,dish_pictures/Chef_Takashi_Saito-Sushi_Zenkai-Appetizer-Seasonal_vegetable_and_seaweed_salad_with_yuzu_dressing.webp,artifacts/recipe_images/new_pngs/recipe-image-185-sushi-zenkai-appetizer.png,saved,
recipe-image-186-sushi-zenkai-sashimi,Sushi Zenkai,Sashimi,"Chef's selection of five types of sashimi, including toro, yellowtail, and sea urchin","dish_pictures/Chef_Takashi_Saito-Sushi_Zenkai-Sashimi-Chef's_selection_of_five_types_of_sashimi,_including_toro,_yellowtail,_and_sea_urchin.webp",artifacts/recipe_images/new_pngs/recipe-image-186-sushi-zenkai-sashimi.png,saved,
recipe-image-187-sushi-zenkai-nigiri-1,Sushi Zenkai,Nigiri 1,Akami tuna nigiri with freshly grated wasabi,dish_pictures/Chef_Takashi_Saito-Sushi_Zenkai-Nigiri_1-Akami_tuna_nigiri_with_freshly_grated_wasabi.webp,artifacts/recipe_images/new_pngs/recipe-image-187-sushi-zenkai-nigiri-1.png,saved,
recipe-image-188-sushi-zenkai-nigiri-2,Sushi Zenkai,Nigiri 2,Kohada (gizzard shad) nigiri with housemade soy glaze,dish_pictures/Chef_Takashi_Saito-Sushi_Zenkai-Nigiri_2-Kohada_(gizzard_shad)_nigiri_with_housemade_soy_glaze.webp,artifacts/recipe_images/new_pngs/recipe-image-188-sushi-zenkai-nigiri-2.png,saved,
recipe-image-189-sushi-zenkai-nigiri-3,Sushi Zenkai,Nigiri 3,Botan ebi (sweet shrimp) nigiri with citrus-infused soy sauce,dish_pictures/Chef_Takashi_Saito-Sushi_Zenkai-Nigiri_3-Botan_ebi_(sweet_shrimp)_nigiri_with_citrus-infused_soy_sauce.webp,artifacts/recipe_images/new_pngs/recipe-image-189-sushi-zenkai-nigiri-3.png,saved,
recipe-image-190-sushi-zenkai-nigiri-4,Sushi Zenkai,Nigiri 4,Japanese scallop nigiri with sea salt and yuzu zest,dish_pictures/Chef_Takashi_Saito-Sushi_Zenkai-Nigiri_4-Japanese_scallop_nigiri_with_sea_salt_and_yuzu_zest.webp,artifacts/recipe_images/new_pngs/recipe-image-190-sushi-zenkai-nigiri-4.png,saved,
recipe-image-191-sushi-zenkai-nigiri-5,Sushi Zenkai,Nigiri 5,A5 Wagyu beef nigiri with truffle shavings and black garlic sauce,dish_pictures/Chef_Takashi_Saito-Sushi_Zenkai-Nigiri_5-A5_Wagyu_beef_nigiri_with_truffle_shavings_and_black_garlic_sauce.webp,artifacts/recipe_images/new_pngs/recipe-image-191-sushi-zenkai-nigiri-5.png,saved,
recipe-image-192-sushi-zenkai-temaki,Sushi Zenkai,Temaki,Ikura (salmon roe) temaki with shiso leaf and crispy nori,dish_pictures/Chef_Takashi_Saito-Sushi_Zenkai-Temaki-Ikura_(salmon_roe)_temaki_with_shiso_leaf_and_crispy_nori.webp,artifacts/recipe_images/new_pngs/recipe-image-192-sushi-zenkai-temaki.png,saved,
recipe-image-193-sushi-zenkai-maki,Sushi Zenkai,Maki,"Futomaki with kanpyo, tamago, and pickled vegetables","dish_pictures/Chef_Takashi_Saito-Sushi_Zenkai-Maki-Futomaki_with_kanpyo,_tamago,_and_pickled_vegetables.webp",artifacts/recipe_images/new_pngs/recipe-image-193-sushi-zenkai-maki.png,saved,
recipe-image-194-sushi-zenkai-dessert,Sushi Zenkai,Dessert,Yuzu sorbet with fresh seasonal fruit and matcha dust,dish_pictures/Chef_Takashi_Saito-Sushi_Zenkai-Dessert-Yuzu_sorbet_with_fresh_seasonal_fruit_and_matcha_dust.webp,artifacts/recipe_images/new_pngs/recipe-image-194-sushi-zenkai-dessert.png,saved,
recipe-image-195-alpine-heights-amuse-bouche,Alpine Heights,Amuse-Bouche,Mini raclette toast with cornichon and pearl onion,dish_pictures/Chef_Lukas_Baumgartner-Alpine_Heights-Amuse-Bouche-Mini_raclette_toast_with_cornichon_and_pearl_onion.webp,artifacts/recipe_images/new_pngs/recipe-image-195-alpine-heights-amuse-bouche.png,saved,
recipe-image-196-alpine-heights-appetizer,Alpine Heights,Appetizer,Swiss chard and gruyère tart with a walnut crust,dish_pictures/Chef_Lukas_Baumgartner-Alpine_Heights-Appetizer-Swiss_chard_and_gruyère_tart_with_a_walnut_crust.webp,artifacts/recipe_images/new_pngs/recipe-image-196-alpine-heights-appetizer.png,saved,
recipe-image-197-alpine-heights-soup,Alpine Heights,Soup,Creamy leek and potato soup with crispy rösti croutons,dish_pictures/Chef_Lukas_Baumgartner-Alpine_Heights-Soup-Creamy_leek_and_potato_soup_with_crispy_rösti_croutons.webp,artifacts/recipe_images/new_pngs/recipe-image-197-alpine-heights-soup.png,saved,
recipe-image-198-alpine-heights-fish,Alpine Heights,Fish,"Arctic char with brown butter, capers, and roasted root vegetables","dish_pictures/Chef_Lukas_Baumgartner-Alpine_Heights-Fish-Arctic_char_with_brown_butter,_capers,_and_roasted_root_vegetables.webp",artifacts/recipe_images/new_pngs/recipe-image-198-alpine-heights-fish.png,saved,
recipe-image-199-alpine-heights-meat,Alpine Heights,Meat,Slow-braised venison in red wine sauce with spätzle and braised red cabbage,dish_pictures/Chef_Lukas_Baumgartner-Alpine_Heights-Meat-Slow-braised_venison_in_red_wine_sauce_with_spätzle_and_braised_red_cabbage.webp,artifacts/recipe_images/new_pngs/recipe-image-199-alpine-heights-meat.png,saved,
recipe-image-200-alpine-heights-cheese,Alpine Heights,Cheese,Selection of Swiss cheeses with fruit compote and artisanal bread,dish_pictures/Chef_Lukas_Baumgartner-Alpine_Heights-Cheese-Selection_of_Swiss_cheeses_with_fruit_compote_and_artisanal_bread.webp,artifacts/recipe_images/new_pngs/recipe-image-200-alpine-heights-cheese.png,saved,
recipe-image-201-alpine-heights-dessert,Alpine Heights,Dessert,Dark chocolate fondue with fresh fruits and homemade marshmallows,dish_pictures/Chef_Lukas_Baumgartner-Alpine_Heights-Dessert-Dark_chocolate_fondue_with_fresh_fruits_and_homemade_marshmallows.webp,artifacts/recipe_images/new_pngs/recipe-image-201-alpine-heights-dessert.png,saved,
recipe-image-202-galactic-delights-amuse-bouche,Galactic Delights,Amuse-Bouche,Spherified root beer float with molecularly-stabilized whipped cream,dish_pictures/Chef_Zilgax-5-Galactic_Delights-Amuse-Bouche-Spherified_root_beer_float_with_molecularly-stabilized_whipped_cream.webp,artifacts/recipe_images/new_pngs/recipe-image-202-galactic-delights-amuse-bouche.png,saved,
recipe-image-203-galactic-delights-appetizer,Galactic Delights,Appetizer,Microgravity-grown salad with asteroidal vinaigrette and solar-dried tomatoes,dish_pictures/Chef_Zilgax-5-Galactic_Delights-Appetizer-Microgravity-grown_salad_with_asteroidal_vinaigrette_and_solar-dried_tomatoes.webp,artifacts/recipe_images/new_pngs/recipe-image-203-galactic-delights-appetizer.png,saved,
recipe-image-204-galactic-delights-soup,Galactic Delights,Soup,Cream of Martian potato soup with levitating croutons,dish_pictures/Chef_Zilgax-5-Galactic_Delights-Soup-Cream_of_Martian_potato_soup_with_levitating_croutons.webp,artifacts/recipe_images/new_pngs/recipe-image-204-galactic-delights-soup.png,saved,
recipe-image-205-galactic-delights-fish,Galactic Delights,Fish,Pan-seared Venusian mackerel with lunar seaweed and comet dust,dish_pictures/Chef_Zilgax-5-Galactic_Delights-Fish-Pan-seared_Venusian_mackerel_with_lunar_seaweed_and_comet_dust.webp,artifacts/recipe_images/new_pngs/recipe-image-205-galactic-delights-fish.png,saved,
recipe-image-206-galactic-delights-meat,Galactic Delights,Meat,Roasted Plutonian quail with Andromeda asparagus and wormhole truffle sauce,dish_pictures/Chef_Zilgax-5-Galactic_Delights-Meat-Roasted_Plutonian_quail_with_Andromeda_asparagus_and_wormhole_truffle_sauce.webp,artifacts/recipe_images/new_pngs/recipe-image-206-galactic-delights-meat.png,saved,
recipe-image-207-galactic-delights-cheese,Galactic Delights,Cheese,Selection of artisanal cheeses from the Milky Way with stardust crackers,dish_pictures/Chef_Zilgax-5-Galactic_Delights-Cheese-Selection_of_artisanal_cheeses_from_the_Milky_Way_with_stardust_crackers.webp,artifacts/recipe_images/new_pngs/recipe-image-207-galactic-delights-cheese.png,saved,
recipe-image-208-galactic-delights-dessert,Galactic Delights,Dessert,Dark matter chocolate mousse with freeze-dried raspberry coulis and supernova sugar,dish_pictures/Chef_Zilgax-5-Galactic_Delights-Dessert-Dark_matter_chocolate_mousse_with_freeze-dried_raspberry_coulis_and_supernova_sugar.webp,artifacts/recipe_images/new_pngs/recipe-image-208-galactic-delights-dessert.png,saved,
recipe-image-209-le-festin-opulent-amuse-bouche,Le Festin Opulent,Amuse-Bouche,24-karat gold leaf foie gras torchon with black truffle shavings,dish_pictures/Chef_Antoine_Dubois-Le_Festin_Opulent-Amuse-Bouche-24-karat_gold_leaf_foie_gras_torchon_with_black_truffle_shavings.webp,artifacts/recipe_images/new_pngs/recipe-image-209-le-festin-opulent-amuse-bouche.png,saved,
recipe-image-210-le-festin-opulent-appetizer,Le Festin Opulent,Appetizer,Caviar-topped oysters with champagne sabayon and edible pearls,dish_pictures/Chef_Antoine_Dubois-Le_Festin_Opulent-Appetizer-Caviar-topped_oysters_with_champagne_sabayon_and_edible_pearls.webp,artifacts/recipe_images/new_pngs/recipe-image-210-le-festin-opulent-appetizer.png,saved,
recipe-image-211-le-festin-opulent-soup,Le Festin Opulent,Soup,Lobster bisque with cognac and saffron cream,dish_pictures/Chef_Antoine_Dubois-Le_Festin_Opulent-Soup-Lobster_bisque_with_cognac_and_saffron_cream.webp,artifacts/recipe_images/new_pngs/recipe-image-211-le-festin-opulent-soup.png,saved,
recipe-image-212-le-festin-opulent-fish,Le Festin Opulent,Fish,"Seared wild turbot with Beluga lentils, white asparagus, and caviar beurre blanc","dish_pictures/Chef_Antoine_Dubois-Le_Festin_Opulent-Fish-Seared_wild_turbot_with_Beluga_lentils,_white_asparagus,_and_caviar_beurre_blanc.webp",artifacts/recipe_images/new_pngs/recipe-image-212-le-festin-opulent-fish.png,saved,
recipe-image-213-le-festin-opulent-meat,Le Festin Opulent,Meat,"Wagyu beef Rossini with black truffle, seared foie gras, and Madeira reduction","dish_pictures/Chef_Antoine_Dubois-Le_Festin_Opulent-Meat-Wagyu_beef_Rossini_with_black_truffle,_seared_foie_gras,_and_Madeira_reduction.webp",artifacts/recipe_images/new_pngs/recipe-image-213-le-festin-opulent-meat.png,saved,
recipe-image-214-le-festin-opulent-cheese,Le Festin Opulent,Cheese,Assortment of rare and aged French cheeses with truffle honey and gold-flecked crackers,dish_pictures/Chef_Antoine_Dubois-Le_Festin_Opulent-Cheese-Assortment_of_rare_and_aged_French_cheeses_with_truffle_honey_and_gold-flecked_crackers.webp,artifacts/recipe_images/new_pngs/recipe-image-214-le-festin-opulent-cheese.png,saved,
recipe-image-215-le-festin-opulent-dessert,Le Festin Opulent,Dessert,Louis XV chocolate mousse cake with gold leaf and candied violets,dish_pictures/Chef_Antoine_Dubois-Le_Festin_Opulent-Dessert-Louis_XV_chocolate_mousse_cake_with_gold_leaf_and_candied_violets.webp,artifacts/recipe_images/new_pngs/recipe-image-215-le-festin-opulent-dessert.png,saved,
recipe-image-216-the-golden-aegean-amuse-bouche,The Golden Aegean,Amuse-Bouche,"Filo-wrapped Kalamata olives with gold leaf, served on a bed of ouzo-infused tomato jam","dish_pictures/Chef_Stavros_Papadopoulos-The_Golden_Aegean-Amuse-Bouche-Filo-wrapped_Kalamata_olives_with_gold_leaf,_served_on_a_bed_of_ouzo-infused_tomato_jam.webp",artifacts/recipe_images/new_pngs/recipe-image-216-the-golden-aegean-amuse-bouche.png,saved,
recipe-image-217-the-golden-aegean-appetizer,The Golden Aegean,Appetizer,Duo of seared scallops and tiger prawns with Greek saffron and white truffle aioli,dish_pictures/Chef_Stavros_Papadopoulos-The_Golden_Aegean-Appetizer-Duo_of_seared_scallops_and_tiger_prawns_with_Greek_saffron_and_white_truffle_aioli.webp,artifacts/recipe_images/new_pngs/recipe-image-217-the-golden-aegean-appetizer.png,saved,
recipe-image-218-the-golden-aegean-salad,The Golden Aegean,Salad,Golden beet and goat cheese salad with pomegranate molasses and 24-karat gold leaf,dish_pictures/Chef_Stavros_Papadopoulos-The_Golden_Aegean-Salad-Golden_beet_and_goat_cheese_salad_with_pomegranate_molasses_and_24-karat_gold_leaf.webp,artifacts/recipe_images/new_pngs/recipe-image-218-the-golden-aegean-salad.png,saved,
recipe-image-219-the-golden-aegean-fish,The Golden Aegean,Fish,"Grilled wild sea bass with Aegean sea urchin butter, fennel confit, and champagne foam","dish_pictures/Chef_Stavros_Papadopoulos-The_Golden_Aegean-Fish-Grilled_wild_sea_bass_with_Aegean_sea_urchin_butter,_fennel_confit,_and_champagne_foam.webp",artifacts/recipe_images/new_pngs/recipe-image-219-the-golden-aegean-fish.png,saved,
recipe-image-220-the-golden-aegean-meat,The Golden Aegean,Meat,"Aged lamb rack with Mykonian honey glaze, black truffle moussaka, and gold leaf-flecked orzo","dish_pictures/Chef_Stavros_Papadopoulos-The_Golden_Aegean-Meat-Aged_lamb_rack_with_Mykonian_honey_glaze,_black_truffle_moussaka,_and_gold_leaf-flecked_orzo.webp",artifacts/recipe_images/new_pngs/recipe-image-220-the-golden-aegean-meat.png,saved,
recipe-image-221-the-golden-aegean-cheese,The Golden Aegean,Cheese,"Assortment of premium Greek cheeses with fig preserves, gold-dusted almonds, and honeycomb","dish_pictures/Chef_Stavros_Papadopoulos-The_Golden_Aegean-Cheese-Assortment_of_premium_Greek_cheeses_with_fig_preserves,_gold-dusted_almonds,_and_honeycomb.webp",artifacts/recipe_images/new_pngs/recipe-image-221-the-golden-aegean-cheese.png,saved,
recipe-image-222-the-golden-aegean-dessert,The Golden Aegean,Dessert,Mastiha-infused chocolate mousse with gold leaf and rosewater-scented baklava crumble,dish_pictures/Chef_Stavros_Papadopoulos-The_Golden_Aegean-Dessert-Mastiha-infused_chocolate_mousse_with_gold_leaf_and_rosewater-scented_baklava_crumble.webp,artifacts/recipe_images/new_pngs/recipe-image-222-the-golden-aegean-dessert.png,saved,
recipe-image-223-la-cucina-dei-sogni-amuse-bouche,La Cucina dei Sogni,Amuse-Bouche,Crispy arancini with wild mushroom and black truffle filling,dish_pictures/Chef_Alessandro_De_Angelis-La_Cucina_dei_Sogni-Amuse-Bouche-Crispy_arancini_with_wild_mushroom_and_black_truffle_filling.webp,artifacts/recipe_images/new_pngs/recipe-image-223-la-cucina-dei-sogni-amuse-bouche.png,saved,
recipe-image-224-la-cucina-dei-sogni-appetizer,La Cucina dei Sogni,Appetizer,Seared foie gras with fig balsamic glaze and aged Parmigiano-Reggiano crisp,dish_pictures/Chef_Alessandro_De_Angelis-La_Cucina_dei_Sogni-Appetizer-Seared_foie_gras_with_fig_balsamic_glaze_and_aged_Parmigiano-Reggiano_crisp.webp,artifacts/recipe_images/new_pngs/recipe-image-224-la-cucina-dei-sogni-appetizer.png,saved,
recipe-image-225-la-cucina-dei-sogni-pasta,La Cucina dei Sogni,Pasta,Handmade pappardelle with slow-cooked wild boar ragù and shaved Pecorino Romano,dish_pictures/Chef_Alessandro_De_Angelis-La_Cucina_dei_Sogni-Pasta-Handmade_pappardelle_with_slow-cooked_wild_boar_ragù_and_shaved_Pecorino_Romano.webp,artifacts/recipe_images/new_pngs/recipe-image-225-la-cucina-dei-sogni-pasta.png,saved,
recipe-image-226-la-cucina-dei-sogni-fish,La Cucina dei Sogni,Fish,Grilled Mediterranean langoustines with saffron risotto and lobster bisque reduction,dish_pictures/Chef_Alessandro_De_Angelis-La_Cucina_dei_Sogni-Fish-Grilled_Mediterranean_langoustines_with_saffron_risotto_and_lobster_bisque_reduction.webp,artifacts/recipe_images/new_pngs/recipe-image-226-la-cucina-dei-sogni-fish.png,saved,
recipe-image-227-la-cucina-dei-sogni-meat,La Cucina dei Sogni,Meat,"Osso buco with gremolata, truffle-infused polenta, and Barolo demi-glace","dish_pictures/Chef_Alessandro_De_Angelis-La_Cucina_dei_Sogni-Meat-Osso_buco_with_gremolata,_truffle-infused_polenta,_and_Barolo_demi-glace.webp",artifacts/recipe_images/new_pngs/recipe-image-227-la-cucina-dei-sogni-meat.png,saved,
recipe-image-228-la-cucina-dei-sogni-cheese,La Cucina dei Sogni,Cheese,"Selection of fine Italian cheeses with fruit compote, artisanal bread, and balsamic pearls","dish_pictures/Chef_Alessandro_De_Angelis-La_Cucina_dei_Sogni-Cheese-Selection_of_fine_Italian_cheeses_with_fruit_compote,_artisanal_bread,_and_balsamic_pearls.webp",artifacts/recipe_images/new_pngs/recipe-image-228-la-cucina-dei-sogni-cheese.png,saved,
recipe-image-229-la-cucina-dei-sogni-dessert,La Cucina dei Sogni,Dessert,Tiramisu al limoncello with candied lemon zest and pistachio crumble,dish_pictures/Chef_Alessandro_De_Angelis-La_Cucina_dei_Sogni-Dessert-Tiramisu_al_limoncello_with_candied_lemon_zest_and_pistachio_crumble.webp,artifacts/recipe_images/new_pngs/recipe-image-229-la-cucina-dei-sogni-dessert.png,saved,
recipe-image-230-parkview-elegance-amuse-bouche,Parkview Elegance,Amuse-Bouche,Kumamoto oyster with cucumber mignonette and smoked caviar,dish_pictures/Chef_Thomas_Kingsley-Parkview_Elegance-Amuse-Bouche-Kumamoto_oyster_with_cucumber_mignonette_and_smoked_caviar.webp,artifacts/recipe_images/new_pngs/recipe-image-230-parkview-elegance-amuse-bouche.png,saved,
recipe-image-231-parkview-elegance-appetizer,Parkview Elegance,Appetizer,"Butter-poached Maine lobster with parsnip purée, microgreens, and saffron beurre blanc","dish_pictures/Chef_Thomas_Kingsley-Parkview_Elegance-Appetizer-Butter-poached_Maine_lobster_with_parsnip_purée,_microgreens,_and_saffron_beurre_blanc.webp",artifacts/recipe_images/new_pngs/recipe-image-231-parkview-elegance-appetizer.png,saved,
recipe-image-232-parkview-elegance-soup,Parkview Elegance,Soup,Creamy wild mushroom bisque with black truffle foam and brioche croutons,dish_pictures/Chef_Thomas_Kingsley-Parkview_Elegance-Soup-Creamy_wild_mushroom_bisque_with_black_truffle_foam_and_brioche_croutons.webp,artifacts/recipe_images/new_pngs/recipe-image-232-parkview-elegance-soup.png,saved,
recipe-image-233-parkview-elegance-fish,Parkview Elegance,Fish,"Seared diver scallops with cauliflower purée, caviar, and Champagne beurre blanc","dish_pictures/Chef_Thomas_Kingsley-Parkview_Elegance-Fish-Seared_diver_scallops_with_cauliflower_purée,_caviar,_and_Champagne_beurre_blanc.webp",artifacts/recipe_images/new_pngs/recipe-image-233-parkview-elegance-fish.png,saved,
recipe-image-234-parkview-elegance-meat,Parkview Elegance,Meat,"Wagyu beef tenderloin with potato gratin, foie gras, and Perigord truffle jus","dish_pictures/Chef_Thomas_Kingsley-Parkview_Elegance-Meat-Wagyu_beef_tenderloin_with_potato_gratin,_foie_gras,_and_Perigord_truffle_jus.webp",artifacts/recipe_images/new_pngs/recipe-image-234-parkview-elegance-meat.png,saved,
recipe-image-235-parkview-elegance-cheese,Parkview Elegance,Cheese,"Selection of artisanal cheeses with fruit preserves, Marcona almonds, and walnut-raisin bread","dish_pictures/Chef_Thomas_Kingsley-Parkview_Elegance-Cheese-Selection_of_artisanal_cheeses_with_fruit_preserves,_Marcona_almonds,_and_walnut-raisin_bread.webp",artifacts/recipe_images/new_pngs/recipe-image-235-parkview-elegance-cheese.png,saved,
recipe-image-236-parkview-elegance-dessert,Parkview Elegance,Dessert,Dark chocolate soufflé with passion fruit coulis and Tahitian vanilla ice cream,dish_pictures/Chef_Thomas_Kingsley-Parkview_Elegance-Dessert-Dark_chocolate_soufflé_with_passion_fruit_coulis_and_Tahitian_vanilla_ice_cream.webp,artifacts/recipe_images/new_pngs/recipe-image-236-parkview-elegance-dessert.png,saved,
recipe-image-237-aurora-borealis-amuse-bouche,Aurora Borealis,Amuse-Bouche,Seared Arctic char tartare with gochujang aioli and crispy seaweed,dish_pictures/Chef_Hyeon_Min-jun-Aurora_Borealis-Amuse-Bouche-Seared_Arctic_char_tartare_with_gochujang_aioli_and_crispy_seaweed.webp,artifacts/recipe_images/new_pngs/recipe-image-237-aurora-borealis-amuse-bouche.png,saved,
recipe-image-238-aurora-borealis-appetizer,Aurora Borealis,Appetizer,Icelandic lamb mandu with fermented cabbage and doenjang dipping sauce,dish_pictures/Chef_Hyeon_Min-jun-Aurora_Borealis-Appetizer-Icelandic_lamb_mandu_with_fermented_cabbage_and_doenjang_dipping_sauce.webp,artifacts/recipe_images/new_pngs/recipe-image-238-aurora-borealis-appetizer.png,saved,
recipe-image-239-aurora-borealis-soup,Aurora Borealis,Soup,Miso and dulse seaweed soup with smoked tofu and wild mushrooms,dish_pictures/Chef_Hyeon_Min-jun-Aurora_Borealis-Soup-Miso_and_dulse_seaweed_soup_with_smoked_tofu_and_wild_mushrooms.webp,artifacts/recipe_images/new_pngs/recipe-image-239-aurora-borealis-soup.png,saved,
recipe-image-240-aurora-borealis-fish,Aurora Borealis,Fish,Pan-seared Atlantic cod with kimchi fried rice and pickled radish,dish_pictures/Chef_Hyeon_Min-jun-Aurora_Borealis-Fish-Pan-seared_Atlantic_cod_with_kimchi_fried_rice_and_pickled_radish.webp,artifacts/recipe_images/new_pngs/recipe-image-240-aurora-borealis-fish.png,saved,
recipe-image-241-aurora-borealis-meat,Aurora Borealis,Meat,Bulgogi-marinated reindeer with Icelandic barley risotto and ssamjang sauce,dish_pictures/Chef_Hyeon_Min-jun-Aurora_Borealis-Meat-Bulgogi-marinated_reindeer_with_Icelandic_barley_risotto_and_ssamjang_sauce.webp,artifacts/recipe_images/new_pngs/recipe-image-241-aurora-borealis-meat.png,saved,
recipe-image-242-aurora-borealis-dessert,Aurora Borealis,Dessert,Yuzu-infused Skyr mousse with honeycomb and mixed berry coulis,dish_pictures/Chef_Hyeon_Min-jun-Aurora_Borealis-Dessert-Yuzu-infused_Skyr_mousse_with_honeycomb_and_mixed_berry_coulis.webp,artifacts/recipe_images/new_pngs/recipe-image-242-aurora-borealis-dessert.png,saved,
recipe-image-243-aurora-borealis-petit-fours,Aurora Borealis,Petit Fours,Matcha-dusted Icelandic chocolate truffles and sesame-honey brittle,dish_pictures/Chef_Hyeon_Min-jun-Aurora_Borealis-Petit_Fours-Matcha-dusted_Icelandic_chocolate_truffles_and_sesame-honey_brittle.webp,artifacts/recipe_images/new_pngs/recipe-image-243-aurora-borealis-petit-fours.png,saved,
recipe-image-244-pescado-sagrado-amuse-bouche,Pescado Sagrado,Amuse-Bouche,"Wild-caught Amazonian shrimp ceviche with lime, mango, and aji amarillo","dish_pictures/Chef_Alejandro_Torres-Pescado_Sagrado-Amuse-Bouche-Wild-caught_Amazonian_shrimp_ceviche_with_lime,_mango,_and_aji_amarillo.webp",artifacts/recipe_images/new_pngs/recipe-image-244-pescado-sagrado-amuse-bouche.png,saved,
recipe-image-245-pescado-sagrado-appetizer,Pescado Sagrado,Appetizer,Tiradito of sustainably caught sea bass with avocado mousse and passion fruit vinaigrette,dish_pictures/Chef_Alejandro_Torres-Pescado_Sagrado-Appetizer-Tiradito_of_sustainably_caught_sea_bass_with_avocado_mousse_and_passion_fruit_vinaigrette.webp,artifacts/recipe_images/new_pngs/recipe-image-245-pescado-sagrado-appetizer.png,saved,
recipe-image-246-pescado-sagrado-salad,Pescado Sagrado,Salad,Heart of palm and quinoa salad with pomegranate seeds and chia-lime dressing,dish_pictures/Chef_Alejandro_Torres-Pescado_Sagrado-Salad-Heart_of_palm_and_quinoa_salad_with_pomegranate_seeds_and_chia-lime_dressing.webp,artifacts/recipe_images/new_pngs/recipe-image-246-pescado-sagrado-salad.png,saved,
recipe-image-247-pescado-sagrado-fish,Pescado Sagrado,Fish,Cured Patagonian toothfish with chile-infused tapioca pearls and tamarillo sauce,dish_pictures/Chef_Alejandro_Torres-Pescado_Sagrado-Fish-Cured_Patagonian_toothfish_with_chile-infused_tapioca_pearls_and_tamarillo_sauce.webp,artifacts/recipe_images/new_pngs/recipe-image-247-pescado-sagrado-fish.png,saved,
recipe-image-248-pescado-sagrado-main-course,Pescado Sagrado,Main Course,Amazonian catfish sashimi with heirloom tomato salsa and a side of purple corn arepas,dish_pictures/Chef_Alejandro_Torres-Pescado_Sagrado-Main_Course-Amazonian_catfish_sashimi_with_heirloom_tomato_salsa_and_a_side_of_purple_corn_arepas.webp,artifacts/recipe_images/new_pngs/recipe-image-248-pescado-sagrado-main-course.png,saved,
recipe-image-249-pescado-sagrado-pre-dessert,Pescado Sagrado,Pre-Dessert,Acai sorbet with cacao nibs and an edible flower garnish,dish_pictures/Chef_Alejandro_Torres-Pescado_Sagrado-Pre-Dessert-Acai_sorbet_with_cacao_nibs_and_an_edible_flower_garnish.webp,artifacts/recipe_images/new_pngs/recipe-image-249-pescado-sagrado-pre-dessert.png,saved,
recipe-image-250-pescado-sagrado-dessert,Pescado Sagrado,Dessert,Grilled pineapple carpaccio with coconut foam and guava coulis,dish_pictures/Chef_Alejandro_Torres-Pescado_Sagrado-Dessert-Grilled_pineapple_carpaccio_with_coconut_foam_and_guava_coulis.webp,artifacts/recipe_images/new_pngs/recipe-image-250-pescado-sagrado-dessert.png,saved,
recipe-image-251-sol-y-sakura-amuse-bouche,Sol y Sakura,Amuse-Bouche,Tuna and piquillo pepper temaki with shiso and Spanish olive oil,dish_pictures/Chef_Isabella_Sánchez-Sol_y_Sakura-Amuse-Bouche-Tuna_and_piquillo_pepper_temaki_with_shiso_and_Spanish_olive_oil.webp,artifacts/recipe_images/new_pngs/recipe-image-251-sol-y-sakura-amuse-bouche.png,saved,
recipe-image-252-sol-y-sakura-appetizer,Sol y Sakura,Appetizer,Seared scallops with jamón ibérico and yuzu miso sauce,dish_pictures/Chef_Isabella_Sánchez-Sol_y_Sakura-Appetizer-Seared_scallops_with_jamón_ibérico_and_yuzu_miso_sauce.webp,artifacts/recipe_images/new_pngs/recipe-image-252-sol-y-sakura-appetizer.png,saved,
recipe-image-253-sol-y-sakura-soup,Sol y Sakura,Soup,"Gazpacho with uni, daikon radish, and wasabi oil","dish_pictures/Chef_Isabella_Sánchez-Sol_y_Sakura-Soup-Gazpacho_with_uni,_daikon_radish,_and_wasabi_oil.webp",artifacts/recipe_images/new_pngs/recipe-image-253-sol-y-sakura-soup.png,saved,
recipe-image-254-sol-y-sakura-fish,Sol y Sakura,Fish,"Grilled octopus with shishito peppers, sake-glazed eggplant, and romesco sauce","dish_pictures/Chef_Isabella_Sánchez-Sol_y_Sakura-Fish-Grilled_octopus_with_shishito_peppers,_sake-glazed_eggplant,_and_romesco_sauce.webp",artifacts/recipe_images/new_pngs/recipe-image-254-sol-y-sakura-fish.png,saved,
recipe-image-255-sol-y-sakura-meat,Sol y Sakura,Meat,"Wagyu beef tataki with pimientos de Padrón, garlic chips, and ponzu reduction","dish_pictures/Chef_Isabella_Sánchez-Sol_y_Sakura-Meat-Wagyu_beef_tataki_with_pimientos_de_Padrón,_garlic_chips,_and_ponzu_reduction.webp",artifacts/recipe_images/new_pngs/recipe-image-255-sol-y-sakura-meat.png,saved,
recipe-image-256-sol-y-sakura-rice,Sol y Sakura,Rice,Saffron-infused sushi rice with roasted Mediterranean vegetables and crispy nori,dish_pictures/Chef_Isabella_Sánchez-Sol_y_Sakura-Rice-Saffron-infused_sushi_rice_with_roasted_Mediterranean_vegetables_and_crispy_nori.webp,artifacts/recipe_images/new_pngs/recipe-image-256-sol-y-sakura-rice.png,saved,
recipe-image-257-sol-y-sakura-dessert,Sol y Sakura,Dessert,Green tea and pistachio crème brûlée with a sesame brittle,dish_pictures/Chef_Isabella_Sánchez-Sol_y_Sakura-Dessert-Green_tea_and_pistachio_crème_brûlée_with_a_sesame_brittle.webp,artifacts/recipe_images/new_pngs/recipe-image-257-sol-y-sakura-dessert.png,saved,
recipe-image-258-le-papillon-d-or-amuse-bouche,Le Papillon d'Or,Amuse-Bouche,Smoked salmon mousse on blinis with caviar and chives,dish_pictures/Chef_Claude_Martin-Le_Papillon_d'Or-Amuse-Bouche-Smoked_salmon_mousse_on_blinis_with_caviar_and_chives.webp,artifacts/recipe_images/new_pngs/recipe-image-258-le-papillon-d-or-amuse-bouche.png,saved,
recipe-image-259-le-papillon-d-or-appetizer,Le Papillon d'Or,Appetizer,Seared foie gras with poached pear and brioche toast,dish_pictures/Chef_Claude_Martin-Le_Papillon_d'Or-Appetizer-Seared_foie_gras_with_poached_pear_and_brioche_toast.webp,artifacts/recipe_images/new_pngs/recipe-image-259-le-papillon-d-or-appetizer.png,saved,
recipe-image-260-le-papillon-d-or-fish,Le Papillon d'Or,Fish,"Sole meunière with brown butter, capers, and lemon","dish_pictures/Chef_Claude_Martin-Le_Papillon_d'Or-Fish-Sole_meunière_with_brown_butter,_capers,_and_lemon.webp",artifacts/recipe_images/new_pngs/recipe-image-260-le-papillon-d-or-fish.png,saved,
recipe-image-261-le-papillon-d-or-meat,Le Papillon d'Or,Meat,Roasted rack of lamb with ratatouille and rosemary jus,dish_pictures/Chef_Claude_Martin-Le_Papillon_d'Or-Meat-Roasted_rack_of_lamb_with_ratatouille_and_rosemary_jus.webp,artifacts/recipe_images/new_pngs/recipe-image-261-le-papillon-d-or-meat.png,saved,
recipe-image-262-le-papillon-d-or-cheese,Le Papillon d'Or,Cheese,Selection of regional French cheeses with fruit compote and walnut bread,dish_pictures/Chef_Claude_Martin-Le_Papillon_d'Or-Cheese-Selection_of_regional_French_cheeses_with_fruit_compote_and_walnut_bread.webp,artifacts/recipe_images/new_pngs/recipe-image-262-le-papillon-d-or-cheese.png,saved,
recipe-image-263-le-papillon-d-or-dessert,Le Papillon d'Or,Dessert,Tarte Tatin with crème fraîche and caramel sauce,dish_pictures/Chef_Claude_Martin-Le_Papillon_d'Or-Dessert-Tarte_Tatin_with_crème_fraîche_and_caramel_sauce.webp,artifacts/recipe_images/new_pngs/recipe-image-263-le-papillon-d-or-dessert.png,saved,
recipe-image-264-le-château-des-choux-amuse-bouche,Le Château des Choux,Amuse-Bouche,Mini gougères with Comté cheese and fresh herbs,dish_pictures/Chef_Marie_Dubois-Le_Château_des_Choux-Amuse-Bouche-Mini_gougères_with_Comté_cheese_and_fresh_herbs.webp,artifacts/recipe_images/new_pngs/recipe-image-264-le-château-des-choux-amuse-bouche.png,saved,
recipe-image-265-le-château-des-choux-appetizer,Le Château des Choux,Appetizer,"Savory éclair filled with goat cheese mousse, sun-dried tomatoes, and basil","dish_pictures/Chef_Marie_Dubois-Le_Château_des_Choux-Appetizer-Savory_éclair_filled_with_goat_cheese_mousse,_sun-dried_tomatoes,_and_basil.webp",artifacts/recipe_images/new_pngs/recipe-image-265-le-château-des-choux-appetizer.png,saved,
recipe-image-266-le-château-des-choux-fish,Le Château des Choux,Fish,Salmon mousse-filled profiteroles with dill cream sauce,dish_pictures/Chef_Marie_Dubois-Le_Château_des_Choux-Fish-Salmon_mousse-filled_profiteroles_with_dill_cream_sauce.webp,artifacts/recipe_images/new_pngs/recipe-image-266-le-château-des-choux-fish.png,saved,
recipe-image-267-le-château-des-choux-meat,Le Château des Choux,Meat,"Savory religieuse with duck confit and foie gras mousse, topped with truffle glaze","dish_pictures/Chef_Marie_Dubois-Le_Château_des_Choux-Meat-Savory_religieuse_with_duck_confit_and_foie_gras_mousse,_topped_with_truffle_glaze.webp",artifacts/recipe_images/new_pngs/recipe-image-267-le-château-des-choux-meat.png,saved,
recipe-image-268-le-château-des-choux-pre-dessert,Le Château des Choux,Pre-Dessert,Lemon meringue éclair with tangy lemon curd filling and torched meringue,dish_pictures/Chef_Marie_Dubois-Le_Château_des_Choux-Pre-Dessert-Lemon_meringue_éclair_with_tangy_lemon_curd_filling_and_torched_meringue.webp,artifacts/recipe_images/new_pngs/recipe-image-268-le-château-des-choux-pre-dessert.png,saved,
recipe-image-269-le-château-des-choux-dessert,Le Château des Choux,Dessert,Classic chocolate éclair with rich Valrhona chocolate cream and chocolate glaze,dish_pictures/Chef_Marie_Dubois-Le_Château_des_Choux-Dessert-Classic_chocolate_éclair_with_rich_Valrhona_chocolate_cream_and_chocolate_glaze.webp,artifacts/recipe_images/new_pngs/recipe-image-269-le-château-des-choux-dessert.png,saved,
recipe-image-270-le-château-des-choux-petit-four,Le Château des Choux,Petit Four,Raspberry and pistachio religieuse with raspberry cream and pistachio mousseline,dish_pictures/Chef_Marie_Dubois-Le_Château_des_Choux-Petit_Four-Raspberry_and_pistachio_religieuse_with_raspberry_cream_and_pistachio_mousseline.webp,artifacts/recipe_images/new_pngs/recipe-image-270-le-château-des-choux-petit-four.png,saved,
recipe-image-271-la-esencia-amuse-bouche,La Esencia,Amuse-Bouche,Jamon Iberico with pan con tomate,dish_pictures/Chef_Alejandro_Torres-La_Esencia-Amuse-Bouche-Jamon_Iberico_with_pan_con_tomate.webp,artifacts/recipe_images/new_pngs/recipe-image-271-la-esencia-amuse-bouche.png,saved,
recipe-image-272-la-esencia-appetizer,La Esencia,Appetizer,Salmorejo with quail egg and crispy Serrano ham,dish_pictures/Chef_Alejandro_Torres-La_Esencia-Appetizer-Salmorejo_with_quail_egg_and_crispy_Serrano_ham.webp,artifacts/recipe_images/new_pngs/recipe-image-272-la-esencia-appetizer.png,saved,
recipe-image-273-la-esencia-fish,La Esencia,Fish,Grilled octopus with potato cream and smoked paprika,dish_pictures/Chef_Alejandro_Torres-La_Esencia-Fish-Grilled_octopus_with_potato_cream_and_smoked_paprika.webp,artifacts/recipe_images/new_pngs/recipe-image-273-la-esencia-fish.png,saved,
recipe-image-274-la-esencia-meat,La Esencia,Meat,"Cordero al Chilindrón – Slow-cooked lamb with red pepper, tomato, and onion sauce","dish_pictures/Chef_Alejandro_Torres-La_Esencia-Meat-Cordero_al_Chilindrón_–_Slow-cooked_lamb_with_red_pepper,_tomato,_and_onion_sauce.webp",artifacts/recipe_images/new_pngs/recipe-image-274-la-esencia-meat.png,saved,
recipe-image-275-la-esencia-cheese,La Esencia,Cheese,"Spanish cheese selection with quince paste, Marcona almonds, and olive oil crackers","dish_pictures/Chef_Alejandro_Torres-La_Esencia-Cheese-Spanish_cheese_selection_with_quince_paste,_Marcona_almonds,_and_olive_oil_crackers.webp",artifacts/recipe_images/new_pngs/recipe-image-275-la-esencia-cheese.png,saved,
recipe-image-276-la-esencia-dessert,La Esencia,Dessert,"Torrijas – Caramelized brioche soaked in cinnamon-infused milk, served with vanilla ice cream","dish_pictures/Chef_Alejandro_Torres-La_Esencia-Dessert-Torrijas_–_Caramelized_brioche_soaked_in_cinnamon-infused_milk,_served_with_vanilla_ice_cream.webp",artifacts/recipe_images/new_pngs/recipe-image-276-la-esencia-dessert.png,saved,
recipe-image-277-la-dame-de-pic-amuse-bouche,La Dame de Pic,Amuse-Bouche,Red pepper and raspberry gazpacho with basil and coriander,dish_pictures/Chef_Anne-Sophie_Pic-La_Dame_de_Pic-Amuse-Bouche-Red_pepper_and_raspberry_gazpacho_with_basil_and_coriander.webp,artifacts/recipe_images/new_pngs/recipe-image-277-la-dame-de-pic-amuse-bouche.png,saved,
recipe-image-278-la-dame-de-pic-appetizer,La Dame de Pic,Appetizer,"Smoked eel with beetroot, horseradish, and granny smith apple","dish_pictures/Chef_Anne-Sophie_Pic-La_Dame_de_Pic-Appetizer-Smoked_eel_with_beetroot,_horseradish,_and_granny_smith_apple.webp",artifacts/recipe_images/new_pngs/recipe-image-278-la-dame-de-pic-appetizer.png,saved,
recipe-image-279-la-dame-de-pic-fish,La Dame de Pic,Fish,"Pan-seared scallops with cauliflower, brown butter, and curry leaf","dish_pictures/Chef_Anne-Sophie_Pic-La_Dame_de_Pic-Fish-Pan-seared_scallops_with_cauliflower,_brown_butter,_and_curry_leaf.webp",artifacts/recipe_images/new_pngs/recipe-image-279-la-dame-de-pic-fish.png,saved,
recipe-image-280-la-dame-de-pic-meat,La Dame de Pic,Meat,"Venison with chestnuts, juniper berries, and parsnip purée","dish_pictures/Chef_Anne-Sophie_Pic-La_Dame_de_Pic-Meat-Venison_with_chestnuts,_juniper_berries,_and_parsnip_purée.webp",artifacts/recipe_images/new_pngs/recipe-image-280-la-dame-de-pic-meat.png,saved,
recipe-image-281-la-dame-de-pic-cheese,La Dame de Pic,Cheese,Selection of French cheeses with fig jam and walnut bread,dish_pictures/Chef_Anne-Sophie_Pic-La_Dame_de_Pic-Cheese-Selection_of_French_cheeses_with_fig_jam_and_walnut_bread.webp,artifacts/recipe_images/new_pngs/recipe-image-281-la-dame-de-pic-cheese.png,saved,
recipe-image-282-la-dame-de-pic-dessert,La Dame de Pic,Dessert,"Chocolate with passion fruit, ginger, and hazelnut crumble","dish_pictures/Chef_Anne-Sophie_Pic-La_Dame_de_Pic-Dessert-Chocolate_with_passion_fruit,_ginger,_and_hazelnut_crumble.webp",artifacts/recipe_images/new_pngs/recipe-image-282-la-dame-de-pic-dessert.png,saved,
recipe-image-283-the-imperial-room-amuse-bouche,The Imperial Room,Amuse-Bouche,Caviar with blinis and crème fraîche,dish_pictures/Chef_Pierre_Gagnaire-The_Imperial_Room-Amuse-Bouche-Caviar_with_blinis_and_crème_fraîche.webp,artifacts/recipe_images/new_pngs/recipe-image-283-the-imperial-room-amuse-bouche.png,saved,
recipe-image-284-the-imperial-room-appetizer,The Imperial Room,Appetizer,Seared scallops with black truffle and Jerusalem artichoke purée,dish_pictures/Chef_Pierre_Gagnaire-The_Imperial_Room-Appetizer-Seared_scallops_with_black_truffle_and_Jerusalem_artichoke_purée.webp,artifacts/recipe_images/new_pngs/recipe-image-284-the-imperial-room-appetizer.png,saved,
recipe-image-285-the-imperial-room-soup,The Imperial Room,Soup,Lobster bisque with saffron and cognac,dish_pictures/Chef_Pierre_Gagnaire-The_Imperial_Room-Soup-Lobster_bisque_with_saffron_and_cognac.webp,artifacts/recipe_images/new_pngs/recipe-image-285-the-imperial-room-soup.png,saved,
recipe-image-286-the-imperial-room-fish,The Imperial Room,Fish,"Turbot with Champagne sauce, caviar, and asparagus","dish_pictures/Chef_Pierre_Gagnaire-The_Imperial_Room-Fish-Turbot_with_Champagne_sauce,_caviar,_and_asparagus.webp",artifacts/recipe_images/new_pngs/recipe-image-286-the-imperial-room-fish.png,saved,
recipe-image-287-the-imperial-room-meat,The Imperial Room,Meat,"Roasted duck with orange and kumquat, foie gras and black currant sauce","dish_pictures/Chef_Pierre_Gagnaire-The_Imperial_Room-Meat-Roasted_duck_with_orange_and_kumquat,_foie_gras_and_black_currant_sauce.webp",artifacts/recipe_images/new_pngs/recipe-image-287-the-imperial-room-meat.png,saved,
recipe-image-288-the-imperial-room-cheese,The Imperial Room,Cheese,Selection of French cheeses with truffle honey and walnut bread,dish_pictures/Chef_Pierre_Gagnaire-The_Imperial_Room-Cheese-Selection_of_French_cheeses_with_truffle_honey_and_walnut_bread.webp,artifacts/recipe_images/new_pngs/recipe-image-288-the-imperial-room-cheese.png,saved,
recipe-image-289-the-imperial-room-dessert,The Imperial Room,Dessert,"Crème brûlée with vanilla and raspberry, gold leaf garnish","dish_pictures/Chef_Pierre_Gagnaire-The_Imperial_Room-Dessert-Crème_brûlée_with_vanilla_and_raspberry,_gold_leaf_garnish.webp",artifacts/recipe_images/new_pngs/recipe-image-289-the-imperial-room-dessert.png,saved,
