custom_id,restaurant_name,chef_name,location,course,dish_name,dish_description,source_webp_path,prompt,output_png_path,model,size,quality
recipe-image-001-l-etoile-d-or-amuse-bouche,L'Etoile d'Or,Chef Laurent Dupont,"Four Seasons Hotel, Paris",Amuse-Bouche,Crispy Parmesan waffle with tomato and basil gelée,Crispy Parmesan waffle with tomato and basil gelée,dish_pictures/Chef_Laurent_Dupont-L'Etoile_d'Or-Amuse-Bouche-Crispy_Parmesan_waffle_with_tomato_and_basil_gelée.webp,"Square 1024x1024 fine-dining editorial food photograph for a luxury digital tasting menu. Create a photorealistic plated dish with natural restaurant lighting, refined composition, crisp textures, appetizing color, shallow depth of field, and elegant negative space. No text, no logos, no watermarks, no hands, no utensils dominating the frame, no recipe card. Restaurant context: L'Etoile d'Or in Four Seasons Hotel, Paris, led by Chef Laurent Dupont. Dining room mood: L'Etoile d'Or offers a luxurious and intimate dining experience, adorned with opulent gold accents, crystal chandeliers, and elegant silk drapery. The soft lighting and plush velvet seating create an atmosphere of romance and sophistication, while the floor-to-ceiling windows offer breathtaking views of the Eiffel Tower. Course: Amuse-Bouche. Dish: Crispy Parmesan waffle with tomato and basil gelée. Wine pairing influence: Champagne Henriot Brut Souverain. Let the plating, garnish, table surface, and background atmosphere quietly reflect the restaurant's cuisine and setting.",artifacts/recipe_images/new_pngs/recipe-image-001-l-etoile-d-or-amuse-bouche.png,gpt-image-2,1024x1024,medium
recipe-image-002-l-etoile-d-or-appetizer,L'Etoile d'Or,Chef Laurent Dupont,"Four Seasons Hotel, Paris",Appetizer,Caramelized scallops with cauliflower purée and truffle essence,Caramelized scallops with cauliflower purée and truffle essence,dish_pictures/Chef_Laurent_Dupont-L'Etoile_d'Or-Appetizer-Caramelized_scallops_with_cauliflower_purée_and_truffle_essence.webp,"Square 1024x1024 fine-dining editorial food photograph for a luxury digital tasting menu. Create a photorealistic plated dish with natural restaurant lighting, refined composition, crisp textures, appetizing color, shallow depth of field, and elegant negative space. No text, no logos, no watermarks, no hands, no utensils dominating the frame, no recipe card. Restaurant context: L'Etoile d'Or in Four Seasons Hotel, Paris, led by Chef Laurent Dupont. Dining room mood: L'Etoile d'Or offers a luxurious and intimate dining experience, adorned with opulent gold accents, crystal chandeliers, and elegant silk drapery. The soft lighting and plush velvet seating create an atmosphere of romance and sophistication, while the floor-to-ceiling windows offer breathtaking views of the Eiffel Tower. Course: Appetizer. Dish: Caramelized scallops with cauliflower purée and truffle essence. Wine pairing influence: Sancerre Domaine Vacheron 2020. Let the plating, garnish, table surface, and background atmosphere quietly reflect the restaurant's cuisine and setting.",artifacts/recipe_images/new_pngs/recipe-image-002-l-etoile-d-or-appetizer.png,gpt-image-2,1024x1024,medium
recipe-image-003-l-etoile-d-or-soup,L'Etoile d'Or,Chef Laurent Dupont,"Four Seasons Hotel, Paris",Soup,Velvety butternut squash bisque with crème fraîche and sage croutons,Velvety butternut squash bisque with crème fraîche and sage croutons,dish_pictures/Chef_Laurent_Dupont-L'Etoile_d'Or-Soup-Velvety_butternut_squash_bisque_with_crème_fraîche_and_sage_croutons.webp,"Square 1024x1024 fine-dining editorial food photograph for a luxury digital tasting menu. Create a photorealistic plated dish with natural restaurant lighting, refined composition, crisp textures, appetizing color, shallow depth of field, and elegant negative space. No text, no logos, no watermarks, no hands, no utensils dominating the frame, no recipe card. Restaurant context: L'Etoile d'Or in Four Seasons Hotel, Paris, led by Chef Laurent Dupont. Dining room mood: L'Etoile d'Or offers a luxurious and intimate dining experience, adorned with opulent gold accents, crystal chandeliers, and elegant silk drapery. The soft lighting and plush velvet seating create an atmosphere of romance and sophistication, while the floor-to-ceiling windows offer breathtaking views of the Eiffel Tower. Course: Soup. Dish: Velvety butternut squash bisque with crème fraîche and sage croutons. Wine pairing influence: Chardonnay Olivier Leflaive Bourgogne 2019. Let the plating, garnish, table surface, and background atmosphere quietly reflect the restaurant's cuisine and setting.",artifacts/recipe_images/new_pngs/recipe-image-003-l-etoile-d-or-soup.png,gpt-image-2,1024x1024,medium
recipe-image-004-l-etoile-d-or-fish,L'Etoile d'Or,Chef Laurent Dupont,"Four Seasons Hotel, Paris",Fish,"Pan-seared turbot with Jerusalem artichoke purée, morel mushrooms, and beurre blanc","Pan-seared turbot with Jerusalem artichoke purée, morel mushrooms, and beurre blanc","dish_pictures/Chef_Laurent_Dupont-L'Etoile_d'Or-Fish-Pan-seared_turbot_with_Jerusalem_artichoke_purée,_morel_mushrooms,_and_beurre_blanc.webp","Square 1024x1024 fine-dining editorial food photograph for a luxury digital tasting menu. Create a photorealistic plated dish with natural restaurant lighting, refined composition, crisp textures, appetizing color, shallow depth of field, and elegant negative space. No text, no logos, no watermarks, no hands, no utensils dominating the frame, no recipe card. Restaurant context: L'Etoile d'Or in Four Seasons Hotel, Paris, led by Chef Laurent Dupont. Dining room mood: L'Etoile d'Or offers a luxurious and intimate dining experience, adorned with opulent gold accents, crystal chandeliers, and elegant silk drapery. The soft lighting and plush velvet seating create an atmosphere of romance and sophistication, while the floor-to-ceiling windows offer breathtaking views of the Eiffel Tower. Course: Fish. Dish: Pan-seared turbot with Jerusalem artichoke purée, morel mushrooms, and beurre blanc. Wine pairing influence: Meursault Les Narvaux Domaine Michelot 2018. Let the plating, garnish, table surface, and background atmosphere quietly reflect the restaurant's cuisine and setting.",artifacts/recipe_images/new_pngs/recipe-image-004-l-etoile-d-or-fish.png,gpt-image-2,1024x1024,medium
recipe-image-005-l-etoile-d-or-meat,L'Etoile d'Or,Chef Laurent Dupont,"Four Seasons Hotel, Paris",Meat,"Roasted duck breast with figs, purple potatoes, and honey-thyme reduction","Roasted duck breast with figs, purple potatoes, and honey-thyme reduction","dish_pictures/Chef_Laurent_Dupont-L'Etoile_d'Or-Meat-Roasted_duck_breast_with_figs,_purple_potatoes,_and_honey-thyme_reduction.webp","Square 1024x1024 fine-dining editorial food photograph for a luxury digital tasting menu. Create a photorealistic plated dish with natural restaurant lighting, refined composition, crisp textures, appetizing color, shallow depth of field, and elegant negative space. No text, no logos, no watermarks, no hands, no utensils dominating the frame, no recipe card. Restaurant context: L'Etoile d'Or in Four Seasons Hotel, Paris, led by Chef Laurent Dupont. Dining room mood: L'Etoile d'Or offers a luxurious and intimate dining experience, adorned with opulent gold accents, crystal chandeliers, and elegant silk drapery. The soft lighting and plush velvet seating create an atmosphere of romance and sophistication, while the floor-to-ceiling windows offer breathtaking views of the Eiffel Tower. Course: Meat. Dish: Roasted duck breast with figs, purple potatoes, and honey-thyme reduction. Wine pairing influence: Pomerol Château La Pointe 2016. Let the plating, garnish, table surface, and background atmosphere quietly reflect the restaurant's cuisine and setting.",artifacts/recipe_images/new_pngs/recipe-image-005-l-etoile-d-or-meat.png,gpt-image-2,1024x1024,medium
recipe-image-006-l-etoile-d-or-cheese,L'Etoile d'Or,Chef Laurent Dupont,"Four Seasons Hotel, Paris",Cheese,Selection of artisanal French cheeses with quince paste and walnut bread,Selection of artisanal French cheeses with quince paste and walnut bread,dish_pictures/Chef_Laurent_Dupont-L'Etoile_d'Or-Cheese-Selection_of_artisanal_French_cheeses_with_quince_paste_and_walnut_bread.webp,"Square 1024x1024 fine-dining editorial food photograph for a luxury digital tasting menu. Create a photorealistic plated dish with natural restaurant lighting, refined composition, crisp textures, appetizing color, shallow depth of field, and elegant negative space. No text, no logos, no watermarks, no hands, no utensils dominating the frame, no recipe card. Restaurant context: L'Etoile d'Or in Four Seasons Hotel, Paris, led by Chef Laurent Dupont. Dining room mood: L'Etoile d'Or offers a luxurious and intimate dining experience, adorned with opulent gold accents, crystal chandeliers, and elegant silk drapery. The soft lighting and plush velvet seating create an atmosphere of romance and sophistication, while the floor-to-ceiling windows offer breathtaking views of the Eiffel Tower. Course: Cheese. Dish: Selection of artisanal French cheeses with quince paste and walnut bread. Wine pairing influence: Sauternes Château Lafaurie-Peyraguey 2017. Let the plating, garnish, table surface, and background atmosphere quietly reflect the restaurant's cuisine and setting.",artifacts/recipe_images/new_pngs/recipe-image-006-l-etoile-d-or-cheese.png,gpt-image-2,1024x1024,medium
recipe-image-007-l-etoile-d-or-dessert,L'Etoile d'Or,Chef Laurent Dupont,"Four Seasons Hotel, Paris",Dessert,Valrhona chocolate fondant with raspberry coulis and Tahitian vanilla ice cream,Valrhona chocolate fondant with raspberry coulis and Tahitian vanilla ice cream,dish_pictures/Chef_Laurent_Dupont-L'Etoile_d'Or-Dessert-Valrhona_chocolate_fondant_with_raspberry_coulis_and_Tahitian_vanilla_ice_cream.webp,"Square 1024x1024 fine-dining editorial food photograph for a luxury digital tasting menu. Create a photorealistic plated dish with natural restaurant lighting, refined composition, crisp textures, appetizing color, shallow depth of field, and elegant negative space. No text, no logos, no watermarks, no hands, no utensils dominating the frame, no recipe card. Restaurant context: L'Etoile d'Or in Four Seasons Hotel, Paris, led by Chef Laurent Dupont. Dining room mood: L'Etoile d'Or offers a luxurious and intimate dining experience, adorned with opulent gold accents, crystal chandeliers, and elegant silk drapery. The soft lighting and plush velvet seating create an atmosphere of romance and sophistication, while the floor-to-ceiling windows offer breathtaking views of the Eiffel Tower. Course: Dessert. Dish: Valrhona chocolate fondant with raspberry coulis and Tahitian vanilla ice cream. Wine pairing influence: Banyuls Domaine La Tour Vieille 2018. Let the plating, garnish, table surface, and background atmosphere quietly reflect the restaurant's cuisine and setting.",artifacts/recipe_images/new_pngs/recipe-image-007-l-etoile-d-or-dessert.png,gpt-image-2,1024x1024,medium
recipe-image-008-sakura-no-hana-sakizuke,Sakura No Hana,Chef Katsuro Tanaka,"Four Seasons Hotel, Kyoto",Sakizuke,"Seasonal appetizer with Kyoto vegetables, tofu, and yuzu miso","Seasonal appetizer with Kyoto vegetables, tofu, and yuzu miso","dish_pictures/Chef_Katsuro_Tanaka-Sakura_No_Hana-Sakizuke-Seasonal_appetizer_with_Kyoto_vegetables,_tofu,_and_yuzu_miso.webp","Square 1024x1024 fine-dining editorial food photograph for a luxury digital tasting menu. Create a photorealistic plated dish with natural restaurant lighting, refined composition, crisp textures, appetizing color, shallow depth of field, and elegant negative space. No text, no logos, no watermarks, no hands, no utensils dominating the frame, no recipe card. Restaurant context: Sakura No Hana in Four Seasons Hotel, Kyoto, led by Chef Katsuro Tanaka. Dining room mood: Sakura No Hana provides an exquisite and serene dining experience, featuring traditional Japanese architecture and design elements. Guests are surrounded by natural wood and stone, with delicate cherry blossom motifs adorning the walls. The floor-to-ceiling windows overlook a beautiful Japanese garden, creating an atmosphere of tranquility and harmony. Course: Sakizuke. Dish: Seasonal appetizer with Kyoto vegetables, tofu, and yuzu miso. Wine pairing influence: Dassai 23 Junmai Daiginjo Sake. Let the plating, garnish, table surface, and background atmosphere quietly reflect the restaurant's cuisine and setting.",artifacts/recipe_images/new_pngs/recipe-image-008-sakura-no-hana-sakizuke.png,gpt-image-2,1024x1024,medium
recipe-image-009-sakura-no-hana-sashimi,Sakura No Hana,Chef Katsuro Tanaka,"Four Seasons Hotel, Kyoto",Sashimi,Assorted fresh sashimi selection served with house-made soy sauce and wasabi,Assorted fresh sashimi selection served with house-made soy sauce and wasabi,dish_pictures/Chef_Katsuro_Tanaka-Sakura_No_Hana-Sashimi-Assorted_fresh_sashimi_selection_served_with_house-made_soy_sauce_and_wasabi.webp,"Square 1024x1024 fine-dining editorial food photograph for a luxury digital tasting menu. Create a photorealistic plated dish with natural restaurant lighting, refined composition, crisp textures, appetizing color, shallow depth of field, and elegant negative space. No text, no logos, no watermarks, no hands, no utensils dominating the frame, no recipe card. Restaurant context: Sakura No Hana in Four Seasons Hotel, Kyoto, led by Chef Katsuro Tanaka. Dining room mood: Sakura No Hana provides an exquisite and serene dining experience, featuring traditional Japanese architecture and design elements. Guests are surrounded by natural wood and stone, with delicate cherry blossom motifs adorning the walls. The floor-to-ceiling windows overlook a beautiful Japanese garden, creating an atmosphere of tranquility and harmony. Course: Sashimi. Dish: Assorted fresh sashimi selection served with house-made soy sauce and wasabi. Wine pairing influence: Kubota Manju Junmai Daiginjo Sake. Let the plating, garnish, table surface, and background atmosphere quietly reflect the restaurant's cuisine and setting.",artifacts/recipe_images/new_pngs/recipe-image-009-sakura-no-hana-sashimi.png,gpt-image-2,1024x1024,medium
recipe-image-010-sakura-no-hana-nimono,Sakura No Hana,Chef Katsuro Tanaka,"Four Seasons Hotel, Kyoto",Nimono,"Simmered seasonal fish with daikon radish, ginger, and Kyoto miso","Simmered seasonal fish with daikon radish, ginger, and Kyoto miso","dish_pictures/Chef_Katsuro_Tanaka-Sakura_No_Hana-Nimono-Simmered_seasonal_fish_with_daikon_radish,_ginger,_and_Kyoto_miso.webp","Square 1024x1024 fine-dining editorial food photograph for a luxury digital tasting menu. Create a photorealistic plated dish with natural restaurant lighting, refined composition, crisp textures, appetizing color, shallow depth of field, and elegant negative space. No text, no logos, no watermarks, no hands, no utensils dominating the frame, no recipe card. Restaurant context: Sakura No Hana in Four Seasons Hotel, Kyoto, led by Chef Katsuro Tanaka. Dining room mood: Sakura No Hana provides an exquisite and serene dining experience, featuring traditional Japanese architecture and design elements. Guests are surrounded by natural wood and stone, with delicate cherry blossom motifs adorning the walls. The floor-to-ceiling windows overlook a beautiful Japanese garden, creating an atmosphere of tranquility and harmony. Course: Nimono. Dish: Simmered seasonal fish with daikon radish, ginger, and Kyoto miso. Wine pairing influence: Hakutsuru Excellent Junmai Sake. Let the plating, garnish, table surface, and background atmosphere quietly reflect the restaurant's cuisine and setting.",artifacts/recipe_images/new_pngs/recipe-image-010-sakura-no-hana-nimono.png,gpt-image-2,1024x1024,medium
recipe-image-011-sakura-no-hana-tempura,Sakura No Hana,Chef Katsuro Tanaka,"Four Seasons Hotel, Kyoto",Tempura,"Crispy tempura featuring seasonal vegetables and shrimp, served with matcha salt and tentsuyu sauce","Crispy tempura featuring seasonal vegetables and shrimp, served with matcha salt and tentsuyu sauce","dish_pictures/Chef_Katsuro_Tanaka-Sakura_No_Hana-Tempura-Crispy_tempura_featuring_seasonal_vegetables_and_shrimp,_served_with_matcha_salt_and_tentsuyu_sauce.webp","Square 1024x1024 fine-dining editorial food photograph for a luxury digital tasting menu. Create a photorealistic plated dish with natural restaurant lighting, refined composition, crisp textures, appetizing color, shallow depth of field, and elegant negative space. No text, no logos, no watermarks, no hands, no utensils dominating the frame, no recipe card. Restaurant context: Sakura No Hana in Four Seasons Hotel, Kyoto, led by Chef Katsuro Tanaka. Dining room mood: Sakura No Hana provides an exquisite and serene dining experience, featuring traditional Japanese architecture and design elements. Guests are surrounded by natural wood and stone, with delicate cherry blossom motifs adorning the walls. The floor-to-ceiling windows overlook a beautiful Japanese garden, creating an atmosphere of tranquility and harmony. Course: Tempura. Dish: Crispy tempura featuring seasonal vegetables and shrimp, served with matcha salt and tentsuyu sauce. Wine pairing influence: Tatenokawa 18 Junmai Daiginjo Sake. Let the plating, garnish, table surface, and background atmosphere quietly reflect the restaurant's cuisine and setting.",artifacts/recipe_images/new_pngs/recipe-image-011-sakura-no-hana-tempura.png,gpt-image-2,1024x1024,medium
recipe-image-012-sakura-no-hana-yakimono,Sakura No Hana,Chef Katsuro Tanaka,"Four Seasons Hotel, Kyoto",Yakimono,"Grilled Wagyu beef with shiitake mushrooms, asparagus, and a yuzu-kosho sauce","Grilled Wagyu beef with shiitake mushrooms, asparagus, and a yuzu-kosho sauce","dish_pictures/Chef_Katsuro_Tanaka-Sakura_No_Hana-Yakimono-Grilled_Wagyu_beef_with_shiitake_mushrooms,_asparagus,_and_a_yuzu-kosho_sauce.webp","Square 1024x1024 fine-dining editorial food photograph for a luxury digital tasting menu. Create a photorealistic plated dish with natural restaurant lighting, refined composition, crisp textures, appetizing color, shallow depth of field, and elegant negative space. No text, no logos, no watermarks, no hands, no utensils dominating the frame, no recipe card. Restaurant context: Sakura No Hana in Four Seasons Hotel, Kyoto, led by Chef Katsuro Tanaka. Dining room mood: Sakura No Hana provides an exquisite and serene dining experience, featuring traditional Japanese architecture and design elements. Guests are surrounded by natural wood and stone, with delicate cherry blossom motifs adorning the walls. The floor-to-ceiling windows overlook a beautiful Japanese garden, creating an atmosphere of tranquility and harmony. Course: Yakimono. Dish: Grilled Wagyu beef with shiitake mushrooms, asparagus, and a yuzu-kosho sauce. Wine pairing influence: Isojiman Junmai Daiginjo Sake. Let the plating, garnish, table surface, and background atmosphere quietly reflect the restaurant's cuisine and setting.",artifacts/recipe_images/new_pngs/recipe-image-012-sakura-no-hana-yakimono.png,gpt-image-2,1024x1024,medium
recipe-image-013-sakura-no-hana-gohan,Sakura No Hana,Chef Katsuro Tanaka,"Four Seasons Hotel, Kyoto",Gohan,"Koshihikari rice cooked with seasonal ingredients, miso soup, and pickles","Koshihikari rice cooked with seasonal ingredients, miso soup, and pickles","dish_pictures/Chef_Katsuro_Tanaka-Sakura_No_Hana-Gohan-Koshihikari_rice_cooked_with_seasonal_ingredients,_miso_soup,_and_pickles.webp","Square 1024x1024 fine-dining editorial food photograph for a luxury digital tasting menu. Create a photorealistic plated dish with natural restaurant lighting, refined composition, crisp textures, appetizing color, shallow depth of field, and elegant negative space. No text, no logos, no watermarks, no hands, no utensils dominating the frame, no recipe card. Restaurant context: Sakura No Hana in Four Seasons Hotel, Kyoto, led by Chef Katsuro Tanaka. Dining room mood: Sakura No Hana provides an exquisite and serene dining experience, featuring traditional Japanese architecture and design elements. Guests are surrounded by natural wood and stone, with delicate cherry blossom motifs adorning the walls. The floor-to-ceiling windows overlook a beautiful Japanese garden, creating an atmosphere of tranquility and harmony. Course: Gohan. Dish: Koshihikari rice cooked with seasonal ingredients, miso soup, and pickles. Wine pairing influence: Hakkaisan Junmai Ginjo Sake. Let the plating, garnish, table surface, and background atmosphere quietly reflect the restaurant's cuisine and setting.",artifacts/recipe_images/new_pngs/recipe-image-013-sakura-no-hana-gohan.png,gpt-image-2,1024x1024,medium
recipe-image-014-sakura-no-hana-dessert,Sakura No Hana,Chef Katsuro Tanaka,"Four Seasons Hotel, Kyoto",Dessert,Matcha mousse with azuki bean paste and yuzu sorbet,Matcha mousse with azuki bean paste and yuzu sorbet,dish_pictures/Chef_Katsuro_Tanaka-Sakura_No_Hana-Dessert-Matcha_mousse_with_azuki_bean_paste_and_yuzu_sorbet.webp,"Square 1024x1024 fine-dining editorial food photograph for a luxury digital tasting menu. Create a photorealistic plated dish with natural restaurant lighting, refined composition, crisp textures, appetizing color, shallow depth of field, and elegant negative space. No text, no logos, no watermarks, no hands, no utensils dominating the frame, no recipe card. Restaurant context: Sakura No Hana in Four Seasons Hotel, Kyoto, led by Chef Katsuro Tanaka. Dining room mood: Sakura No Hana provides an exquisite and serene dining experience, featuring traditional Japanese architecture and design elements. Guests are surrounded by natural wood and stone, with delicate cherry blossom motifs adorning the walls. The floor-to-ceiling windows overlook a beautiful Japanese garden, creating an atmosphere of tranquility and harmony. Course: Dessert. Dish: Matcha mousse with azuki bean paste and yuzu sorbet. Wine pairing influence: Umetsu Yuzushu. Let the plating, garnish, table surface, and background atmosphere quietly reflect the restaurant's cuisine and setting.",artifacts/recipe_images/new_pngs/recipe-image-014-sakura-no-hana-dessert.png,gpt-image-2,1024x1024,medium
recipe-image-015-taman-sari-amuse-bouche,Taman Sari,Chef Made Agus,"Four Seasons Resort, Bali at Jimbaran Bay",Amuse-Bouche,Balinese spiced tuna tartare on crispy cassava chip,Balinese spiced tuna tartare on crispy cassava chip,dish_pictures/Chef_Made_Agus-Taman_Sari-Amuse-Bouche-Balinese_spiced_tuna_tartare_on_crispy_cassava_chip.webp,"Square 1024x1024 fine-dining editorial food photograph for a luxury digital tasting menu. Create a photorealistic plated dish with natural restaurant lighting, refined composition, crisp textures, appetizing color, shallow depth of field, and elegant negative space. No text, no logos, no watermarks, no hands, no utensils dominating the frame, no recipe card. Restaurant context: Taman Sari in Four Seasons Resort, Bali at Jimbaran Bay, led by Chef Made Agus. Dining room mood: Taman Sari, meaning 'Water Garden' in Indonesian, offers a breathtaking open-air dining experience. The restaurant is adorned with traditional Balinese carvings, lush tropical greenery, and water features. Guests can enjoy the stunning ocean views while indulging in the flavors of Bali, as the gentle sea breeze adds to the enchanting atmosphere. Course: Amuse-Bouche. Dish: Balinese spiced tuna tartare on crispy cassava chip. Wine pairing influence: Cloudy Bay Sauvignon Blanc 2020. Let the plating, garnish, table surface, and background atmosphere quietly reflect the restaurant's cuisine and setting.",artifacts/recipe_images/new_pngs/recipe-image-015-taman-sari-amuse-bouche.png,gpt-image-2,1024x1024,medium
recipe-image-016-taman-sari-appetizer,Taman Sari,Chef Made Agus,"Four Seasons Resort, Bali at Jimbaran Bay",Appetizer,Gado-gado salad with peanut sauce and fresh local vegetables,Gado-gado salad with peanut sauce and fresh local vegetables,dish_pictures/Chef_Made_Agus-Taman_Sari-Appetizer-Gado-gado_salad_with_peanut_sauce_and_fresh_local_vegetables.webp,"Square 1024x1024 fine-dining editorial food photograph for a luxury digital tasting menu. Create a photorealistic plated dish with natural restaurant lighting, refined composition, crisp textures, appetizing color, shallow depth of field, and elegant negative space. No text, no logos, no watermarks, no hands, no utensils dominating the frame, no recipe card. Restaurant context: Taman Sari in Four Seasons Resort, Bali at Jimbaran Bay, led by Chef Made Agus. Dining room mood: Taman Sari, meaning 'Water Garden' in Indonesian, offers a breathtaking open-air dining experience. The restaurant is adorned with traditional Balinese carvings, lush tropical greenery, and water features. Guests can enjoy the stunning ocean views while indulging in the flavors of Bali, as the gentle sea breeze adds to the enchanting atmosphere. Course: Appetizer. Dish: Gado-gado salad with peanut sauce and fresh local vegetables. Wine pairing influence: Domaine Laroche Chablis Saint Martin 2019. Let the plating, garnish, table surface, and background atmosphere quietly reflect the restaurant's cuisine and setting.",artifacts/recipe_images/new_pngs/recipe-image-016-taman-sari-appetizer.png,gpt-image-2,1024x1024,medium
recipe-image-017-taman-sari-soup,Taman Sari,Chef Made Agus,"Four Seasons Resort, Bali at Jimbaran Bay",Soup,"Soto Ayam, a traditional Indonesian chicken soup with lemongrass, turmeric, and glass noodles","Soto Ayam, a traditional Indonesian chicken soup with lemongrass, turmeric, and glass noodles","dish_pictures/Chef_Made_Agus-Taman_Sari-Soup-Soto_Ayam,_a_traditional_Indonesian_chicken_soup_with_lemongrass,_turmeric,_and_glass_noodles.webp","Square 1024x1024 fine-dining editorial food photograph for a luxury digital tasting menu. Create a photorealistic plated dish with natural restaurant lighting, refined composition, crisp textures, appetizing color, shallow depth of field, and elegant negative space. No text, no logos, no watermarks, no hands, no utensils dominating the frame, no recipe card. Restaurant context: Taman Sari in Four Seasons Resort, Bali at Jimbaran Bay, led by Chef Made Agus. Dining room mood: Taman Sari, meaning 'Water Garden' in Indonesian, offers a breathtaking open-air dining experience. The restaurant is adorned with traditional Balinese carvings, lush tropical greenery, and water features. Guests can enjoy the stunning ocean views while indulging in the flavors of Bali, as the gentle sea breeze adds to the enchanting atmosphere. Course: Soup. Dish: Soto Ayam, a traditional Indonesian chicken soup with lemongrass, turmeric, and glass noodles. Wine pairing influence: Dr. Loosen Blue Slate Riesling Kabinett 2019. Let the plating, garnish, table surface, and background atmosphere quietly reflect the restaurant's cuisine and setting.",artifacts/recipe_images/new_pngs/recipe-image-017-taman-sari-soup.png,gpt-image-2,1024x1024,medium
recipe-image-018-taman-sari-fish,Taman Sari,Chef Made Agus,"Four Seasons Resort, Bali at Jimbaran Bay",Fish,"Ikan Bakar, grilled Jimbaran Bay fish with sambal matah and steamed rice","Ikan Bakar, grilled Jimbaran Bay fish with sambal matah and steamed rice","dish_pictures/Chef_Made_Agus-Taman_Sari-Fish-Ikan_Bakar,_grilled_Jimbaran_Bay_fish_with_sambal_matah_and_steamed_rice.webp","Square 1024x1024 fine-dining editorial food photograph for a luxury digital tasting menu. Create a photorealistic plated dish with natural restaurant lighting, refined composition, crisp textures, appetizing color, shallow depth of field, and elegant negative space. No text, no logos, no watermarks, no hands, no utensils dominating the frame, no recipe card. Restaurant context: Taman Sari in Four Seasons Resort, Bali at Jimbaran Bay, led by Chef Made Agus. Dining room mood: Taman Sari, meaning 'Water Garden' in Indonesian, offers a breathtaking open-air dining experience. The restaurant is adorned with traditional Balinese carvings, lush tropical greenery, and water features. Guests can enjoy the stunning ocean views while indulging in the flavors of Bali, as the gentle sea breeze adds to the enchanting atmosphere. Course: Fish. Dish: Ikan Bakar, grilled Jimbaran Bay fish with sambal matah and steamed rice. Wine pairing influence: Pascal Jolivet Pouilly-Fumé 2020. Let the plating, garnish, table surface, and background atmosphere quietly reflect the restaurant's cuisine and setting.",artifacts/recipe_images/new_pngs/recipe-image-018-taman-sari-fish.png,gpt-image-2,1024x1024,medium
recipe-image-019-taman-sari-meat,Taman Sari,Chef Made Agus,"Four Seasons Resort, Bali at Jimbaran Bay",Meat,"Babi Guling, Balinese roast suckling pig with urap vegetables and lawar salad","Babi Guling, Balinese roast suckling pig with urap vegetables and lawar salad","dish_pictures/Chef_Made_Agus-Taman_Sari-Meat-Babi_Guling,_Balinese_roast_suckling_pig_with_urap_vegetables_and_lawar_salad.webp","Square 1024x1024 fine-dining editorial food photograph for a luxury digital tasting menu. Create a photorealistic plated dish with natural restaurant lighting, refined composition, crisp textures, appetizing color, shallow depth of field, and elegant negative space. No text, no logos, no watermarks, no hands, no utensils dominating the frame, no recipe card. Restaurant context: Taman Sari in Four Seasons Resort, Bali at Jimbaran Bay, led by Chef Made Agus. Dining room mood: Taman Sari, meaning 'Water Garden' in Indonesian, offers a breathtaking open-air dining experience. The restaurant is adorned with traditional Balinese carvings, lush tropical greenery, and water features. Guests can enjoy the stunning ocean views while indulging in the flavors of Bali, as the gentle sea breeze adds to the enchanting atmosphere. Course: Meat. Dish: Babi Guling, Balinese roast suckling pig with urap vegetables and lawar salad. Wine pairing influence: Penfolds Bin 28 Kalimna Shiraz 2018. Let the plating, garnish, table surface, and background atmosphere quietly reflect the restaurant's cuisine and setting.",artifacts/recipe_images/new_pngs/recipe-image-019-taman-sari-meat.png,gpt-image-2,1024x1024,medium
recipe-image-020-taman-sari-dessert,Taman Sari,Chef Made Agus,"Four Seasons Resort, Bali at Jimbaran Bay",Dessert,"Dadar Gulung, coconut crepes with palm sugar syrup and vanilla ice cream","Dadar Gulung, coconut crepes with palm sugar syrup and vanilla ice cream","dish_pictures/Chef_Made_Agus-Taman_Sari-Dessert-Dadar_Gulung,_coconut_crepes_with_palm_sugar_syrup_and_vanilla_ice_cream.webp","Square 1024x1024 fine-dining editorial food photograph for a luxury digital tasting menu. Create a photorealistic plated dish with natural restaurant lighting, refined composition, crisp textures, appetizing color, shallow depth of field, and elegant negative space. No text, no logos, no watermarks, no hands, no utensils dominating the frame, no recipe card. Restaurant context: Taman Sari in Four Seasons Resort, Bali at Jimbaran Bay, led by Chef Made Agus. Dining room mood: Taman Sari, meaning 'Water Garden' in Indonesian, offers a breathtaking open-air dining experience. The restaurant is adorned with traditional Balinese carvings, lush tropical greenery, and water features. Guests can enjoy the stunning ocean views while indulging in the flavors of Bali, as the gentle sea breeze adds to the enchanting atmosphere. Course: Dessert. Dish: Dadar Gulung, coconut crepes with palm sugar syrup and vanilla ice cream. Wine pairing influence: Château Rieussec Sauternes 2017. Let the plating, garnish, table surface, and background atmosphere quietly reflect the restaurant's cuisine and setting.",artifacts/recipe_images/new_pngs/recipe-image-020-taman-sari-dessert.png,gpt-image-2,1024x1024,medium
recipe-image-021-le-lagon-amuse-bouche,Le Lagon,Chef Matthieu Guérin,"Four Seasons Resort, Bora Bora",Amuse-Bouche,Tahitian-style poisson cru with coconut milk and lime,Tahitian-style poisson cru with coconut milk and lime,dish_pictures/Chef_Matthieu_Guérin-Le_Lagon-Amuse-Bouche-Tahitian-style_poisson_cru_with_coconut_milk_and_lime.webp,"Square 1024x1024 fine-dining editorial food photograph for a luxury digital tasting menu. Create a photorealistic plated dish with natural restaurant lighting, refined composition, crisp textures, appetizing color, shallow depth of field, and elegant negative space. No text, no logos, no watermarks, no hands, no utensils dominating the frame, no recipe card. Restaurant context: Le Lagon in Four Seasons Resort, Bora Bora, led by Chef Matthieu Guérin. Dining room mood: Le Lagon offers an unparalleled tropical dining experience, with a stunning open-air setting overlooking the turquoise waters of Bora Bora's lagoon. Surrounded by lush vegetation, the restaurant features Polynesian-inspired design elements, such as thatched-roof pavilions, hand-carved sculptures, and warm lighting. Guests can savor the exquisite cuisine while enjoying the gentle ocean breeze and breathtaking views of Mount Otemanu. Course: Amuse-Bouche. Dish: Tahitian-style poisson cru with coconut milk and lime. Wine pairing influence: Château d'Esclans Whispering Angel Rosé 2020. Let the plating, garnish, table surface, and background atmosphere quietly reflect the restaurant's cuisine and setting.",artifacts/recipe_images/new_pngs/recipe-image-021-le-lagon-amuse-bouche.png,gpt-image-2,1024x1024,medium
recipe-image-022-le-lagon-appetizer,Le Lagon,Chef Matthieu Guérin,"Four Seasons Resort, Bora Bora",Appetizer,Grilled octopus with mango salsa and vanilla-infused olive oil,Grilled octopus with mango salsa and vanilla-infused olive oil,dish_pictures/Chef_Matthieu_Guérin-Le_Lagon-Appetizer-Grilled_octopus_with_mango_salsa_and_vanilla-infused_olive_oil.webp,"Square 1024x1024 fine-dining editorial food photograph for a luxury digital tasting menu. Create a photorealistic plated dish with natural restaurant lighting, refined composition, crisp textures, appetizing color, shallow depth of field, and elegant negative space. No text, no logos, no watermarks, no hands, no utensils dominating the frame, no recipe card. Restaurant context: Le Lagon in Four Seasons Resort, Bora Bora, led by Chef Matthieu Guérin. Dining room mood: Le Lagon offers an unparalleled tropical dining experience, with a stunning open-air setting overlooking the turquoise waters of Bora Bora's lagoon. Surrounded by lush vegetation, the restaurant features Polynesian-inspired design elements, such as thatched-roof pavilions, hand-carved sculptures, and warm lighting. Guests can savor the exquisite cuisine while enjoying the gentle ocean breeze and breathtaking views of Mount Otemanu. Course: Appetizer. Dish: Grilled octopus with mango salsa and vanilla-infused olive oil. Wine pairing influence: Dog Point Vineyard Sauvignon Blanc 2020. Let the plating, garnish, table surface, and background atmosphere quietly reflect the restaurant's cuisine and setting.",artifacts/recipe_images/new_pngs/recipe-image-022-le-lagon-appetizer.png,gpt-image-2,1024x1024,medium
recipe-image-023-le-lagon-soup,Le Lagon,Chef Matthieu Guérin,"Four Seasons Resort, Bora Bora",Soup,Chilled cucumber and pineapple soup with mint and rum-infused yogurt,Chilled cucumber and pineapple soup with mint and rum-infused yogurt,dish_pictures/Chef_Matthieu_Guérin-Le_Lagon-Soup-Chilled_cucumber_and_pineapple_soup_with_mint_and_rum-infused_yogurt.webp,"Square 1024x1024 fine-dining editorial food photograph for a luxury digital tasting menu. Create a photorealistic plated dish with natural restaurant lighting, refined composition, crisp textures, appetizing color, shallow depth of field, and elegant negative space. No text, no logos, no watermarks, no hands, no utensils dominating the frame, no recipe card. Restaurant context: Le Lagon in Four Seasons Resort, Bora Bora, led by Chef Matthieu Guérin. Dining room mood: Le Lagon offers an unparalleled tropical dining experience, with a stunning open-air setting overlooking the turquoise waters of Bora Bora's lagoon. Surrounded by lush vegetation, the restaurant features Polynesian-inspired design elements, such as thatched-roof pavilions, hand-carved sculptures, and warm lighting. Guests can savor the exquisite cuisine while enjoying the gentle ocean breeze and breathtaking views of Mount Otemanu. Course: Soup. Dish: Chilled cucumber and pineapple soup with mint and rum-infused yogurt. Wine pairing influence: Robert Mondavi Fumé Blanc 2019. Let the plating, garnish, table surface, and background atmosphere quietly reflect the restaurant's cuisine and setting.",artifacts/recipe_images/new_pngs/recipe-image-023-le-lagon-soup.png,gpt-image-2,1024x1024,medium
recipe-image-024-le-lagon-fish,Le Lagon,Chef Matthieu Guérin,"Four Seasons Resort, Bora Bora",Fish,"Pan-seared mahi-mahi with sweet potato purée, sautéed bok choy, and passionfruit beurre blanc","Pan-seared mahi-mahi with sweet potato purée, sautéed bok choy, and passionfruit beurre blanc","dish_pictures/Chef_Matthieu_Guérin-Le_Lagon-Fish-Pan-seared_mahi-mahi_with_sweet_potato_purée,_sautéed_bok_choy,_and_passionfruit_beurre_blanc.webp","Square 1024x1024 fine-dining editorial food photograph for a luxury digital tasting menu. Create a photorealistic plated dish with natural restaurant lighting, refined composition, crisp textures, appetizing color, shallow depth of field, and elegant negative space. No text, no logos, no watermarks, no hands, no utensils dominating the frame, no recipe card. Restaurant context: Le Lagon in Four Seasons Resort, Bora Bora, led by Chef Matthieu Guérin. Dining room mood: Le Lagon offers an unparalleled tropical dining experience, with a stunning open-air setting overlooking the turquoise waters of Bora Bora's lagoon. Surrounded by lush vegetation, the restaurant features Polynesian-inspired design elements, such as thatched-roof pavilions, hand-carved sculptures, and warm lighting. Guests can savor the exquisite cuisine while enjoying the gentle ocean breeze and breathtaking views of Mount Otemanu. Course: Fish. Dish: Pan-seared mahi-mahi with sweet potato purée, sautéed bok choy, and passionfruit beurre blanc. Wine pairing influence: Domaine Louis Moreau Chablis 2019. Let the plating, garnish, table surface, and background atmosphere quietly reflect the restaurant's cuisine and setting.",artifacts/recipe_images/new_pngs/recipe-image-024-le-lagon-fish.png,gpt-image-2,1024x1024,medium
recipe-image-025-le-lagon-meat,Le Lagon,Chef Matthieu Guérin,"Four Seasons Resort, Bora Bora",Meat,"Grilled New Zealand lamb chops with taro root gratin, broccolini, and rosemary jus","Grilled New Zealand lamb chops with taro root gratin, broccolini, and rosemary jus","dish_pictures/Chef_Matthieu_Guérin-Le_Lagon-Meat-Grilled_New_Zealand_lamb_chops_with_taro_root_gratin,_broccolini,_and_rosemary_jus.webp","Square 1024x1024 fine-dining editorial food photograph for a luxury digital tasting menu. Create a photorealistic plated dish with natural restaurant lighting, refined composition, crisp textures, appetizing color, shallow depth of field, and elegant negative space. No text, no logos, no watermarks, no hands, no utensils dominating the frame, no recipe card. Restaurant context: Le Lagon in Four Seasons Resort, Bora Bora, led by Chef Matthieu Guérin. Dining room mood: Le Lagon offers an unparalleled tropical dining experience, with a stunning open-air setting overlooking the turquoise waters of Bora Bora's lagoon. Surrounded by lush vegetation, the restaurant features Polynesian-inspired design elements, such as thatched-roof pavilions, hand-carved sculptures, and warm lighting. Guests can savor the exquisite cuisine while enjoying the gentle ocean breeze and breathtaking views of Mount Otemanu. Course: Meat. Dish: Grilled New Zealand lamb chops with taro root gratin, broccolini, and rosemary jus. Wine pairing influence: Craggy Range Te Kahu Gimblett Gravels Vineyard 2018. Let the plating, garnish, table surface, and background atmosphere quietly reflect the restaurant's cuisine and setting.",artifacts/recipe_images/new_pngs/recipe-image-025-le-lagon-meat.png,gpt-image-2,1024x1024,medium
recipe-image-026-le-lagon-dessert,Le Lagon,Chef Matthieu Guérin,"Four Seasons Resort, Bora Bora",Dessert,Vanilla bean panna cotta with poached papaya and coconut tuile,Vanilla bean panna cotta with poached papaya and coconut tuile,dish_pictures/Chef_Matthieu_Guérin-Le_Lagon-Dessert-Vanilla_bean_panna_cotta_with_poached_papaya_and_coconut_tuile.webp,"Square 1024x1024 fine-dining editorial food photograph for a luxury digital tasting menu. Create a photorealistic plated dish with natural restaurant lighting, refined composition, crisp textures, appetizing color, shallow depth of field, and elegant negative space. No text, no logos, no watermarks, no hands, no utensils dominating the frame, no recipe card. Restaurant context: Le Lagon in Four Seasons Resort, Bora Bora, led by Chef Matthieu Guérin. Dining room mood: Le Lagon offers an unparalleled tropical dining experience, with a stunning open-air setting overlooking the turquoise waters of Bora Bora's lagoon. Surrounded by lush vegetation, the restaurant features Polynesian-inspired design elements, such as thatched-roof pavilions, hand-carved sculptures, and warm lighting. Guests can savor the exquisite cuisine while enjoying the gentle ocean breeze and breathtaking views of Mount Otemanu. Course: Dessert. Dish: Vanilla bean panna cotta with poached papaya and coconut tuile. Wine pairing influence: Royal Tokaji Late Harvest 2017. Let the plating, garnish, table surface, and background atmosphere quietly reflect the restaurant's cuisine and setting.",artifacts/recipe_images/new_pngs/recipe-image-026-le-lagon-dessert.png,gpt-image-2,1024x1024,medium
recipe-image-027-inti-raymi-amuse-bouche,Inti Raymi,Chef Alejandro Sánchez,"Four Seasons Resort, Sacred Valley, Peru",Amuse-Bouche,Purple corn crisp with avocado mousse and trout ceviche,Purple corn crisp with avocado mousse and trout ceviche,dish_pictures/Chef_Alejandro_Sánchez-Inti_Raymi-Amuse-Bouche-Purple_corn_crisp_with_avocado_mousse_and_trout_ceviche.webp,"Square 1024x1024 fine-dining editorial food photograph for a luxury digital tasting menu. Create a photorealistic plated dish with natural restaurant lighting, refined composition, crisp textures, appetizing color, shallow depth of field, and elegant negative space. No text, no logos, no watermarks, no hands, no utensils dominating the frame, no recipe card. Restaurant context: Inti Raymi in Four Seasons Resort, Sacred Valley, Peru, led by Chef Alejandro Sánchez. Dining room mood: Inti Raymi, named after the Inca festival celebrating the sun god, offers a luxurious dining experience that embraces the rich cultural heritage of the Sacred Valley. The dining room features rustic stone walls, high wooden ceilings, and warm lighting, creating an atmosphere of sophistication and tranquility. Floor-to-ceiling windows showcase breathtaking views of the Andes Mountains, while local textiles and artwork pay homage to the region's indigenous roots. Course: Amuse-Bouche. Dish: Purple corn crisp with avocado mousse and trout ceviche. Wine pairing influence: Veramonte Sauvignon Blanc 2020. Let the plating, garnish, table surface, and background atmosphere quietly reflect the restaurant's cuisine and setting.",artifacts/recipe_images/new_pngs/recipe-image-027-inti-raymi-amuse-bouche.png,gpt-image-2,1024x1024,medium
recipe-image-028-inti-raymi-appetizer,Inti Raymi,Chef Alejandro Sánchez,"Four Seasons Resort, Sacred Valley, Peru",Appetizer,"Peruvian causa with layers of potato, aji amarillo, and crab salad","Peruvian causa with layers of potato, aji amarillo, and crab salad","dish_pictures/Chef_Alejandro_Sánchez-Inti_Raymi-Appetizer-Peruvian_causa_with_layers_of_potato,_aji_amarillo,_and_crab_salad.webp","Square 1024x1024 fine-dining editorial food photograph for a luxury digital tasting menu. Create a photorealistic plated dish with natural restaurant lighting, refined composition, crisp textures, appetizing color, shallow depth of field, and elegant negative space. No text, no logos, no watermarks, no hands, no utensils dominating the frame, no recipe card. Restaurant context: Inti Raymi in Four Seasons Resort, Sacred Valley, Peru, led by Chef Alejandro Sánchez. Dining room mood: Inti Raymi, named after the Inca festival celebrating the sun god, offers a luxurious dining experience that embraces the rich cultural heritage of the Sacred Valley. The dining room features rustic stone walls, high wooden ceilings, and warm lighting, creating an atmosphere of sophistication and tranquility. Floor-to-ceiling windows showcase breathtaking views of the Andes Mountains, while local textiles and artwork pay homage to the region's indigenous roots. Course: Appetizer. Dish: Peruvian causa with layers of potato, aji amarillo, and crab salad. Wine pairing influence: Terrazas de los Andes Reserva Torrontés 2019. Let the plating, garnish, table surface, and background atmosphere quietly reflect the restaurant's cuisine and setting.",artifacts/recipe_images/new_pngs/recipe-image-028-inti-raymi-appetizer.png,gpt-image-2,1024x1024,medium
recipe-image-029-inti-raymi-soup,Inti Raymi,Chef Alejandro Sánchez,"Four Seasons Resort, Sacred Valley, Peru",Soup,Quinoa and Andean cheese chowder with roasted corn and huacatay,Quinoa and Andean cheese chowder with roasted corn and huacatay,dish_pictures/Chef_Alejandro_Sánchez-Inti_Raymi-Soup-Quinoa_and_Andean_cheese_chowder_with_roasted_corn_and_huacatay.webp,"Square 1024x1024 fine-dining editorial food photograph for a luxury digital tasting menu. Create a photorealistic plated dish with natural restaurant lighting, refined composition, crisp textures, appetizing color, shallow depth of field, and elegant negative space. No text, no logos, no watermarks, no hands, no utensils dominating the frame, no recipe card. Restaurant context: Inti Raymi in Four Seasons Resort, Sacred Valley, Peru, led by Chef Alejandro Sánchez. Dining room mood: Inti Raymi, named after the Inca festival celebrating the sun god, offers a luxurious dining experience that embraces the rich cultural heritage of the Sacred Valley. The dining room features rustic stone walls, high wooden ceilings, and warm lighting, creating an atmosphere of sophistication and tranquility. Floor-to-ceiling windows showcase breathtaking views of the Andes Mountains, while local textiles and artwork pay homage to the region's indigenous roots. Course: Soup. Dish: Quinoa and Andean cheese chowder with roasted corn and huacatay. Wine pairing influence: Tabernero Gran Tinto Petit Verdot 2018. Let the plating, garnish, table surface, and background atmosphere quietly reflect the restaurant's cuisine and setting.",artifacts/recipe_images/new_pngs/recipe-image-029-inti-raymi-soup.png,gpt-image-2,1024x1024,medium
recipe-image-030-inti-raymi-fish,Inti Raymi,Chef Alejandro Sánchez,"Four Seasons Resort, Sacred Valley, Peru",Fish,"Amazonian paiche with aji panca glaze, yucca purée, and sautéed kale","Amazonian paiche with aji panca glaze, yucca purée, and sautéed kale","dish_pictures/Chef_Alejandro_Sánchez-Inti_Raymi-Fish-Amazonian_paiche_with_aji_panca_glaze,_yucca_purée,_and_sautéed_kale.webp","Square 1024x1024 fine-dining editorial food photograph for a luxury digital tasting menu. Create a photorealistic plated dish with natural restaurant lighting, refined composition, crisp textures, appetizing color, shallow depth of field, and elegant negative space. No text, no logos, no watermarks, no hands, no utensils dominating the frame, no recipe card. Restaurant context: Inti Raymi in Four Seasons Resort, Sacred Valley, Peru, led by Chef Alejandro Sánchez. Dining room mood: Inti Raymi, named after the Inca festival celebrating the sun god, offers a luxurious dining experience that embraces the rich cultural heritage of the Sacred Valley. The dining room features rustic stone walls, high wooden ceilings, and warm lighting, creating an atmosphere of sophistication and tranquility. Floor-to-ceiling windows showcase breathtaking views of the Andes Mountains, while local textiles and artwork pay homage to the region's indigenous roots. Course: Fish. Dish: Amazonian paiche with aji panca glaze, yucca purée, and sautéed kale. Wine pairing influence: Tikal Natural Mendoza Blend 2017. Let the plating, garnish, table surface, and background atmosphere quietly reflect the restaurant's cuisine and setting.",artifacts/recipe_images/new_pngs/recipe-image-030-inti-raymi-fish.png,gpt-image-2,1024x1024,medium
recipe-image-031-inti-raymi-meat,Inti Raymi,Chef Alejandro Sánchez,"Four Seasons Resort, Sacred Valley, Peru",Meat,Alpaca tenderloin with Peruvian corn succotash and rocoto pepper sauce,Alpaca tenderloin with Peruvian corn succotash and rocoto pepper sauce,dish_pictures/Chef_Alejandro_Sánchez-Inti_Raymi-Meat-Alpaca_tenderloin_with_Peruvian_corn_succotash_and_rocoto_pepper_sauce.webp,"Square 1024x1024 fine-dining editorial food photograph for a luxury digital tasting menu. Create a photorealistic plated dish with natural restaurant lighting, refined composition, crisp textures, appetizing color, shallow depth of field, and elegant negative space. No text, no logos, no watermarks, no hands, no utensils dominating the frame, no recipe card. Restaurant context: Inti Raymi in Four Seasons Resort, Sacred Valley, Peru, led by Chef Alejandro Sánchez. Dining room mood: Inti Raymi, named after the Inca festival celebrating the sun god, offers a luxurious dining experience that embraces the rich cultural heritage of the Sacred Valley. The dining room features rustic stone walls, high wooden ceilings, and warm lighting, creating an atmosphere of sophistication and tranquility. Floor-to-ceiling windows showcase breathtaking views of the Andes Mountains, while local textiles and artwork pay homage to the region's indigenous roots. Course: Meat. Dish: Alpaca tenderloin with Peruvian corn succotash and rocoto pepper sauce. Wine pairing influence: Enrique Foster Reserva Malbec 2018. Let the plating, garnish, table surface, and background atmosphere quietly reflect the restaurant's cuisine and setting.",artifacts/recipe_images/new_pngs/recipe-image-031-inti-raymi-meat.png,gpt-image-2,1024x1024,medium
recipe-image-032-inti-raymi-dessert,Inti Raymi,Chef Alejandro Sánchez,"Four Seasons Resort, Sacred Valley, Peru",Dessert,Lucuma mousse with maracuya coulis and chocolate crumble,Lucuma mousse with maracuya coulis and chocolate crumble,dish_pictures/Chef_Alejandro_Sánchez-Inti_Raymi-Dessert-Lucuma_mousse_with_maracuya_coulis_and_chocolate_crumble.webp,"Square 1024x1024 fine-dining editorial food photograph for a luxury digital tasting menu. Create a photorealistic plated dish with natural restaurant lighting, refined composition, crisp textures, appetizing color, shallow depth of field, and elegant negative space. No text, no logos, no watermarks, no hands, no utensils dominating the frame, no recipe card. Restaurant context: Inti Raymi in Four Seasons Resort, Sacred Valley, Peru, led by Chef Alejandro Sánchez. Dining room mood: Inti Raymi, named after the Inca festival celebrating the sun god, offers a luxurious dining experience that embraces the rich cultural heritage of the Sacred Valley. The dining room features rustic stone walls, high wooden ceilings, and warm lighting, creating an atmosphere of sophistication and tranquility. Floor-to-ceiling windows showcase breathtaking views of the Andes Mountains, while local textiles and artwork pay homage to the region's indigenous roots. Course: Dessert. Dish: Lucuma mousse with maracuya coulis and chocolate crumble. Wine pairing influence: Susana Balbo Late Harvest Malbec 2017. Let the plating, garnish, table surface, and background atmosphere quietly reflect the restaurant's cuisine and setting.",artifacts/recipe_images/new_pngs/recipe-image-032-inti-raymi-dessert.png,gpt-image-2,1024x1024,medium
recipe-image-033-majani-amuse-bouche,Majani,Chef Amani Sudi,"Four Seasons Safari Lodge, Serengeti, Tanzania",Amuse-Bouche,Biltong-spiced beef carpaccio with microgreens and lemon vinaigrette,Biltong-spiced beef carpaccio with microgreens and lemon vinaigrette,dish_pictures/Chef_Amani_Sudi-Majani-Amuse-Bouche-Biltong-spiced_beef_carpaccio_with_microgreens_and_lemon_vinaigrette.webp,"Square 1024x1024 fine-dining editorial food photograph for a luxury digital tasting menu. Create a photorealistic plated dish with natural restaurant lighting, refined composition, crisp textures, appetizing color, shallow depth of field, and elegant negative space. No text, no logos, no watermarks, no hands, no utensils dominating the frame, no recipe card. Restaurant context: Majani in Four Seasons Safari Lodge, Serengeti, Tanzania, led by Chef Amani Sudi. Dining room mood: Majani, meaning 'green' in Swahili, offers a luxurious and unique dining experience amidst the breathtaking landscapes of the Serengeti. The dining room features elegant wood furnishings, warm lighting, and African-inspired décor. Large open-air terraces allow guests to savor the flavors of the region while enjoying the magnificent views of the surrounding savannah and the majestic wildlife that inhabits it. Course: Amuse-Bouche. Dish: Biltong-spiced beef carpaccio with microgreens and lemon vinaigrette. Wine pairing influence: Hamilton Russell Vineyards Chardonnay 2020. Let the plating, garnish, table surface, and background atmosphere quietly reflect the restaurant's cuisine and setting.",artifacts/recipe_images/new_pngs/recipe-image-033-majani-amuse-bouche.png,gpt-image-2,1024x1024,medium
recipe-image-034-majani-appetizer,Majani,Chef Amani Sudi,"Four Seasons Safari Lodge, Serengeti, Tanzania",Appetizer,"Grilled tiger prawns with mango and avocado salad, and a chili-lime dressing","Grilled tiger prawns with mango and avocado salad, and a chili-lime dressing","dish_pictures/Chef_Amani_Sudi-Majani-Appetizer-Grilled_tiger_prawns_with_mango_and_avocado_salad,_and_a_chili-lime_dressing.webp","Square 1024x1024 fine-dining editorial food photograph for a luxury digital tasting menu. Create a photorealistic plated dish with natural restaurant lighting, refined composition, crisp textures, appetizing color, shallow depth of field, and elegant negative space. No text, no logos, no watermarks, no hands, no utensils dominating the frame, no recipe card. Restaurant context: Majani in Four Seasons Safari Lodge, Serengeti, Tanzania, led by Chef Amani Sudi. Dining room mood: Majani, meaning 'green' in Swahili, offers a luxurious and unique dining experience amidst the breathtaking landscapes of the Serengeti. The dining room features elegant wood furnishings, warm lighting, and African-inspired décor. Large open-air terraces allow guests to savor the flavors of the region while enjoying the magnificent views of the surrounding savannah and the majestic wildlife that inhabits it. Course: Appetizer. Dish: Grilled tiger prawns with mango and avocado salad, and a chili-lime dressing. Wine pairing influence: Mulderbosch Chenin Blanc 2019. Let the plating, garnish, table surface, and background atmosphere quietly reflect the restaurant's cuisine and setting.",artifacts/recipe_images/new_pngs/recipe-image-034-majani-appetizer.png,gpt-image-2,1024x1024,medium
recipe-image-035-majani-soup,Majani,Chef Amani Sudi,"Four Seasons Safari Lodge, Serengeti, Tanzania",Soup,"Roasted butternut squash soup with coconut cream, pumpkin seeds, and coriander","Roasted butternut squash soup with coconut cream, pumpkin seeds, and coriander","dish_pictures/Chef_Amani_Sudi-Majani-Soup-Roasted_butternut_squash_soup_with_coconut_cream,_pumpkin_seeds,_and_coriander.webp","Square 1024x1024 fine-dining editorial food photograph for a luxury digital tasting menu. Create a photorealistic plated dish with natural restaurant lighting, refined composition, crisp textures, appetizing color, shallow depth of field, and elegant negative space. No text, no logos, no watermarks, no hands, no utensils dominating the frame, no recipe card. Restaurant context: Majani in Four Seasons Safari Lodge, Serengeti, Tanzania, led by Chef Amani Sudi. Dining room mood: Majani, meaning 'green' in Swahili, offers a luxurious and unique dining experience amidst the breathtaking landscapes of the Serengeti. The dining room features elegant wood furnishings, warm lighting, and African-inspired décor. Large open-air terraces allow guests to savor the flavors of the region while enjoying the magnificent views of the surrounding savannah and the majestic wildlife that inhabits it. Course: Soup. Dish: Roasted butternut squash soup with coconut cream, pumpkin seeds, and coriander. Wine pairing influence: Warwick The First Lady Unoaked Chardonnay 2020. Let the plating, garnish, table surface, and background atmosphere quietly reflect the restaurant's cuisine and setting.",artifacts/recipe_images/new_pngs/recipe-image-035-majani-soup.png,gpt-image-2,1024x1024,medium
recipe-image-036-majani-fish,Majani,Chef Amani Sudi,"Four Seasons Safari Lodge, Serengeti, Tanzania",Fish,"Pan-seared Nile perch with okra, tomatoes, and an aromatic tamarind sauce","Pan-seared Nile perch with okra, tomatoes, and an aromatic tamarind sauce","dish_pictures/Chef_Amani_Sudi-Majani-Fish-Pan-seared_Nile_perch_with_okra,_tomatoes,_and_an_aromatic_tamarind_sauce.webp","Square 1024x1024 fine-dining editorial food photograph for a luxury digital tasting menu. Create a photorealistic plated dish with natural restaurant lighting, refined composition, crisp textures, appetizing color, shallow depth of field, and elegant negative space. No text, no logos, no watermarks, no hands, no utensils dominating the frame, no recipe card. Restaurant context: Majani in Four Seasons Safari Lodge, Serengeti, Tanzania, led by Chef Amani Sudi. Dining room mood: Majani, meaning 'green' in Swahili, offers a luxurious and unique dining experience amidst the breathtaking landscapes of the Serengeti. The dining room features elegant wood furnishings, warm lighting, and African-inspired décor. Large open-air terraces allow guests to savor the flavors of the region while enjoying the magnificent views of the surrounding savannah and the majestic wildlife that inhabits it. Course: Fish. Dish: Pan-seared Nile perch with okra, tomatoes, and an aromatic tamarind sauce. Wine pairing influence: Cederberg Sauvignon Blanc 2020. Let the plating, garnish, table surface, and background atmosphere quietly reflect the restaurant's cuisine and setting.",artifacts/recipe_images/new_pngs/recipe-image-036-majani-fish.png,gpt-image-2,1024x1024,medium
recipe-image-037-majani-meat,Majani,Chef Amani Sudi,"Four Seasons Safari Lodge, Serengeti, Tanzania",Meat,"Safari-spiced ostrich fillet with sweet potato mash, sautéed spinach, and red wine reduction","Safari-spiced ostrich fillet with sweet potato mash, sautéed spinach, and red wine reduction","dish_pictures/Chef_Amani_Sudi-Majani-Meat-Safari-spiced_ostrich_fillet_with_sweet_potato_mash,_sautéed_spinach,_and_red_wine_reduction.webp","Square 1024x1024 fine-dining editorial food photograph for a luxury digital tasting menu. Create a photorealistic plated dish with natural restaurant lighting, refined composition, crisp textures, appetizing color, shallow depth of field, and elegant negative space. No text, no logos, no watermarks, no hands, no utensils dominating the frame, no recipe card. Restaurant context: Majani in Four Seasons Safari Lodge, Serengeti, Tanzania, led by Chef Amani Sudi. Dining room mood: Majani, meaning 'green' in Swahili, offers a luxurious and unique dining experience amidst the breathtaking landscapes of the Serengeti. The dining room features elegant wood furnishings, warm lighting, and African-inspired décor. Large open-air terraces allow guests to savor the flavors of the region while enjoying the magnificent views of the surrounding savannah and the majestic wildlife that inhabits it. Course: Meat. Dish: Safari-spiced ostrich fillet with sweet potato mash, sautéed spinach, and red wine reduction. Wine pairing influence: Rust en Vrede Estate Cabernet Sauvignon 2018. Let the plating, garnish, table surface, and background atmosphere quietly reflect the restaurant's cuisine and setting.",artifacts/recipe_images/new_pngs/recipe-image-037-majani-meat.png,gpt-image-2,1024x1024,medium
recipe-image-038-majani-dessert,Majani,Chef Amani Sudi,"Four Seasons Safari Lodge, Serengeti, Tanzania",Dessert,Amarula-infused chocolate fondant with raspberry coulis and vanilla ice cream,Amarula-infused chocolate fondant with raspberry coulis and vanilla ice cream,dish_pictures/Chef_Amani_Sudi-Majani-Dessert-Amarula-infused_chocolate_fondant_with_raspberry_coulis_and_vanilla_ice_cream.webp,"Square 1024x1024 fine-dining editorial food photograph for a luxury digital tasting menu. Create a photorealistic plated dish with natural restaurant lighting, refined composition, crisp textures, appetizing color, shallow depth of field, and elegant negative space. No text, no logos, no watermarks, no hands, no utensils dominating the frame, no recipe card. Restaurant context: Majani in Four Seasons Safari Lodge, Serengeti, Tanzania, led by Chef Amani Sudi. Dining room mood: Majani, meaning 'green' in Swahili, offers a luxurious and unique dining experience amidst the breathtaking landscapes of the Serengeti. The dining room features elegant wood furnishings, warm lighting, and African-inspired décor. Large open-air terraces allow guests to savor the flavors of the region while enjoying the magnificent views of the surrounding savannah and the majestic wildlife that inhabits it. Course: Dessert. Dish: Amarula-infused chocolate fondant with raspberry coulis and vanilla ice cream. Wine pairing influence: Delaire Graff Botmaskop 2017. Let the plating, garnish, table surface, and background atmosphere quietly reflect the restaurant's cuisine and setting.",artifacts/recipe_images/new_pngs/recipe-image-038-majani-dessert.png,gpt-image-2,1024x1024,medium
recipe-image-039-la-serenissima-amuse-bouche,La Serenissima,Chef Giuseppe Di Martino,"Four Seasons Hotel, Venice",Amuse-Bouche,Crispy polenta with black truffle and Parmigiano-Reggiano foam,Crispy polenta with black truffle and Parmigiano-Reggiano foam,dish_pictures/Chef_Giuseppe_Di_Martino-La_Serenissima-Amuse-Bouche-Crispy_polenta_with_black_truffle_and_Parmigiano-Reggiano_foam.webp,"Square 1024x1024 fine-dining editorial food photograph for a luxury digital tasting menu. Create a photorealistic plated dish with natural restaurant lighting, refined composition, crisp textures, appetizing color, shallow depth of field, and elegant negative space. No text, no logos, no watermarks, no hands, no utensils dominating the frame, no recipe card. Restaurant context: La Serenissima in Four Seasons Hotel, Venice, led by Chef Giuseppe Di Martino. Dining room mood: La Serenissima, named after the historic Republic of Venice, provides an unparalleled dining experience within a lavish and elegant setting. The dining room boasts magnificent Venetian chandeliers, intricately frescoed ceilings, and luxurious silk wall coverings. Large windows overlooking the Grand Canal offer guests an enchanting view of Venice's timeless beauty as they indulge in the exquisite cuisine and fine Italian wines. Course: Amuse-Bouche. Dish: Crispy polenta with black truffle and Parmigiano-Reggiano foam. Wine pairing influence: Ca' del Bosco Franciacorta Cuvée Prestige Brut NV. Let the plating, garnish, table surface, and background atmosphere quietly reflect the restaurant's cuisine and setting.",artifacts/recipe_images/new_pngs/recipe-image-039-la-serenissima-amuse-bouche.png,gpt-image-2,1024x1024,medium
recipe-image-040-la-serenissima-appetizer,La Serenissima,Chef Giuseppe Di Martino,"Four Seasons Hotel, Venice",Appetizer,"Seared scallops with artichoke purée, crispy pancetta, and lemon-infused olive oil","Seared scallops with artichoke purée, crispy pancetta, and lemon-infused olive oil","dish_pictures/Chef_Giuseppe_Di_Martino-La_Serenissima-Appetizer-Seared_scallops_with_artichoke_purée,_crispy_pancetta,_and_lemon-infused_olive_oil.webp","Square 1024x1024 fine-dining editorial food photograph for a luxury digital tasting menu. Create a photorealistic plated dish with natural restaurant lighting, refined composition, crisp textures, appetizing color, shallow depth of field, and elegant negative space. No text, no logos, no watermarks, no hands, no utensils dominating the frame, no recipe card. Restaurant context: La Serenissima in Four Seasons Hotel, Venice, led by Chef Giuseppe Di Martino. Dining room mood: La Serenissima, named after the historic Republic of Venice, provides an unparalleled dining experience within a lavish and elegant setting. The dining room boasts magnificent Venetian chandeliers, intricately frescoed ceilings, and luxurious silk wall coverings. Large windows overlooking the Grand Canal offer guests an enchanting view of Venice's timeless beauty as they indulge in the exquisite cuisine and fine Italian wines. Course: Appetizer. Dish: Seared scallops with artichoke purée, crispy pancetta, and lemon-infused olive oil. Wine pairing influence: Livio Felluga Terre Alte 2018. Let the plating, garnish, table surface, and background atmosphere quietly reflect the restaurant's cuisine and setting.",artifacts/recipe_images/new_pngs/recipe-image-040-la-serenissima-appetizer.png,gpt-image-2,1024x1024,medium
recipe-image-041-la-serenissima-pasta,La Serenissima,Chef Giuseppe Di Martino,"Four Seasons Hotel, Venice",Pasta,"Homemade squid ink tagliolini with lobster, cherry tomatoes, and basil","Homemade squid ink tagliolini with lobster, cherry tomatoes, and basil","dish_pictures/Chef_Giuseppe_Di_Martino-La_Serenissima-Pasta-Homemade_squid_ink_tagliolini_with_lobster,_cherry_tomatoes,_and_basil.webp","Square 1024x1024 fine-dining editorial food photograph for a luxury digital tasting menu. Create a photorealistic plated dish with natural restaurant lighting, refined composition, crisp textures, appetizing color, shallow depth of field, and elegant negative space. No text, no logos, no watermarks, no hands, no utensils dominating the frame, no recipe card. Restaurant context: La Serenissima in Four Seasons Hotel, Venice, led by Chef Giuseppe Di Martino. Dining room mood: La Serenissima, named after the historic Republic of Venice, provides an unparalleled dining experience within a lavish and elegant setting. The dining room boasts magnificent Venetian chandeliers, intricately frescoed ceilings, and luxurious silk wall coverings. Large windows overlooking the Grand Canal offer guests an enchanting view of Venice's timeless beauty as they indulge in the exquisite cuisine and fine Italian wines. Course: Pasta. Dish: Homemade squid ink tagliolini with lobster, cherry tomatoes, and basil. Wine pairing influence: Pieropan Soave Classico La Rocca 2017. Let the plating, garnish, table surface, and background atmosphere quietly reflect the restaurant's cuisine and setting.",artifacts/recipe_images/new_pngs/recipe-image-041-la-serenissima-pasta.png,gpt-image-2,1024x1024,medium
recipe-image-042-la-serenissima-fish,La Serenissima,Chef Giuseppe Di Martino,"Four Seasons Hotel, Venice",Fish,"Pan-seared turbot with fennel confit, olives, and a saffron-orange emulsion","Pan-seared turbot with fennel confit, olives, and a saffron-orange emulsion","dish_pictures/Chef_Giuseppe_Di_Martino-La_Serenissima-Fish-Pan-seared_turbot_with_fennel_confit,_olives,_and_a_saffron-orange_emulsion.webp","Square 1024x1024 fine-dining editorial food photograph for a luxury digital tasting menu. Create a photorealistic plated dish with natural restaurant lighting, refined composition, crisp textures, appetizing color, shallow depth of field, and elegant negative space. No text, no logos, no watermarks, no hands, no utensils dominating the frame, no recipe card. Restaurant context: La Serenissima in Four Seasons Hotel, Venice, led by Chef Giuseppe Di Martino. Dining room mood: La Serenissima, named after the historic Republic of Venice, provides an unparalleled dining experience within a lavish and elegant setting. The dining room boasts magnificent Venetian chandeliers, intricately frescoed ceilings, and luxurious silk wall coverings. Large windows overlooking the Grand Canal offer guests an enchanting view of Venice's timeless beauty as they indulge in the exquisite cuisine and fine Italian wines. Course: Fish. Dish: Pan-seared turbot with fennel confit, olives, and a saffron-orange emulsion. Wine pairing influence: Planeta Chardonnay 2019. Let the plating, garnish, table surface, and background atmosphere quietly reflect the restaurant's cuisine and setting.",artifacts/recipe_images/new_pngs/recipe-image-042-la-serenissima-fish.png,gpt-image-2,1024x1024,medium
recipe-image-043-la-serenissima-meat,La Serenissima,Chef Giuseppe Di Martino,"Four Seasons Hotel, Venice",Meat,"Veal tenderloin with porcini mushrooms, truffled potato purée, and Barolo reduction","Veal tenderloin with porcini mushrooms, truffled potato purée, and Barolo reduction","dish_pictures/Chef_Giuseppe_Di_Martino-La_Serenissima-Meat-Veal_tenderloin_with_porcini_mushrooms,_truffled_potato_purée,_and_Barolo_reduction.webp","Square 1024x1024 fine-dining editorial food photograph for a luxury digital tasting menu. Create a photorealistic plated dish with natural restaurant lighting, refined composition, crisp textures, appetizing color, shallow depth of field, and elegant negative space. No text, no logos, no watermarks, no hands, no utensils dominating the frame, no recipe card. Restaurant context: La Serenissima in Four Seasons Hotel, Venice, led by Chef Giuseppe Di Martino. Dining room mood: La Serenissima, named after the historic Republic of Venice, provides an unparalleled dining experience within a lavish and elegant setting. The dining room boasts magnificent Venetian chandeliers, intricately frescoed ceilings, and luxurious silk wall coverings. Large windows overlooking the Grand Canal offer guests an enchanting view of Venice's timeless beauty as they indulge in the exquisite cuisine and fine Italian wines. Course: Meat. Dish: Veal tenderloin with porcini mushrooms, truffled potato purée, and Barolo reduction. Wine pairing influence: Brunello di Montalcino Poggio Antico 2015. Let the plating, garnish, table surface, and background atmosphere quietly reflect the restaurant's cuisine and setting.",artifacts/recipe_images/new_pngs/recipe-image-043-la-serenissima-meat.png,gpt-image-2,1024x1024,medium
recipe-image-044-la-serenissima-dessert,La Serenissima,Chef Giuseppe Di Martino,"Four Seasons Hotel, Venice",Dessert,Tiramisù semifreddo with espresso sauce and cocoa nibs,Tiramisù semifreddo with espresso sauce and cocoa nibs,dish_pictures/Chef_Giuseppe_Di_Martino-La_Serenissima-Dessert-Tiramisù_semifreddo_with_espresso_sauce_and_cocoa_nibs.webp,"Square 1024x1024 fine-dining editorial food photograph for a luxury digital tasting menu. Create a photorealistic plated dish with natural restaurant lighting, refined composition, crisp textures, appetizing color, shallow depth of field, and elegant negative space. No text, no logos, no watermarks, no hands, no utensils dominating the frame, no recipe card. Restaurant context: La Serenissima in Four Seasons Hotel, Venice, led by Chef Giuseppe Di Martino. Dining room mood: La Serenissima, named after the historic Republic of Venice, provides an unparalleled dining experience within a lavish and elegant setting. The dining room boasts magnificent Venetian chandeliers, intricately frescoed ceilings, and luxurious silk wall coverings. Large windows overlooking the Grand Canal offer guests an enchanting view of Venice's timeless beauty as they indulge in the exquisite cuisine and fine Italian wines. Course: Dessert. Dish: Tiramisù semifreddo with espresso sauce and cocoa nibs. Wine pairing influence: Moscato d'Asti La Spinetta Bricco Quaglia 2020. Let the plating, garnish, table surface, and background atmosphere quietly reflect the restaurant's cuisine and setting.",artifacts/recipe_images/new_pngs/recipe-image-044-la-serenissima-dessert.png,gpt-image-2,1024x1024,medium
recipe-image-045-le-paradis-des-douceurs-amuse-bouche,Le Paradis des Douceurs,Chef Juliette Dubois,"Four Seasons Hotel George V, Paris",Amuse-Bouche,Mini raspberry macarons with rose petal cream,Mini raspberry macarons with rose petal cream,dish_pictures/Chef_Juliette_Dubois-Le_Paradis_des_Douceurs-Amuse-Bouche-Mini_raspberry_macarons_with_rose_petal_cream.webp,"Square 1024x1024 fine-dining editorial food photograph for a luxury digital tasting menu. Create a photorealistic plated dish with natural restaurant lighting, refined composition, crisp textures, appetizing color, shallow depth of field, and elegant negative space. No text, no logos, no watermarks, no hands, no utensils dominating the frame, no recipe card. Restaurant context: Le Paradis des Douceurs in Four Seasons Hotel George V, Paris, led by Chef Juliette Dubois. Dining room mood: Le Paradis des Douceurs, situated within the opulent Four Seasons Hotel George V, transports guests to a world of indulgence and delight. The dining room features elegant crystal chandeliers, luxurious fabrics, and intricate moldings that reflect the grandeur of Parisian architecture. Floor-to-ceiling windows provide a stunning view of the hotel's beautiful gardens, creating an enchanting atmosphere in which to savor the exquisite dessert creations and fine wine pairings. Course: Amuse-Bouche. Dish: Mini raspberry macarons with rose petal cream. Wine pairing influence: Château d'Yquem Sauternes 2017. Let the plating, garnish, table surface, and background atmosphere quietly reflect the restaurant's cuisine and setting.",artifacts/recipe_images/new_pngs/recipe-image-045-le-paradis-des-douceurs-amuse-bouche.png,gpt-image-2,1024x1024,medium
recipe-image-046-le-paradis-des-douceurs-appetizer,Le Paradis des Douceurs,Chef Juliette Dubois,"Four Seasons Hotel George V, Paris",Appetizer,Exotic fruit carpaccio with lime zest and mint-infused syrup,Exotic fruit carpaccio with lime zest and mint-infused syrup,dish_pictures/Chef_Juliette_Dubois-Le_Paradis_des_Douceurs-Appetizer-Exotic_fruit_carpaccio_with_lime_zest_and_mint-infused_syrup.webp,"Square 1024x1024 fine-dining editorial food photograph for a luxury digital tasting menu. Create a photorealistic plated dish with natural restaurant lighting, refined composition, crisp textures, appetizing color, shallow depth of field, and elegant negative space. No text, no logos, no watermarks, no hands, no utensils dominating the frame, no recipe card. Restaurant context: Le Paradis des Douceurs in Four Seasons Hotel George V, Paris, led by Chef Juliette Dubois. Dining room mood: Le Paradis des Douceurs, situated within the opulent Four Seasons Hotel George V, transports guests to a world of indulgence and delight. The dining room features elegant crystal chandeliers, luxurious fabrics, and intricate moldings that reflect the grandeur of Parisian architecture. Floor-to-ceiling windows provide a stunning view of the hotel's beautiful gardens, creating an enchanting atmosphere in which to savor the exquisite dessert creations and fine wine pairings. Course: Appetizer. Dish: Exotic fruit carpaccio with lime zest and mint-infused syrup. Wine pairing influence: Domaine Huet Vouvray Moelleux Le Mont 2019. Let the plating, garnish, table surface, and background atmosphere quietly reflect the restaurant's cuisine and setting.",artifacts/recipe_images/new_pngs/recipe-image-046-le-paradis-des-douceurs-appetizer.png,gpt-image-2,1024x1024,medium
recipe-image-047-le-paradis-des-douceurs-soufflé,Le Paradis des Douceurs,Chef Juliette Dubois,"Four Seasons Hotel George V, Paris",Soufflé,Grand Marnier soufflé with candied orange peel,Grand Marnier soufflé with candied orange peel,dish_pictures/Chef_Juliette_Dubois-Le_Paradis_des_Douceurs-Soufflé-Grand_Marnier_soufflé_with_candied_orange_peel.webp,"Square 1024x1024 fine-dining editorial food photograph for a luxury digital tasting menu. Create a photorealistic plated dish with natural restaurant lighting, refined composition, crisp textures, appetizing color, shallow depth of field, and elegant negative space. No text, no logos, no watermarks, no hands, no utensils dominating the frame, no recipe card. Restaurant context: Le Paradis des Douceurs in Four Seasons Hotel George V, Paris, led by Chef Juliette Dubois. Dining room mood: Le Paradis des Douceurs, situated within the opulent Four Seasons Hotel George V, transports guests to a world of indulgence and delight. The dining room features elegant crystal chandeliers, luxurious fabrics, and intricate moldings that reflect the grandeur of Parisian architecture. Floor-to-ceiling windows provide a stunning view of the hotel's beautiful gardens, creating an enchanting atmosphere in which to savor the exquisite dessert creations and fine wine pairings. Course: Soufflé. Dish: Grand Marnier soufflé with candied orange peel. Wine pairing influence: Domaine Disznókő Tokaji Aszú 5 Puttonyos 2015. Let the plating, garnish, table surface, and background atmosphere quietly reflect the restaurant's cuisine and setting.",artifacts/recipe_images/new_pngs/recipe-image-047-le-paradis-des-douceurs-soufflé.png,gpt-image-2,1024x1024,medium
recipe-image-048-le-paradis-des-douceurs-tarte,Le Paradis des Douceurs,Chef Juliette Dubois,"Four Seasons Hotel George V, Paris",Tarte,"Tarte Tatin with caramelized apples, puff pastry, and vanilla crème fraîche","Tarte Tatin with caramelized apples, puff pastry, and vanilla crème fraîche","dish_pictures/Chef_Juliette_Dubois-Le_Paradis_des_Douceurs-Tarte-Tarte_Tatin_with_caramelized_apples,_puff_pastry,_and_vanilla_crème_fraîche.webp","Square 1024x1024 fine-dining editorial food photograph for a luxury digital tasting menu. Create a photorealistic plated dish with natural restaurant lighting, refined composition, crisp textures, appetizing color, shallow depth of field, and elegant negative space. No text, no logos, no watermarks, no hands, no utensils dominating the frame, no recipe card. Restaurant context: Le Paradis des Douceurs in Four Seasons Hotel George V, Paris, led by Chef Juliette Dubois. Dining room mood: Le Paradis des Douceurs, situated within the opulent Four Seasons Hotel George V, transports guests to a world of indulgence and delight. The dining room features elegant crystal chandeliers, luxurious fabrics, and intricate moldings that reflect the grandeur of Parisian architecture. Floor-to-ceiling windows provide a stunning view of the hotel's beautiful gardens, creating an enchanting atmosphere in which to savor the exquisite dessert creations and fine wine pairings. Course: Tarte. Dish: Tarte Tatin with caramelized apples, puff pastry, and vanilla crème fraîche. Wine pairing influence: Château Suduiraut Sauternes 2016. Let the plating, garnish, table surface, and background atmosphere quietly reflect the restaurant's cuisine and setting.",artifacts/recipe_images/new_pngs/recipe-image-048-le-paradis-des-douceurs-tarte.png,gpt-image-2,1024x1024,medium
recipe-image-049-le-paradis-des-douceurs-mousse,Le Paradis des Douceurs,Chef Juliette Dubois,"Four Seasons Hotel George V, Paris",Mousse,Dark chocolate mousse with hazelnut praline and gold leaf,Dark chocolate mousse with hazelnut praline and gold leaf,dish_pictures/Chef_Juliette_Dubois-Le_Paradis_des_Douceurs-Mousse-Dark_chocolate_mousse_with_hazelnut_praline_and_gold_leaf.webp,"Square 1024x1024 fine-dining editorial food photograph for a luxury digital tasting menu. Create a photorealistic plated dish with natural restaurant lighting, refined composition, crisp textures, appetizing color, shallow depth of field, and elegant negative space. No text, no logos, no watermarks, no hands, no utensils dominating the frame, no recipe card. Restaurant context: Le Paradis des Douceurs in Four Seasons Hotel George V, Paris, led by Chef Juliette Dubois. Dining room mood: Le Paradis des Douceurs, situated within the opulent Four Seasons Hotel George V, transports guests to a world of indulgence and delight. The dining room features elegant crystal chandeliers, luxurious fabrics, and intricate moldings that reflect the grandeur of Parisian architecture. Floor-to-ceiling windows provide a stunning view of the hotel's beautiful gardens, creating an enchanting atmosphere in which to savor the exquisite dessert creations and fine wine pairings. Course: Mousse. Dish: Dark chocolate mousse with hazelnut praline and gold leaf. Wine pairing influence: Domaine de Rancy Rivesaltes Ambré Hors d'Age 2000. Let the plating, garnish, table surface, and background atmosphere quietly reflect the restaurant's cuisine and setting.",artifacts/recipe_images/new_pngs/recipe-image-049-le-paradis-des-douceurs-mousse.png,gpt-image-2,1024x1024,medium
recipe-image-050-le-paradis-des-douceurs-petit-fours,Le Paradis des Douceurs,Chef Juliette Dubois,"Four Seasons Hotel George V, Paris",Petit Fours,"Assorted French petit fours éclairs, madeleines, and financiers","Assorted French petit fours éclairs, madeleines, and financiers","dish_pictures/Chef_Juliette_Dubois-Le_Paradis_des_Douceurs-Petit_Fours-Assorted_French_petit_fours_éclairs,_madeleines,_and_financiers.webp","Square 1024x1024 fine-dining editorial food photograph for a luxury digital tasting menu. Create a photorealistic plated dish with natural restaurant lighting, refined composition, crisp textures, appetizing color, shallow depth of field, and elegant negative space. No text, no logos, no watermarks, no hands, no utensils dominating the frame, no recipe card. Restaurant context: Le Paradis des Douceurs in Four Seasons Hotel George V, Paris, led by Chef Juliette Dubois. Dining room mood: Le Paradis des Douceurs, situated within the opulent Four Seasons Hotel George V, transports guests to a world of indulgence and delight. The dining room features elegant crystal chandeliers, luxurious fabrics, and intricate moldings that reflect the grandeur of Parisian architecture. Floor-to-ceiling windows provide a stunning view of the hotel's beautiful gardens, creating an enchanting atmosphere in which to savor the exquisite dessert creations and fine wine pairings. Course: Petit Fours. Dish: Assorted French petit fours éclairs, madeleines, and financiers. Wine pairing influence: Château La Rame Sainte-Croix-du-Mont 2017. Let the plating, garnish, table surface, and background atmosphere quietly reflect the restaurant's cuisine and setting.",artifacts/recipe_images/new_pngs/recipe-image-050-le-paradis-des-douceurs-petit-fours.png,gpt-image-2,1024x1024,medium
recipe-image-051-l-étoile-des-neiges-amuse-bouche,L'Étoile des Neiges,Chef Élodie Moreau,"Four Seasons Resort, French Alps",Amuse-Bouche,Beetroot-cured salmon with horseradish cream and microgreens,Beetroot-cured salmon with horseradish cream and microgreens,dish_pictures/Chef_Élodie_Moreau-L'Étoile_des_Neiges-Amuse-Bouche-Beetroot-cured_salmon_with_horseradish_cream_and_microgreens.webp,"Square 1024x1024 fine-dining editorial food photograph for a luxury digital tasting menu. Create a photorealistic plated dish with natural restaurant lighting, refined composition, crisp textures, appetizing color, shallow depth of field, and elegant negative space. No text, no logos, no watermarks, no hands, no utensils dominating the frame, no recipe card. Restaurant context: L'Étoile des Neiges in Four Seasons Resort, French Alps, led by Chef Élodie Moreau. Dining room mood: L'Étoile des Neiges offers a luxurious dining experience amidst the breathtaking surroundings of the French Alps. The dining room features warm wood accents, an elegant stone fireplace, and plush seating, creating a cozy ambiance. Large windows provide panoramic views of the snow-capped mountains, allowing guests to savor the exquisite cuisine and carefully selected wine pairings while immersed in the enchanting alpine landscape. Course: Amuse-Bouche. Dish: Beetroot-cured salmon with horseradish cream and microgreens. Wine pairing influence: Domaine Zind-Humbrecht Riesling 2019. Let the plating, garnish, table surface, and background atmosphere quietly reflect the restaurant's cuisine and setting.",artifacts/recipe_images/new_pngs/recipe-image-051-l-étoile-des-neiges-amuse-bouche.png,gpt-image-2,1024x1024,medium
recipe-image-052-l-étoile-des-neiges-appetizer,L'Étoile des Neiges,Chef Élodie Moreau,"Four Seasons Resort, French Alps",Appetizer,Seared foie gras with spiced pear chutney and toasted brioche,Seared foie gras with spiced pear chutney and toasted brioche,dish_pictures/Chef_Élodie_Moreau-L'Étoile_des_Neiges-Appetizer-Seared_foie_gras_with_spiced_pear_chutney_and_toasted_brioche.webp,"Square 1024x1024 fine-dining editorial food photograph for a luxury digital tasting menu. Create a photorealistic plated dish with natural restaurant lighting, refined composition, crisp textures, appetizing color, shallow depth of field, and elegant negative space. No text, no logos, no watermarks, no hands, no utensils dominating the frame, no recipe card. Restaurant context: L'Étoile des Neiges in Four Seasons Resort, French Alps, led by Chef Élodie Moreau. Dining room mood: L'Étoile des Neiges offers a luxurious dining experience amidst the breathtaking surroundings of the French Alps. The dining room features warm wood accents, an elegant stone fireplace, and plush seating, creating a cozy ambiance. Large windows provide panoramic views of the snow-capped mountains, allowing guests to savor the exquisite cuisine and carefully selected wine pairings while immersed in the enchanting alpine landscape. Course: Appetizer. Dish: Seared foie gras with spiced pear chutney and toasted brioche. Wine pairing influence: Château Rieussec Sauternes 2017. Let the plating, garnish, table surface, and background atmosphere quietly reflect the restaurant's cuisine and setting.",artifacts/recipe_images/new_pngs/recipe-image-052-l-étoile-des-neiges-appetizer.png,gpt-image-2,1024x1024,medium
recipe-image-053-l-étoile-des-neiges-soup,L'Étoile des Neiges,Chef Élodie Moreau,"Four Seasons Resort, French Alps",Soup,Creamy wild mushroom soup with crispy bacon and chives,Creamy wild mushroom soup with crispy bacon and chives,dish_pictures/Chef_Élodie_Moreau-L'Étoile_des_Neiges-Soup-Creamy_wild_mushroom_soup_with_crispy_bacon_and_chives.webp,"Square 1024x1024 fine-dining editorial food photograph for a luxury digital tasting menu. Create a photorealistic plated dish with natural restaurant lighting, refined composition, crisp textures, appetizing color, shallow depth of field, and elegant negative space. No text, no logos, no watermarks, no hands, no utensils dominating the frame, no recipe card. Restaurant context: L'Étoile des Neiges in Four Seasons Resort, French Alps, led by Chef Élodie Moreau. Dining room mood: L'Étoile des Neiges offers a luxurious dining experience amidst the breathtaking surroundings of the French Alps. The dining room features warm wood accents, an elegant stone fireplace, and plush seating, creating a cozy ambiance. Large windows provide panoramic views of the snow-capped mountains, allowing guests to savor the exquisite cuisine and carefully selected wine pairings while immersed in the enchanting alpine landscape. Course: Soup. Dish: Creamy wild mushroom soup with crispy bacon and chives. Wine pairing influence: Joseph Drouhin Côte de Beaune 2018. Let the plating, garnish, table surface, and background atmosphere quietly reflect the restaurant's cuisine and setting.",artifacts/recipe_images/new_pngs/recipe-image-053-l-étoile-des-neiges-soup.png,gpt-image-2,1024x1024,medium
recipe-image-054-l-étoile-des-neiges-pasta,L'Étoile des Neiges,Chef Élodie Moreau,"Four Seasons Resort, French Alps",Pasta,"Savoyard-style gnocchi with Reblochon cheese, lardons, and caramelized onions","Savoyard-style gnocchi with Reblochon cheese, lardons, and caramelized onions","dish_pictures/Chef_Élodie_Moreau-L'Étoile_des_Neiges-Pasta-Savoyard-style_gnocchi_with_Reblochon_cheese,_lardons,_and_caramelized_onions.webp","Square 1024x1024 fine-dining editorial food photograph for a luxury digital tasting menu. Create a photorealistic plated dish with natural restaurant lighting, refined composition, crisp textures, appetizing color, shallow depth of field, and elegant negative space. No text, no logos, no watermarks, no hands, no utensils dominating the frame, no recipe card. Restaurant context: L'Étoile des Neiges in Four Seasons Resort, French Alps, led by Chef Élodie Moreau. Dining room mood: L'Étoile des Neiges offers a luxurious dining experience amidst the breathtaking surroundings of the French Alps. The dining room features warm wood accents, an elegant stone fireplace, and plush seating, creating a cozy ambiance. Large windows provide panoramic views of the snow-capped mountains, allowing guests to savor the exquisite cuisine and carefully selected wine pairings while immersed in the enchanting alpine landscape. Course: Pasta. Dish: Savoyard-style gnocchi with Reblochon cheese, lardons, and caramelized onions. Wine pairing influence: Louis Jadot Moulin-à-Vent 2018. Let the plating, garnish, table surface, and background atmosphere quietly reflect the restaurant's cuisine and setting.",artifacts/recipe_images/new_pngs/recipe-image-054-l-étoile-des-neiges-pasta.png,gpt-image-2,1024x1024,medium
recipe-image-055-l-étoile-des-neiges-meat,L'Étoile des Neiges,Chef Élodie Moreau,"Four Seasons Resort, French Alps",Meat,"Roasted venison loin with parsnip purée, Brussels sprouts, and juniper berry sauce","Roasted venison loin with parsnip purée, Brussels sprouts, and juniper berry sauce","dish_pictures/Chef_Élodie_Moreau-L'Étoile_des_Neiges-Meat-Roasted_venison_loin_with_parsnip_purée,_Brussels_sprouts,_and_juniper_berry_sauce.webp","Square 1024x1024 fine-dining editorial food photograph for a luxury digital tasting menu. Create a photorealistic plated dish with natural restaurant lighting, refined composition, crisp textures, appetizing color, shallow depth of field, and elegant negative space. No text, no logos, no watermarks, no hands, no utensils dominating the frame, no recipe card. Restaurant context: L'Étoile des Neiges in Four Seasons Resort, French Alps, led by Chef Élodie Moreau. Dining room mood: L'Étoile des Neiges offers a luxurious dining experience amidst the breathtaking surroundings of the French Alps. The dining room features warm wood accents, an elegant stone fireplace, and plush seating, creating a cozy ambiance. Large windows provide panoramic views of the snow-capped mountains, allowing guests to savor the exquisite cuisine and carefully selected wine pairings while immersed in the enchanting alpine landscape. Course: Meat. Dish: Roasted venison loin with parsnip purée, Brussels sprouts, and juniper berry sauce. Wine pairing influence: Château de Beaucastel Châteauneuf-du-Pape 2019. Let the plating, garnish, table surface, and background atmosphere quietly reflect the restaurant's cuisine and setting.",artifacts/recipe_images/new_pngs/recipe-image-055-l-étoile-des-neiges-meat.png,gpt-image-2,1024x1024,medium
recipe-image-056-l-étoile-des-neiges-dessert,L'Étoile des Neiges,Chef Élodie Moreau,"Four Seasons Resort, French Alps",Dessert,Warm chocolate fondant with raspberry coulis and pistachio ice cream,Warm chocolate fondant with raspberry coulis and pistachio ice cream,dish_pictures/Chef_Élodie_Moreau-L'Étoile_des_Neiges-Dessert-Warm_chocolate_fondant_with_raspberry_coulis_and_pistachio_ice_cream.webp,"Square 1024x1024 fine-dining editorial food photograph for a luxury digital tasting menu. Create a photorealistic plated dish with natural restaurant lighting, refined composition, crisp textures, appetizing color, shallow depth of field, and elegant negative space. No text, no logos, no watermarks, no hands, no utensils dominating the frame, no recipe card. Restaurant context: L'Étoile des Neiges in Four Seasons Resort, French Alps, led by Chef Élodie Moreau. Dining room mood: L'Étoile des Neiges offers a luxurious dining experience amidst the breathtaking surroundings of the French Alps. The dining room features warm wood accents, an elegant stone fireplace, and plush seating, creating a cozy ambiance. Large windows provide panoramic views of the snow-capped mountains, allowing guests to savor the exquisite cuisine and carefully selected wine pairings while immersed in the enchanting alpine landscape. Course: Dessert. Dish: Warm chocolate fondant with raspberry coulis and pistachio ice cream. Wine pairing influence: Banyuls Domaine La Tour Vieille Rimage 2017. Let the plating, garnish, table surface, and background atmosphere quietly reflect the restaurant's cuisine and setting.",artifacts/recipe_images/new_pngs/recipe-image-056-l-étoile-des-neiges-dessert.png,gpt-image-2,1024x1024,medium
recipe-image-057-nordic-essence-amuse-bouche,Nordic Essence,Chef Akseli Korhonen,"Four Seasons Hotel, Helsinki, Finland",Amuse-Bouche,Crispy reindeer moss with mushroom powder and fermented lingonberries,Crispy reindeer moss with mushroom powder and fermented lingonberries,dish_pictures/Chef_Akseli_Korhonen-Nordic_Essence-Amuse-Bouche-Crispy_reindeer_moss_with_mushroom_powder_and_fermented_lingonberries.webp,"Square 1024x1024 fine-dining editorial food photograph for a luxury digital tasting menu. Create a photorealistic plated dish with natural restaurant lighting, refined composition, crisp textures, appetizing color, shallow depth of field, and elegant negative space. No text, no logos, no watermarks, no hands, no utensils dominating the frame, no recipe card. Restaurant context: Nordic Essence in Four Seasons Hotel, Helsinki, Finland, led by Chef Akseli Korhonen. Dining room mood: Nordic Essence, inspired by the innovative culinary techniques and flavors of Noma and other renowned Nordic restaurants, offers a truly unique and immersive dining experience in the heart of Helsinki. The dining room showcases elegant modern design with natural elements, reflecting the beauty of Finland's pristine landscapes. Large windows overlook the city's stunning architecture, while warm lighting and delicate textiles create an intimate ambiance in which to indulge in the extraordinary tasting menu and expertly curated wine pairings. Course: Amuse-Bouche. Dish: Crispy reindeer moss with mushroom powder and fermented lingonberries. Wine pairing influence: Domäne Wachau Riesling Terrassen Federspiel 2019. Let the plating, garnish, table surface, and background atmosphere quietly reflect the restaurant's cuisine and setting.",artifacts/recipe_images/new_pngs/recipe-image-057-nordic-essence-amuse-bouche.png,gpt-image-2,1024x1024,medium
recipe-image-058-nordic-essence-appetizer,Nordic Essence,Chef Akseli Korhonen,"Four Seasons Hotel, Helsinki, Finland",Appetizer,"Smoked eel with pickled cucumber, horseradish cream, and dill oil","Smoked eel with pickled cucumber, horseradish cream, and dill oil","dish_pictures/Chef_Akseli_Korhonen-Nordic_Essence-Appetizer-Smoked_eel_with_pickled_cucumber,_horseradish_cream,_and_dill_oil.webp","Square 1024x1024 fine-dining editorial food photograph for a luxury digital tasting menu. Create a photorealistic plated dish with natural restaurant lighting, refined composition, crisp textures, appetizing color, shallow depth of field, and elegant negative space. No text, no logos, no watermarks, no hands, no utensils dominating the frame, no recipe card. Restaurant context: Nordic Essence in Four Seasons Hotel, Helsinki, Finland, led by Chef Akseli Korhonen. Dining room mood: Nordic Essence, inspired by the innovative culinary techniques and flavors of Noma and other renowned Nordic restaurants, offers a truly unique and immersive dining experience in the heart of Helsinki. The dining room showcases elegant modern design with natural elements, reflecting the beauty of Finland's pristine landscapes. Large windows overlook the city's stunning architecture, while warm lighting and delicate textiles create an intimate ambiance in which to indulge in the extraordinary tasting menu and expertly curated wine pairings. Course: Appetizer. Dish: Smoked eel with pickled cucumber, horseradish cream, and dill oil. Wine pairing influence: Pascal Jolivet Sancerre 2020. Let the plating, garnish, table surface, and background atmosphere quietly reflect the restaurant's cuisine and setting.",artifacts/recipe_images/new_pngs/recipe-image-058-nordic-essence-appetizer.png,gpt-image-2,1024x1024,medium
recipe-image-059-nordic-essence-fish,Nordic Essence,Chef Akseli Korhonen,"Four Seasons Hotel, Helsinki, Finland",Fish,"Roasted Arctic char with beetroot purée, preserved lemon, and sea buckthorn","Roasted Arctic char with beetroot purée, preserved lemon, and sea buckthorn","dish_pictures/Chef_Akseli_Korhonen-Nordic_Essence-Fish-Roasted_Arctic_char_with_beetroot_purée,_preserved_lemon,_and_sea_buckthorn.webp","Square 1024x1024 fine-dining editorial food photograph for a luxury digital tasting menu. Create a photorealistic plated dish with natural restaurant lighting, refined composition, crisp textures, appetizing color, shallow depth of field, and elegant negative space. No text, no logos, no watermarks, no hands, no utensils dominating the frame, no recipe card. Restaurant context: Nordic Essence in Four Seasons Hotel, Helsinki, Finland, led by Chef Akseli Korhonen. Dining room mood: Nordic Essence, inspired by the innovative culinary techniques and flavors of Noma and other renowned Nordic restaurants, offers a truly unique and immersive dining experience in the heart of Helsinki. The dining room showcases elegant modern design with natural elements, reflecting the beauty of Finland's pristine landscapes. Large windows overlook the city's stunning architecture, while warm lighting and delicate textiles create an intimate ambiance in which to indulge in the extraordinary tasting menu and expertly curated wine pairings. Course: Fish. Dish: Roasted Arctic char with beetroot purée, preserved lemon, and sea buckthorn. Wine pairing influence: Pierre-Yves Colin-Morey Chassagne-Montrachet 2019. Let the plating, garnish, table surface, and background atmosphere quietly reflect the restaurant's cuisine and setting.",artifacts/recipe_images/new_pngs/recipe-image-059-nordic-essence-fish.png,gpt-image-2,1024x1024,medium
recipe-image-060-nordic-essence-bird,Nordic Essence,Chef Akseli Korhonen,"Four Seasons Hotel, Helsinki, Finland",Bird,"Wild duck breast with caramelized celeriac, blackcurrants, and a juniper berry jus","Wild duck breast with caramelized celeriac, blackcurrants, and a juniper berry jus","dish_pictures/Chef_Akseli_Korhonen-Nordic_Essence-Bird-Wild_duck_breast_with_caramelized_celeriac,_blackcurrants,_and_a_juniper_berry_jus.webp","Square 1024x1024 fine-dining editorial food photograph for a luxury digital tasting menu. Create a photorealistic plated dish with natural restaurant lighting, refined composition, crisp textures, appetizing color, shallow depth of field, and elegant negative space. No text, no logos, no watermarks, no hands, no utensils dominating the frame, no recipe card. Restaurant context: Nordic Essence in Four Seasons Hotel, Helsinki, Finland, led by Chef Akseli Korhonen. Dining room mood: Nordic Essence, inspired by the innovative culinary techniques and flavors of Noma and other renowned Nordic restaurants, offers a truly unique and immersive dining experience in the heart of Helsinki. The dining room showcases elegant modern design with natural elements, reflecting the beauty of Finland's pristine landscapes. Large windows overlook the city's stunning architecture, while warm lighting and delicate textiles create an intimate ambiance in which to indulge in the extraordinary tasting menu and expertly curated wine pairings. Course: Bird. Dish: Wild duck breast with caramelized celeriac, blackcurrants, and a juniper berry jus. Wine pairing influence: Georges Vernay Côte-Rôtie Blonde du Seigneur 2018. Let the plating, garnish, table surface, and background atmosphere quietly reflect the restaurant's cuisine and setting.",artifacts/recipe_images/new_pngs/recipe-image-060-nordic-essence-bird.png,gpt-image-2,1024x1024,medium
recipe-image-061-nordic-essence-meat,Nordic Essence,Chef Akseli Korhonen,"Four Seasons Hotel, Helsinki, Finland",Meat,"Elk tartare with smoked egg yolk, caper berries, and foraged herbs","Elk tartare with smoked egg yolk, caper berries, and foraged herbs","dish_pictures/Chef_Akseli_Korhonen-Nordic_Essence-Meat-Elk_tartare_with_smoked_egg_yolk,_caper_berries,_and_foraged_herbs.webp","Square 1024x1024 fine-dining editorial food photograph for a luxury digital tasting menu. Create a photorealistic plated dish with natural restaurant lighting, refined composition, crisp textures, appetizing color, shallow depth of field, and elegant negative space. No text, no logos, no watermarks, no hands, no utensils dominating the frame, no recipe card. Restaurant context: Nordic Essence in Four Seasons Hotel, Helsinki, Finland, led by Chef Akseli Korhonen. Dining room mood: Nordic Essence, inspired by the innovative culinary techniques and flavors of Noma and other renowned Nordic restaurants, offers a truly unique and immersive dining experience in the heart of Helsinki. The dining room showcases elegant modern design with natural elements, reflecting the beauty of Finland's pristine landscapes. Large windows overlook the city's stunning architecture, while warm lighting and delicate textiles create an intimate ambiance in which to indulge in the extraordinary tasting menu and expertly curated wine pairings. Course: Meat. Dish: Elk tartare with smoked egg yolk, caper berries, and foraged herbs. Wine pairing influence: Tenuta San Guido Sassicaia 2017. Let the plating, garnish, table surface, and background atmosphere quietly reflect the restaurant's cuisine and setting.",artifacts/recipe_images/new_pngs/recipe-image-061-nordic-essence-meat.png,gpt-image-2,1024x1024,medium
recipe-image-062-nordic-essence-cheese,Nordic Essence,Chef Akseli Korhonen,"Four Seasons Hotel, Helsinki, Finland",Cheese,Selection of Nordic cheeses with Finnish cloudberry jam and crisp rye bread,Selection of Nordic cheeses with Finnish cloudberry jam and crisp rye bread,dish_pictures/Chef_Akseli_Korhonen-Nordic_Essence-Cheese-Selection_of_Nordic_cheeses_with_Finnish_cloudberry_jam_and_crisp_rye_bread.webp,"Square 1024x1024 fine-dining editorial food photograph for a luxury digital tasting menu. Create a photorealistic plated dish with natural restaurant lighting, refined composition, crisp textures, appetizing color, shallow depth of field, and elegant negative space. No text, no logos, no watermarks, no hands, no utensils dominating the frame, no recipe card. Restaurant context: Nordic Essence in Four Seasons Hotel, Helsinki, Finland, led by Chef Akseli Korhonen. Dining room mood: Nordic Essence, inspired by the innovative culinary techniques and flavors of Noma and other renowned Nordic restaurants, offers a truly unique and immersive dining experience in the heart of Helsinki. The dining room showcases elegant modern design with natural elements, reflecting the beauty of Finland's pristine landscapes. Large windows overlook the city's stunning architecture, while warm lighting and delicate textiles create an intimate ambiance in which to indulge in the extraordinary tasting menu and expertly curated wine pairings. Course: Cheese. Dish: Selection of Nordic cheeses with Finnish cloudberry jam and crisp rye bread. Wine pairing influence: Château Climens Barsac 2016. Let the plating, garnish, table surface, and background atmosphere quietly reflect the restaurant's cuisine and setting.",artifacts/recipe_images/new_pngs/recipe-image-062-nordic-essence-cheese.png,gpt-image-2,1024x1024,medium
recipe-image-063-nordic-essence-dessert,Nordic Essence,Chef Akseli Korhonen,"Four Seasons Hotel, Helsinki, Finland",Dessert,Birch sap sorbet with wild blueberries and spruce needle meringue,Birch sap sorbet with wild blueberries and spruce needle meringue,dish_pictures/Chef_Akseli_Korhonen-Nordic_Essence-Dessert-Birch_sap_sorbet_with_wild_blueberries_and_spruce_needle_meringue.webp,"Square 1024x1024 fine-dining editorial food photograph for a luxury digital tasting menu. Create a photorealistic plated dish with natural restaurant lighting, refined composition, crisp textures, appetizing color, shallow depth of field, and elegant negative space. No text, no logos, no watermarks, no hands, no utensils dominating the frame, no recipe card. Restaurant context: Nordic Essence in Four Seasons Hotel, Helsinki, Finland, led by Chef Akseli Korhonen. Dining room mood: Nordic Essence, inspired by the innovative culinary techniques and flavors of Noma and other renowned Nordic restaurants, offers a truly unique and immersive dining experience in the heart of Helsinki. The dining room showcases elegant modern design with natural elements, reflecting the beauty of Finland's pristine landscapes. Large windows overlook the city's stunning architecture, while warm lighting and delicate textiles create an intimate ambiance in which to indulge in the extraordinary tasting menu and expertly curated wine pairings. Course: Dessert. Dish: Birch sap sorbet with wild blueberries and spruce needle meringue. Wine pairing influence: Domaine Huet Vouvray Moelleux Le Mont 2019. Let the plating, garnish, table surface, and background atmosphere quietly reflect the restaurant's cuisine and setting.",artifacts/recipe_images/new_pngs/recipe-image-063-nordic-essence-dessert.png,gpt-image-2,1024x1024,medium
recipe-image-064-deutscher-geschmack-amuse-bouche,Deutscher Geschmack,Chef Lukas Müller,"Four Seasons Hotel, Berlin, Germany",Amuse-Bouche,Miniature potato pancake with smoked salmon and horseradish cream,Miniature potato pancake with smoked salmon and horseradish cream,dish_pictures/Chef_Lukas_Müller-Deutscher_Geschmack-Amuse-Bouche-Miniature_potato_pancake_with_smoked_salmon_and_horseradish_cream.webp,"Square 1024x1024 fine-dining editorial food photograph for a luxury digital tasting menu. Create a photorealistic plated dish with natural restaurant lighting, refined composition, crisp textures, appetizing color, shallow depth of field, and elegant negative space. No text, no logos, no watermarks, no hands, no utensils dominating the frame, no recipe card. Restaurant context: Deutscher Geschmack in Four Seasons Hotel, Berlin, Germany, led by Chef Lukas Müller. Dining room mood: Deutscher Geschmack celebrates the rich culinary heritage of Germany with a modern and refined twist. The dining room is a blend of contemporary elegance and traditional German design, featuring dark wood accents, plush seating, and warm lighting. Large windows provide a view of the bustling city of Berlin, while the intimate atmosphere allows guests to savor the superbly crafted tasting menu and carefully chosen wine pairings. Course: Amuse-Bouche. Dish: Miniature potato pancake with smoked salmon and horseradish cream. Wine pairing influence: Dr. Loosen Riesling Sekt Brut 2018. Let the plating, garnish, table surface, and background atmosphere quietly reflect the restaurant's cuisine and setting.",artifacts/recipe_images/new_pngs/recipe-image-064-deutscher-geschmack-amuse-bouche.png,gpt-image-2,1024x1024,medium
recipe-image-065-deutscher-geschmack-appetizer,Deutscher Geschmack,Chef Lukas Müller,"Four Seasons Hotel, Berlin, Germany",Appetizer,"Pan-seared duck liver with apple compote, brioche, and aged balsamic","Pan-seared duck liver with apple compote, brioche, and aged balsamic","dish_pictures/Chef_Lukas_Müller-Deutscher_Geschmack-Appetizer-Pan-seared_duck_liver_with_apple_compote,_brioche,_and_aged_balsamic.webp","Square 1024x1024 fine-dining editorial food photograph for a luxury digital tasting menu. Create a photorealistic plated dish with natural restaurant lighting, refined composition, crisp textures, appetizing color, shallow depth of field, and elegant negative space. No text, no logos, no watermarks, no hands, no utensils dominating the frame, no recipe card. Restaurant context: Deutscher Geschmack in Four Seasons Hotel, Berlin, Germany, led by Chef Lukas Müller. Dining room mood: Deutscher Geschmack celebrates the rich culinary heritage of Germany with a modern and refined twist. The dining room is a blend of contemporary elegance and traditional German design, featuring dark wood accents, plush seating, and warm lighting. Large windows provide a view of the bustling city of Berlin, while the intimate atmosphere allows guests to savor the superbly crafted tasting menu and carefully chosen wine pairings. Course: Appetizer. Dish: Pan-seared duck liver with apple compote, brioche, and aged balsamic. Wine pairing influence: Donnhoff Oberhäuser Leistenberg Riesling Kabinett 2019. Let the plating, garnish, table surface, and background atmosphere quietly reflect the restaurant's cuisine and setting.",artifacts/recipe_images/new_pngs/recipe-image-065-deutscher-geschmack-appetizer.png,gpt-image-2,1024x1024,medium
recipe-image-066-deutscher-geschmack-soup,Deutscher Geschmack,Chef Lukas Müller,"Four Seasons Hotel, Berlin, Germany",Soup,Creamy white asparagus soup with chervil and toasted almonds,Creamy white asparagus soup with chervil and toasted almonds,dish_pictures/Chef_Lukas_Müller-Deutscher_Geschmack-Soup-Creamy_white_asparagus_soup_with_chervil_and_toasted_almonds.webp,"Square 1024x1024 fine-dining editorial food photograph for a luxury digital tasting menu. Create a photorealistic plated dish with natural restaurant lighting, refined composition, crisp textures, appetizing color, shallow depth of field, and elegant negative space. No text, no logos, no watermarks, no hands, no utensils dominating the frame, no recipe card. Restaurant context: Deutscher Geschmack in Four Seasons Hotel, Berlin, Germany, led by Chef Lukas Müller. Dining room mood: Deutscher Geschmack celebrates the rich culinary heritage of Germany with a modern and refined twist. The dining room is a blend of contemporary elegance and traditional German design, featuring dark wood accents, plush seating, and warm lighting. Large windows provide a view of the bustling city of Berlin, while the intimate atmosphere allows guests to savor the superbly crafted tasting menu and carefully chosen wine pairings. Course: Soup. Dish: Creamy white asparagus soup with chervil and toasted almonds. Wine pairing influence: Markus Molitor Zeltinger Sonnenuhr Riesling Spätlese 2018. Let the plating, garnish, table surface, and background atmosphere quietly reflect the restaurant's cuisine and setting.",artifacts/recipe_images/new_pngs/recipe-image-066-deutscher-geschmack-soup.png,gpt-image-2,1024x1024,medium
recipe-image-067-deutscher-geschmack-fish,Deutscher Geschmack,Chef Lukas Müller,"Four Seasons Hotel, Berlin, Germany",Fish,"Braised monkfish with cabbage, bacon, and Riesling cream sauce","Braised monkfish with cabbage, bacon, and Riesling cream sauce","dish_pictures/Chef_Lukas_Müller-Deutscher_Geschmack-Fish-Braised_monkfish_with_cabbage,_bacon,_and_Riesling_cream_sauce.webp","Square 1024x1024 fine-dining editorial food photograph for a luxury digital tasting menu. Create a photorealistic plated dish with natural restaurant lighting, refined composition, crisp textures, appetizing color, shallow depth of field, and elegant negative space. No text, no logos, no watermarks, no hands, no utensils dominating the frame, no recipe card. Restaurant context: Deutscher Geschmack in Four Seasons Hotel, Berlin, Germany, led by Chef Lukas Müller. Dining room mood: Deutscher Geschmack celebrates the rich culinary heritage of Germany with a modern and refined twist. The dining room is a blend of contemporary elegance and traditional German design, featuring dark wood accents, plush seating, and warm lighting. Large windows provide a view of the bustling city of Berlin, while the intimate atmosphere allows guests to savor the superbly crafted tasting menu and carefully chosen wine pairings. Course: Fish. Dish: Braised monkfish with cabbage, bacon, and Riesling cream sauce. Wine pairing influence: Franz Hirtzberger Rotes Tor Grüner Veltliner Federspiel 2019. Let the plating, garnish, table surface, and background atmosphere quietly reflect the restaurant's cuisine and setting.",artifacts/recipe_images/new_pngs/recipe-image-067-deutscher-geschmack-fish.png,gpt-image-2,1024x1024,medium
recipe-image-068-deutscher-geschmack-meat,Deutscher Geschmack,Chef Lukas Müller,"Four Seasons Hotel, Berlin, Germany",Meat,"Venison medallions with red cabbage, spätzle, and lingonberry sauce","Venison medallions with red cabbage, spätzle, and lingonberry sauce","dish_pictures/Chef_Lukas_Müller-Deutscher_Geschmack-Meat-Venison_medallions_with_red_cabbage,_spätzle,_and_lingonberry_sauce.webp","Square 1024x1024 fine-dining editorial food photograph for a luxury digital tasting menu. Create a photorealistic plated dish with natural restaurant lighting, refined composition, crisp textures, appetizing color, shallow depth of field, and elegant negative space. No text, no logos, no watermarks, no hands, no utensils dominating the frame, no recipe card. Restaurant context: Deutscher Geschmack in Four Seasons Hotel, Berlin, Germany, led by Chef Lukas Müller. Dining room mood: Deutscher Geschmack celebrates the rich culinary heritage of Germany with a modern and refined twist. The dining room is a blend of contemporary elegance and traditional German design, featuring dark wood accents, plush seating, and warm lighting. Large windows provide a view of the bustling city of Berlin, while the intimate atmosphere allows guests to savor the superbly crafted tasting menu and carefully chosen wine pairings. Course: Meat. Dish: Venison medallions with red cabbage, spätzle, and lingonberry sauce. Wine pairing influence: August Kesseler Pinot Noir 'R' 2017. Let the plating, garnish, table surface, and background atmosphere quietly reflect the restaurant's cuisine and setting.",artifacts/recipe_images/new_pngs/recipe-image-068-deutscher-geschmack-meat.png,gpt-image-2,1024x1024,medium
recipe-image-069-deutscher-geschmack-dessert,Deutscher Geschmack,Chef Lukas Müller,"Four Seasons Hotel, Berlin, Germany",Dessert,Black Forest cake with cherry compote and kirsch-infused whipped cream,Black Forest cake with cherry compote and kirsch-infused whipped cream,dish_pictures/Chef_Lukas_Müller-Deutscher_Geschmack-Dessert-Black_Forest_cake_with_cherry_compote_and_kirsch-infused_whipped_cream.webp,"Square 1024x1024 fine-dining editorial food photograph for a luxury digital tasting menu. Create a photorealistic plated dish with natural restaurant lighting, refined composition, crisp textures, appetizing color, shallow depth of field, and elegant negative space. No text, no logos, no watermarks, no hands, no utensils dominating the frame, no recipe card. Restaurant context: Deutscher Geschmack in Four Seasons Hotel, Berlin, Germany, led by Chef Lukas Müller. Dining room mood: Deutscher Geschmack celebrates the rich culinary heritage of Germany with a modern and refined twist. The dining room is a blend of contemporary elegance and traditional German design, featuring dark wood accents, plush seating, and warm lighting. Large windows provide a view of the bustling city of Berlin, while the intimate atmosphere allows guests to savor the superbly crafted tasting menu and carefully chosen wine pairings. Course: Dessert. Dish: Black Forest cake with cherry compote and kirsch-infused whipped cream. Wine pairing influence: Müller-Catoir Haardter Bürgergarten Rieslaner Auslese 2017. Let the plating, garnish, table surface, and background atmosphere quietly reflect the restaurant's cuisine and setting.",artifacts/recipe_images/new_pngs/recipe-image-069-deutscher-geschmack-dessert.png,gpt-image-2,1024x1024,medium
recipe-image-070-the-red-planet-bistro-amuse-bouche,The Red Planet Bistro,Chef Elon Ray,"Four Seasons Hotel, Mars Base One",Amuse-Bouche,Martian soil-cultivated microgreen salad with synthesized honey-mustard vinaigrette,Martian soil-cultivated microgreen salad with synthesized honey-mustard vinaigrette,dish_pictures/Chef_Elon_Ray-The_Red_Planet_Bistro-Amuse-Bouche-Martian_soil-cultivated_microgreen_salad_with_synthesized_honey-mustard_vinaigrette.webp,"Square 1024x1024 fine-dining editorial food photograph for a luxury digital tasting menu. Create a photorealistic plated dish with natural restaurant lighting, refined composition, crisp textures, appetizing color, shallow depth of field, and elegant negative space. No text, no logos, no watermarks, no hands, no utensils dominating the frame, no recipe card. Restaurant context: The Red Planet Bistro in Four Seasons Hotel, Mars Base One, led by Chef Elon Ray. Dining room mood: The Red Planet Bistro at Four Seasons Mars Base One presents an out-of-this-world dining experience like no other. The dining room features panoramic windows overlooking the Martian landscape, allowing guests to marvel at the red planet's unique beauty while savoring the innovative cuisine. The design seamlessly blends cutting-edge technology with the comfort and luxury expected from the Four Seasons brand. Enjoy the specially crafted tasting menu, showcasing the best of both Earth-imported and Mars-grown ingredients, paired with an exquisite selection of interstellar wines. Course: Amuse-Bouche. Dish: Martian soil-cultivated microgreen salad with synthesized honey-mustard vinaigrette. Wine pairing influence: Terran Vineyards Earth-to-Mars Cabernet Sauvignon 2048. Let the plating, garnish, table surface, and background atmosphere quietly reflect the restaurant's cuisine and setting.",artifacts/recipe_images/new_pngs/recipe-image-070-the-red-planet-bistro-amuse-bouche.png,gpt-image-2,1024x1024,medium
recipe-image-071-the-red-planet-bistro-appetizer,The Red Planet Bistro,Chef Elon Ray,"Four Seasons Hotel, Mars Base One",Appetizer,Lab-grown shrimp cocktail with spicy tomato gel and hydroponic dill,Lab-grown shrimp cocktail with spicy tomato gel and hydroponic dill,dish_pictures/Chef_Elon_Ray-The_Red_Planet_Bistro-Appetizer-Lab-grown_shrimp_cocktail_with_spicy_tomato_gel_and_hydroponic_dill.webp,"Square 1024x1024 fine-dining editorial food photograph for a luxury digital tasting menu. Create a photorealistic plated dish with natural restaurant lighting, refined composition, crisp textures, appetizing color, shallow depth of field, and elegant negative space. No text, no logos, no watermarks, no hands, no utensils dominating the frame, no recipe card. Restaurant context: The Red Planet Bistro in Four Seasons Hotel, Mars Base One, led by Chef Elon Ray. Dining room mood: The Red Planet Bistro at Four Seasons Mars Base One presents an out-of-this-world dining experience like no other. The dining room features panoramic windows overlooking the Martian landscape, allowing guests to marvel at the red planet's unique beauty while savoring the innovative cuisine. The design seamlessly blends cutting-edge technology with the comfort and luxury expected from the Four Seasons brand. Enjoy the specially crafted tasting menu, showcasing the best of both Earth-imported and Mars-grown ingredients, paired with an exquisite selection of interstellar wines. Course: Appetizer. Dish: Lab-grown shrimp cocktail with spicy tomato gel and hydroponic dill. Wine pairing influence: Lunar Valley Chardonnay 2049. Let the plating, garnish, table surface, and background atmosphere quietly reflect the restaurant's cuisine and setting.",artifacts/recipe_images/new_pngs/recipe-image-071-the-red-planet-bistro-appetizer.png,gpt-image-2,1024x1024,medium
recipe-image-072-the-red-planet-bistro-soup,The Red Planet Bistro,Chef Elon Ray,"Four Seasons Hotel, Mars Base One",Soup,Cream of Martian potato soup with cultured sour cream and bio-printed chives,Cream of Martian potato soup with cultured sour cream and bio-printed chives,dish_pictures/Chef_Elon_Ray-The_Red_Planet_Bistro-Soup-Cream_of_Martian_potato_soup_with_cultured_sour_cream_and_bio-printed_chives.webp,"Square 1024x1024 fine-dining editorial food photograph for a luxury digital tasting menu. Create a photorealistic plated dish with natural restaurant lighting, refined composition, crisp textures, appetizing color, shallow depth of field, and elegant negative space. No text, no logos, no watermarks, no hands, no utensils dominating the frame, no recipe card. Restaurant context: The Red Planet Bistro in Four Seasons Hotel, Mars Base One, led by Chef Elon Ray. Dining room mood: The Red Planet Bistro at Four Seasons Mars Base One presents an out-of-this-world dining experience like no other. The dining room features panoramic windows overlooking the Martian landscape, allowing guests to marvel at the red planet's unique beauty while savoring the innovative cuisine. The design seamlessly blends cutting-edge technology with the comfort and luxury expected from the Four Seasons brand. Enjoy the specially crafted tasting menu, showcasing the best of both Earth-imported and Mars-grown ingredients, paired with an exquisite selection of interstellar wines. Course: Soup. Dish: Cream of Martian potato soup with cultured sour cream and bio-printed chives. Wine pairing influence: Phobos Estate Mars-grown Riesling 2047. Let the plating, garnish, table surface, and background atmosphere quietly reflect the restaurant's cuisine and setting.",artifacts/recipe_images/new_pngs/recipe-image-072-the-red-planet-bistro-soup.png,gpt-image-2,1024x1024,medium
recipe-image-073-the-red-planet-bistro-main-course,The Red Planet Bistro,Chef Elon Ray,"Four Seasons Hotel, Mars Base One",Main Course,"Cellular agriculture steak with Mars-grown mushroom sauce, hydroponic vegetables, and red dust-infused demi-glace","Cellular agriculture steak with Mars-grown mushroom sauce, hydroponic vegetables, and red dust-infused demi-glace","dish_pictures/Chef_Elon_Ray-The_Red_Planet_Bistro-Main_Course-Cellular_agriculture_steak_with_Mars-grown_mushroom_sauce,_hydroponic_vegetables,_and_red_dust-infused_demi-glace.webp","Square 1024x1024 fine-dining editorial food photograph for a luxury digital tasting menu. Create a photorealistic plated dish with natural restaurant lighting, refined composition, crisp textures, appetizing color, shallow depth of field, and elegant negative space. No text, no logos, no watermarks, no hands, no utensils dominating the frame, no recipe card. Restaurant context: The Red Planet Bistro in Four Seasons Hotel, Mars Base One, led by Chef Elon Ray. Dining room mood: The Red Planet Bistro at Four Seasons Mars Base One presents an out-of-this-world dining experience like no other. The dining room features panoramic windows overlooking the Martian landscape, allowing guests to marvel at the red planet's unique beauty while savoring the innovative cuisine. The design seamlessly blends cutting-edge technology with the comfort and luxury expected from the Four Seasons brand. Enjoy the specially crafted tasting menu, showcasing the best of both Earth-imported and Mars-grown ingredients, paired with an exquisite selection of interstellar wines. Course: Main Course. Dish: Cellular agriculture steak with Mars-grown mushroom sauce, hydroponic vegetables, and red dust-infused demi-glace. Wine pairing influence: Deimos Heights Pinot Noir 2050. Let the plating, garnish, table surface, and background atmosphere quietly reflect the restaurant's cuisine and setting.",artifacts/recipe_images/new_pngs/recipe-image-073-the-red-planet-bistro-main-course.png,gpt-image-2,1024x1024,medium
recipe-image-074-the-red-planet-bistro-dessert,The Red Planet Bistro,Chef Elon Ray,"Four Seasons Hotel, Mars Base One",Dessert,Galactic chocolate mousse with edible holographic fruit garnish,Galactic chocolate mousse with edible holographic fruit garnish,dish_pictures/Chef_Elon_Ray-The_Red_Planet_Bistro-Dessert-Galactic_chocolate_mousse_with_edible_holographic_fruit_garnish.webp,"Square 1024x1024 fine-dining editorial food photograph for a luxury digital tasting menu. Create a photorealistic plated dish with natural restaurant lighting, refined composition, crisp textures, appetizing color, shallow depth of field, and elegant negative space. No text, no logos, no watermarks, no hands, no utensils dominating the frame, no recipe card. Restaurant context: The Red Planet Bistro in Four Seasons Hotel, Mars Base One, led by Chef Elon Ray. Dining room mood: The Red Planet Bistro at Four Seasons Mars Base One presents an out-of-this-world dining experience like no other. The dining room features panoramic windows overlooking the Martian landscape, allowing guests to marvel at the red planet's unique beauty while savoring the innovative cuisine. The design seamlessly blends cutting-edge technology with the comfort and luxury expected from the Four Seasons brand. Enjoy the specially crafted tasting menu, showcasing the best of both Earth-imported and Mars-grown ingredients, paired with an exquisite selection of interstellar wines. Course: Dessert. Dish: Galactic chocolate mousse with edible holographic fruit garnish. Wine pairing influence: Andromeda Winery Late Harvest Nebula Nectar 2045. Let the plating, garnish, table surface, and background atmosphere quietly reflect the restaurant's cuisine and setting.",artifacts/recipe_images/new_pngs/recipe-image-074-the-red-planet-bistro-dessert.png,gpt-image-2,1024x1024,medium
recipe-image-075-verdant-elegance-amuse-bouche,Verdant Elegance,Chef Isabella Green,"Four Seasons Hotel, New York City",Amuse-Bouche,Heirloom tomato tartare with basil microgreens and pine nut 'Parmesan',Heirloom tomato tartare with basil microgreens and pine nut 'Parmesan',dish_pictures/Chef_Isabella_Green-Verdant_Elegance-Amuse-Bouche-Heirloom_tomato_tartare_with_basil_microgreens_and_pine_nut_'Parmesan'.webp,"Square 1024x1024 fine-dining editorial food photograph for a luxury digital tasting menu. Create a photorealistic plated dish with natural restaurant lighting, refined composition, crisp textures, appetizing color, shallow depth of field, and elegant negative space. No text, no logos, no watermarks, no hands, no utensils dominating the frame, no recipe card. Restaurant context: Verdant Elegance in Four Seasons Hotel, New York City, led by Chef Isabella Green. Dining room mood: Verdant Elegance is a three-Michelin-star vegan restaurant located within the prestigious Four Seasons Hotel in New York City. The dining room features floor-to-ceiling windows with stunning views of the city skyline, creating a sophisticated atmosphere. Luxurious furnishings, contemporary design, and an unparalleled commitment to sustainable, plant-based dining make Verdant Elegance a truly unforgettable experience. Indulge in the meticulously crafted tasting menu, showcasing innovative vegan cuisine, and savor the expertly curated wine pairings from a world-class sommelier. Course: Amuse-Bouche. Dish: Heirloom tomato tartare with basil microgreens and pine nut 'Parmesan'. Wine pairing influence: Domaine Leflaive Puligny-Montrachet 2018. Let the plating, garnish, table surface, and background atmosphere quietly reflect the restaurant's cuisine and setting.",artifacts/recipe_images/new_pngs/recipe-image-075-verdant-elegance-amuse-bouche.png,gpt-image-2,1024x1024,medium
recipe-image-076-verdant-elegance-appetizer,Verdant Elegance,Chef Isabella Green,"Four Seasons Hotel, New York City",Appetizer,Wild mushroom carpaccio with black truffle vinaigrette and vegan 'foie gras',Wild mushroom carpaccio with black truffle vinaigrette and vegan 'foie gras',dish_pictures/Chef_Isabella_Green-Verdant_Elegance-Appetizer-Wild_mushroom_carpaccio_with_black_truffle_vinaigrette_and_vegan_'foie_gras'.webp,"Square 1024x1024 fine-dining editorial food photograph for a luxury digital tasting menu. Create a photorealistic plated dish with natural restaurant lighting, refined composition, crisp textures, appetizing color, shallow depth of field, and elegant negative space. No text, no logos, no watermarks, no hands, no utensils dominating the frame, no recipe card. Restaurant context: Verdant Elegance in Four Seasons Hotel, New York City, led by Chef Isabella Green. Dining room mood: Verdant Elegance is a three-Michelin-star vegan restaurant located within the prestigious Four Seasons Hotel in New York City. The dining room features floor-to-ceiling windows with stunning views of the city skyline, creating a sophisticated atmosphere. Luxurious furnishings, contemporary design, and an unparalleled commitment to sustainable, plant-based dining make Verdant Elegance a truly unforgettable experience. Indulge in the meticulously crafted tasting menu, showcasing innovative vegan cuisine, and savor the expertly curated wine pairings from a world-class sommelier. Course: Appetizer. Dish: Wild mushroom carpaccio with black truffle vinaigrette and vegan 'foie gras'. Wine pairing influence: Pahlmeyer Napa Valley Chardonnay 2017. Let the plating, garnish, table surface, and background atmosphere quietly reflect the restaurant's cuisine and setting.",artifacts/recipe_images/new_pngs/recipe-image-076-verdant-elegance-appetizer.png,gpt-image-2,1024x1024,medium
recipe-image-077-verdant-elegance-soup,Verdant Elegance,Chef Isabella Green,"Four Seasons Hotel, New York City",Soup,Chilled sweet corn velouté with avocado mousse and chipotle-infused oil,Chilled sweet corn velouté with avocado mousse and chipotle-infused oil,dish_pictures/Chef_Isabella_Green-Verdant_Elegance-Soup-Chilled_sweet_corn_velouté_with_avocado_mousse_and_chipotle-infused_oil.webp,"Square 1024x1024 fine-dining editorial food photograph for a luxury digital tasting menu. Create a photorealistic plated dish with natural restaurant lighting, refined composition, crisp textures, appetizing color, shallow depth of field, and elegant negative space. No text, no logos, no watermarks, no hands, no utensils dominating the frame, no recipe card. Restaurant context: Verdant Elegance in Four Seasons Hotel, New York City, led by Chef Isabella Green. Dining room mood: Verdant Elegance is a three-Michelin-star vegan restaurant located within the prestigious Four Seasons Hotel in New York City. The dining room features floor-to-ceiling windows with stunning views of the city skyline, creating a sophisticated atmosphere. Luxurious furnishings, contemporary design, and an unparalleled commitment to sustainable, plant-based dining make Verdant Elegance a truly unforgettable experience. Indulge in the meticulously crafted tasting menu, showcasing innovative vegan cuisine, and savor the expertly curated wine pairings from a world-class sommelier. Course: Soup. Dish: Chilled sweet corn velouté with avocado mousse and chipotle-infused oil. Wine pairing influence: Quintessa Illumination Sauvignon Blanc 2019. Let the plating, garnish, table surface, and background atmosphere quietly reflect the restaurant's cuisine and setting.",artifacts/recipe_images/new_pngs/recipe-image-077-verdant-elegance-soup.png,gpt-image-2,1024x1024,medium
recipe-image-078-verdant-elegance-pasta,Verdant Elegance,Chef Isabella Green,"Four Seasons Hotel, New York City",Pasta,House-made artichoke and cashew ricotta tortellini with sun-dried tomato sauce and crispy sage,House-made artichoke and cashew ricotta tortellini with sun-dried tomato sauce and crispy sage,dish_pictures/Chef_Isabella_Green-Verdant_Elegance-Pasta-House-made_artichoke_and_cashew_ricotta_tortellini_with_sun-dried_tomato_sauce_and_crispy_sage.webp,"Square 1024x1024 fine-dining editorial food photograph for a luxury digital tasting menu. Create a photorealistic plated dish with natural restaurant lighting, refined composition, crisp textures, appetizing color, shallow depth of field, and elegant negative space. No text, no logos, no watermarks, no hands, no utensils dominating the frame, no recipe card. Restaurant context: Verdant Elegance in Four Seasons Hotel, New York City, led by Chef Isabella Green. Dining room mood: Verdant Elegance is a three-Michelin-star vegan restaurant located within the prestigious Four Seasons Hotel in New York City. The dining room features floor-to-ceiling windows with stunning views of the city skyline, creating a sophisticated atmosphere. Luxurious furnishings, contemporary design, and an unparalleled commitment to sustainable, plant-based dining make Verdant Elegance a truly unforgettable experience. Indulge in the meticulously crafted tasting menu, showcasing innovative vegan cuisine, and savor the expertly curated wine pairings from a world-class sommelier. Course: Pasta. Dish: House-made artichoke and cashew ricotta tortellini with sun-dried tomato sauce and crispy sage. Wine pairing influence: Gaja Barbaresco 2016. Let the plating, garnish, table surface, and background atmosphere quietly reflect the restaurant's cuisine and setting.",artifacts/recipe_images/new_pngs/recipe-image-078-verdant-elegance-pasta.png,gpt-image-2,1024x1024,medium
recipe-image-079-verdant-elegance-main-course,Verdant Elegance,Chef Isabella Green,"Four Seasons Hotel, New York City",Main Course,Pan-seared black garlic and porcini-crusted king oyster mushroom 'scallops' with saffron-infused cauliflower purée and microgreens,Pan-seared black garlic and porcini-crusted king oyster mushroom 'scallops' with saffron-infused cauliflower purée and microgreens,dish_pictures/Chef_Isabella_Green-Verdant_Elegance-Main_Course-Pan-seared_black_garlic_and_porcini-crusted_king_oyster_mushroom_'scallops'_with_saffron-infused_cauliflower_purée_and_microgreens.webp,"Square 1024x1024 fine-dining editorial food photograph for a luxury digital tasting menu. Create a photorealistic plated dish with natural restaurant lighting, refined composition, crisp textures, appetizing color, shallow depth of field, and elegant negative space. No text, no logos, no watermarks, no hands, no utensils dominating the frame, no recipe card. Restaurant context: Verdant Elegance in Four Seasons Hotel, New York City, led by Chef Isabella Green. Dining room mood: Verdant Elegance is a three-Michelin-star vegan restaurant located within the prestigious Four Seasons Hotel in New York City. The dining room features floor-to-ceiling windows with stunning views of the city skyline, creating a sophisticated atmosphere. Luxurious furnishings, contemporary design, and an unparalleled commitment to sustainable, plant-based dining make Verdant Elegance a truly unforgettable experience. Indulge in the meticulously crafted tasting menu, showcasing innovative vegan cuisine, and savor the expertly curated wine pairings from a world-class sommelier. Course: Main Course. Dish: Pan-seared black garlic and porcini-crusted king oyster mushroom 'scallops' with saffron-infused cauliflower purée and microgreens. Wine pairing influence: Domaine de la Romanée-Conti Échézeaux 2015. Let the plating, garnish, table surface, and background atmosphere quietly reflect the restaurant's cuisine and setting.",artifacts/recipe_images/new_pngs/recipe-image-079-verdant-elegance-main-course.png,gpt-image-2,1024x1024,medium
recipe-image-080-verdant-elegance-dessert,Verdant Elegance,Chef Isabella Green,"Four Seasons Hotel, New York City",Dessert,Triple-layered dark chocolate and hazelnut mousse cake with edible gold leaf and raspberry coulis,Triple-layered dark chocolate and hazelnut mousse cake with edible gold leaf and raspberry coulis,dish_pictures/Chef_Isabella_Green-Verdant_Elegance-Dessert-Triple-layered_dark_chocolate_and_hazelnut_mousse_cake_with_edible_gold_leaf_and_raspberry_coulis.webp,"Square 1024x1024 fine-dining editorial food photograph for a luxury digital tasting menu. Create a photorealistic plated dish with natural restaurant lighting, refined composition, crisp textures, appetizing color, shallow depth of field, and elegant negative space. No text, no logos, no watermarks, no hands, no utensils dominating the frame, no recipe card. Restaurant context: Verdant Elegance in Four Seasons Hotel, New York City, led by Chef Isabella Green. Dining room mood: Verdant Elegance is a three-Michelin-star vegan restaurant located within the prestigious Four Seasons Hotel in New York City. The dining room features floor-to-ceiling windows with stunning views of the city skyline, creating a sophisticated atmosphere. Luxurious furnishings, contemporary design, and an unparalleled commitment to sustainable, plant-based dining make Verdant Elegance a truly unforgettable experience. Indulge in the meticulously crafted tasting menu, showcasing innovative vegan cuisine, and savor the expertly curated wine pairings from a world-class sommelier. Course: Dessert. Dish: Triple-layered dark chocolate and hazelnut mousse cake with edible gold leaf and raspberry coulis. Wine pairing influence: Krug Clos d'Ambonnay 2000. Let the plating, garnish, table surface, and background atmosphere quietly reflect the restaurant's cuisine and setting.",artifacts/recipe_images/new_pngs/recipe-image-080-verdant-elegance-dessert.png,gpt-image-2,1024x1024,medium
recipe-image-081-verdant-elegance-petit-fours,Verdant Elegance,Chef Isabella Green,"Four Seasons Hotel, New York City",Petit Fours,"Assorted vegan petit fours- passion fruit truffles, matcha macarons, and raspberry-filled chocolates","Assorted vegan petit fours- passion fruit truffles, matcha macarons, and raspberry-filled chocolates","dish_pictures/Chef_Isabella_Green-Verdant_Elegance-Petit_Fours-Assorted_vegan_petit_fours-_passion_fruit_truffles,_matcha_macarons,_and_raspberry-filled_chocolates.webp","Square 1024x1024 fine-dining editorial food photograph for a luxury digital tasting menu. Create a photorealistic plated dish with natural restaurant lighting, refined composition, crisp textures, appetizing color, shallow depth of field, and elegant negative space. No text, no logos, no watermarks, no hands, no utensils dominating the frame, no recipe card. Restaurant context: Verdant Elegance in Four Seasons Hotel, New York City, led by Chef Isabella Green. Dining room mood: Verdant Elegance is a three-Michelin-star vegan restaurant located within the prestigious Four Seasons Hotel in New York City. The dining room features floor-to-ceiling windows with stunning views of the city skyline, creating a sophisticated atmosphere. Luxurious furnishings, contemporary design, and an unparalleled commitment to sustainable, plant-based dining make Verdant Elegance a truly unforgettable experience. Indulge in the meticulously crafted tasting menu, showcasing innovative vegan cuisine, and savor the expertly curated wine pairings from a world-class sommelier. Course: Petit Fours. Dish: Assorted vegan petit fours- passion fruit truffles, matcha macarons, and raspberry-filled chocolates. Wine pairing influence: Louis Roederer Cristal 2012. Let the plating, garnish, table surface, and background atmosphere quietly reflect the restaurant's cuisine and setting.",artifacts/recipe_images/new_pngs/recipe-image-081-verdant-elegance-petit-fours.png,gpt-image-2,1024x1024,medium
recipe-image-082-fisherman-s-grill-appetizer,Fisherman's Grill,Chef Ahmed Naseer,Four Seasons Resort Maldives at Kuda Huraa,Appetizer,"Grilled octopus with cherry tomatoes, kalamata olives, and lemon-garlic dressing","Grilled octopus with cherry tomatoes, kalamata olives, and lemon-garlic dressing","dish_pictures/Chef_Ahmed_Naseer-Fisherman's_Grill-Appetizer-Grilled_octopus_with_cherry_tomatoes,_kalamata_olives,_and_lemon-garlic_dressing.webp","Square 1024x1024 fine-dining editorial food photograph for a luxury digital tasting menu. Create a photorealistic plated dish with natural restaurant lighting, refined composition, crisp textures, appetizing color, shallow depth of field, and elegant negative space. No text, no logos, no watermarks, no hands, no utensils dominating the frame, no recipe card. Restaurant context: Fisherman's Grill in Four Seasons Resort Maldives at Kuda Huraa, led by Chef Ahmed Naseer. Dining room mood: Fisherman's Grill at Four Seasons Resort Maldives at Kuda Huraa is a seaside restaurant specializing in freshly grilled fish and seafood. The dining room is open-air with panoramic ocean views, creating a relaxed and inviting atmosphere. Enjoy a delectable tasting menu showcasing the best local catches and expertly paired wines, surrounded by the natural beauty of the Maldives. With its attentive service, superb cuisine, and breathtaking setting, Fisherman's Grill is a dining experience not to be missed. Course: Appetizer. Dish: Grilled octopus with cherry tomatoes, kalamata olives, and lemon-garlic dressing. Wine pairing influence: Cloudy Bay Sauvignon Blanc 2020. Let the plating, garnish, table surface, and background atmosphere quietly reflect the restaurant's cuisine and setting.",artifacts/recipe_images/new_pngs/recipe-image-082-fisherman-s-grill-appetizer.png,gpt-image-2,1024x1024,medium
recipe-image-083-fisherman-s-grill-fish,Fisherman's Grill,Chef Ahmed Naseer,Four Seasons Resort Maldives at Kuda Huraa,Fish,"Charcoal-grilled red snapper with tamarind glaze, mango salsa, and coconut rice","Charcoal-grilled red snapper with tamarind glaze, mango salsa, and coconut rice","dish_pictures/Chef_Ahmed_Naseer-Fisherman's_Grill-Fish-Charcoal-grilled_red_snapper_with_tamarind_glaze,_mango_salsa,_and_coconut_rice.webp","Square 1024x1024 fine-dining editorial food photograph for a luxury digital tasting menu. Create a photorealistic plated dish with natural restaurant lighting, refined composition, crisp textures, appetizing color, shallow depth of field, and elegant negative space. No text, no logos, no watermarks, no hands, no utensils dominating the frame, no recipe card. Restaurant context: Fisherman's Grill in Four Seasons Resort Maldives at Kuda Huraa, led by Chef Ahmed Naseer. Dining room mood: Fisherman's Grill at Four Seasons Resort Maldives at Kuda Huraa is a seaside restaurant specializing in freshly grilled fish and seafood. The dining room is open-air with panoramic ocean views, creating a relaxed and inviting atmosphere. Enjoy a delectable tasting menu showcasing the best local catches and expertly paired wines, surrounded by the natural beauty of the Maldives. With its attentive service, superb cuisine, and breathtaking setting, Fisherman's Grill is a dining experience not to be missed. Course: Fish. Dish: Charcoal-grilled red snapper with tamarind glaze, mango salsa, and coconut rice. Wine pairing influence: Clos des Papes Châteauneuf-du-Pape Blanc 2018. Let the plating, garnish, table surface, and background atmosphere quietly reflect the restaurant's cuisine and setting.",artifacts/recipe_images/new_pngs/recipe-image-083-fisherman-s-grill-fish.png,gpt-image-2,1024x1024,medium
recipe-image-084-fisherman-s-grill-seafood,Fisherman's Grill,Chef Ahmed Naseer,Four Seasons Resort Maldives at Kuda Huraa,Seafood,"Mixed seafood grill with jumbo prawns, calamari, and scallops, served with a spicy tomato sauce","Mixed seafood grill with jumbo prawns, calamari, and scallops, served with a spicy tomato sauce","dish_pictures/Chef_Ahmed_Naseer-Fisherman's_Grill-Seafood-Mixed_seafood_grill_with_jumbo_prawns,_calamari,_and_scallops,_served_with_a_spicy_tomato_sauce.webp","Square 1024x1024 fine-dining editorial food photograph for a luxury digital tasting menu. Create a photorealistic plated dish with natural restaurant lighting, refined composition, crisp textures, appetizing color, shallow depth of field, and elegant negative space. No text, no logos, no watermarks, no hands, no utensils dominating the frame, no recipe card. Restaurant context: Fisherman's Grill in Four Seasons Resort Maldives at Kuda Huraa, led by Chef Ahmed Naseer. Dining room mood: Fisherman's Grill at Four Seasons Resort Maldives at Kuda Huraa is a seaside restaurant specializing in freshly grilled fish and seafood. The dining room is open-air with panoramic ocean views, creating a relaxed and inviting atmosphere. Enjoy a delectable tasting menu showcasing the best local catches and expertly paired wines, surrounded by the natural beauty of the Maldives. With its attentive service, superb cuisine, and breathtaking setting, Fisherman's Grill is a dining experience not to be missed. Course: Seafood. Dish: Mixed seafood grill with jumbo prawns, calamari, and scallops, served with a spicy tomato sauce. Wine pairing influence: Paul Jaboulet Aîné Hermitage La Chapelle 2015. Let the plating, garnish, table surface, and background atmosphere quietly reflect the restaurant's cuisine and setting.",artifacts/recipe_images/new_pngs/recipe-image-084-fisherman-s-grill-seafood.png,gpt-image-2,1024x1024,medium
recipe-image-085-fisherman-s-grill-meat,Fisherman's Grill,Chef Ahmed Naseer,Four Seasons Resort Maldives at Kuda Huraa,Meat,"Grilled lamb chops with rosemary marinade, ratatouille, and mint yogurt","Grilled lamb chops with rosemary marinade, ratatouille, and mint yogurt","dish_pictures/Chef_Ahmed_Naseer-Fisherman's_Grill-Meat-Grilled_lamb_chops_with_rosemary_marinade,_ratatouille,_and_mint_yogurt.webp","Square 1024x1024 fine-dining editorial food photograph for a luxury digital tasting menu. Create a photorealistic plated dish with natural restaurant lighting, refined composition, crisp textures, appetizing color, shallow depth of field, and elegant negative space. No text, no logos, no watermarks, no hands, no utensils dominating the frame, no recipe card. Restaurant context: Fisherman's Grill in Four Seasons Resort Maldives at Kuda Huraa, led by Chef Ahmed Naseer. Dining room mood: Fisherman's Grill at Four Seasons Resort Maldives at Kuda Huraa is a seaside restaurant specializing in freshly grilled fish and seafood. The dining room is open-air with panoramic ocean views, creating a relaxed and inviting atmosphere. Enjoy a delectable tasting menu showcasing the best local catches and expertly paired wines, surrounded by the natural beauty of the Maldives. With its attentive service, superb cuisine, and breathtaking setting, Fisherman's Grill is a dining experience not to be missed. Course: Meat. Dish: Grilled lamb chops with rosemary marinade, ratatouille, and mint yogurt. Wine pairing influence: Château Mouton Rothschild 2012. Let the plating, garnish, table surface, and background atmosphere quietly reflect the restaurant's cuisine and setting.",artifacts/recipe_images/new_pngs/recipe-image-085-fisherman-s-grill-meat.png,gpt-image-2,1024x1024,medium
recipe-image-086-fisherman-s-grill-dessert,Fisherman's Grill,Chef Ahmed Naseer,Four Seasons Resort Maldives at Kuda Huraa,Dessert,Coconut panna cotta with passion fruit coulis and toasted coconut flakes,Coconut panna cotta with passion fruit coulis and toasted coconut flakes,dish_pictures/Chef_Ahmed_Naseer-Fisherman's_Grill-Dessert-Coconut_panna_cotta_with_passion_fruit_coulis_and_toasted_coconut_flakes.webp,"Square 1024x1024 fine-dining editorial food photograph for a luxury digital tasting menu. Create a photorealistic plated dish with natural restaurant lighting, refined composition, crisp textures, appetizing color, shallow depth of field, and elegant negative space. No text, no logos, no watermarks, no hands, no utensils dominating the frame, no recipe card. Restaurant context: Fisherman's Grill in Four Seasons Resort Maldives at Kuda Huraa, led by Chef Ahmed Naseer. Dining room mood: Fisherman's Grill at Four Seasons Resort Maldives at Kuda Huraa is a seaside restaurant specializing in freshly grilled fish and seafood. The dining room is open-air with panoramic ocean views, creating a relaxed and inviting atmosphere. Enjoy a delectable tasting menu showcasing the best local catches and expertly paired wines, surrounded by the natural beauty of the Maldives. With its attentive service, superb cuisine, and breathtaking setting, Fisherman's Grill is a dining experience not to be missed. Course: Dessert. Dish: Coconut panna cotta with passion fruit coulis and toasted coconut flakes. Wine pairing influence: Domaine des Baumard Quarts de Chaume 2017. Let the plating, garnish, table surface, and background atmosphere quietly reflect the restaurant's cuisine and setting.",artifacts/recipe_images/new_pngs/recipe-image-086-fisherman-s-grill-dessert.png,gpt-image-2,1024x1024,medium
recipe-image-087-fisherman-s-grill-dessert,Fisherman's Grill,Chef Ahmed Naseer,Four Seasons Resort Maldives at Kuda Huraa,Dessert,Grilled pineapple with rum caramel sauce and vanilla ice cream,Grilled pineapple with rum caramel sauce and vanilla ice cream,dish_pictures/Chef_Ahmed_Naseer-Fisherman's_Grill-Dessert-Grilled_pineapple_with_rum_caramel_sauce_and_vanilla_ice_cream.webp,"Square 1024x1024 fine-dining editorial food photograph for a luxury digital tasting menu. Create a photorealistic plated dish with natural restaurant lighting, refined composition, crisp textures, appetizing color, shallow depth of field, and elegant negative space. No text, no logos, no watermarks, no hands, no utensils dominating the frame, no recipe card. Restaurant context: Fisherman's Grill in Four Seasons Resort Maldives at Kuda Huraa, led by Chef Ahmed Naseer. Dining room mood: Fisherman's Grill at Four Seasons Resort Maldives at Kuda Huraa is a seaside restaurant specializing in freshly grilled fish and seafood. The dining room is open-air with panoramic ocean views, creating a relaxed and inviting atmosphere. Enjoy a delectable tasting menu showcasing the best local catches and expertly paired wines, surrounded by the natural beauty of the Maldives. With its attentive service, superb cuisine, and breathtaking setting, Fisherman's Grill is a dining experience not to be missed. Course: Dessert. Dish: Grilled pineapple with rum caramel sauce and vanilla ice cream. Wine pairing influence: Château Suduiraut Sauternes 2015. Let the plating, garnish, table surface, and background atmosphere quietly reflect the restaurant's cuisine and setting.",artifacts/recipe_images/new_pngs/recipe-image-087-fisherman-s-grill-dessert.png,gpt-image-2,1024x1024,medium
recipe-image-088-fisherman-s-grill-dessert,Fisherman's Grill,Chef Ahmed Naseer,Four Seasons Resort Maldives at Kuda Huraa,Dessert,Warm chocolate lava cake with coconut ice cream and macadamia nuts,Warm chocolate lava cake with coconut ice cream and macadamia nuts,dish_pictures/Chef_Ahmed_Naseer-Fisherman's_Grill-Dessert-Warm_chocolate_lava_cake_with_coconut_ice_cream_and_macadamia_nuts.webp,"Square 1024x1024 fine-dining editorial food photograph for a luxury digital tasting menu. Create a photorealistic plated dish with natural restaurant lighting, refined composition, crisp textures, appetizing color, shallow depth of field, and elegant negative space. No text, no logos, no watermarks, no hands, no utensils dominating the frame, no recipe card. Restaurant context: Fisherman's Grill in Four Seasons Resort Maldives at Kuda Huraa, led by Chef Ahmed Naseer. Dining room mood: Fisherman's Grill at Four Seasons Resort Maldives at Kuda Huraa is a seaside restaurant specializing in freshly grilled fish and seafood. The dining room is open-air with panoramic ocean views, creating a relaxed and inviting atmosphere. Enjoy a delectable tasting menu showcasing the best local catches and expertly paired wines, surrounded by the natural beauty of the Maldives. With its attentive service, superb cuisine, and breathtaking setting, Fisherman's Grill is a dining experience not to be missed. Course: Dessert. Dish: Warm chocolate lava cake with coconut ice cream and macadamia nuts. Wine pairing influence: Ramos Pinto Quinta do Bom Retiro 20 Year Tawny Port. Let the plating, garnish, table surface, and background atmosphere quietly reflect the restaurant's cuisine and setting.",artifacts/recipe_images/new_pngs/recipe-image-088-fisherman-s-grill-dessert.png,gpt-image-2,1024x1024,medium
recipe-image-089-imperial-caviar-amuse-bouche,Imperial Caviar,Chef Dimitri Petrov,"Four Seasons Hotel Lion Palace, St. Petersburg, Russia",Amuse-Bouche,Blini with smoked salmon and Ossetra caviar,Blini with smoked salmon and Ossetra caviar,dish_pictures/Chef_Dimitri_Petrov-Imperial_Caviar-Amuse-Bouche-Blini_with_smoked_salmon_and_Ossetra_caviar.webp,"Square 1024x1024 fine-dining editorial food photograph for a luxury digital tasting menu. Create a photorealistic plated dish with natural restaurant lighting, refined composition, crisp textures, appetizing color, shallow depth of field, and elegant negative space. No text, no logos, no watermarks, no hands, no utensils dominating the frame, no recipe card. Restaurant context: Imperial Caviar in Four Seasons Hotel Lion Palace, St. Petersburg, Russia, led by Chef Dimitri Petrov. Dining room mood: Imperial Caviar showcases the opulence of Russia's culinary heritage with lavish interiors featuring rich red velvet, sparkling crystal chandeliers, and floor-to-ceiling windows overlooking the Winter Palace. The restaurant pays homage to the grandeur of the tsarist era with its impeccable service and indulgent menu offerings. Course: Amuse-Bouche. Dish: Blini with smoked salmon and Ossetra caviar. Wine pairing influence: Champagne Taittinger Brut Réserve. Let the plating, garnish, table surface, and background atmosphere quietly reflect the restaurant's cuisine and setting.",artifacts/recipe_images/new_pngs/recipe-image-089-imperial-caviar-amuse-bouche.png,gpt-image-2,1024x1024,medium
recipe-image-090-imperial-caviar-appetizer,Imperial Caviar,Chef Dimitri Petrov,"Four Seasons Hotel Lion Palace, St. Petersburg, Russia",Appetizer,Beetroot and vodka-cured sturgeon with horseradish cream,Beetroot and vodka-cured sturgeon with horseradish cream,dish_pictures/Chef_Dimitri_Petrov-Imperial_Caviar-Appetizer-Beetroot_and_vodka-cured_sturgeon_with_horseradish_cream.webp,"Square 1024x1024 fine-dining editorial food photograph for a luxury digital tasting menu. Create a photorealistic plated dish with natural restaurant lighting, refined composition, crisp textures, appetizing color, shallow depth of field, and elegant negative space. No text, no logos, no watermarks, no hands, no utensils dominating the frame, no recipe card. Restaurant context: Imperial Caviar in Four Seasons Hotel Lion Palace, St. Petersburg, Russia, led by Chef Dimitri Petrov. Dining room mood: Imperial Caviar showcases the opulence of Russia's culinary heritage with lavish interiors featuring rich red velvet, sparkling crystal chandeliers, and floor-to-ceiling windows overlooking the Winter Palace. The restaurant pays homage to the grandeur of the tsarist era with its impeccable service and indulgent menu offerings. Course: Appetizer. Dish: Beetroot and vodka-cured sturgeon with horseradish cream. Wine pairing influence: Chablis Domaine Laroche Saint Martin 2019. Let the plating, garnish, table surface, and background atmosphere quietly reflect the restaurant's cuisine and setting.",artifacts/recipe_images/new_pngs/recipe-image-090-imperial-caviar-appetizer.png,gpt-image-2,1024x1024,medium
recipe-image-091-imperial-caviar-soup,Imperial Caviar,Chef Dimitri Petrov,"Four Seasons Hotel Lion Palace, St. Petersburg, Russia",Soup,Traditional Russian borscht with sour cream and pumpernickel bread,Traditional Russian borscht with sour cream and pumpernickel bread,dish_pictures/Chef_Dimitri_Petrov-Imperial_Caviar-Soup-Traditional_Russian_borscht_with_sour_cream_and_pumpernickel_bread.webp,"Square 1024x1024 fine-dining editorial food photograph for a luxury digital tasting menu. Create a photorealistic plated dish with natural restaurant lighting, refined composition, crisp textures, appetizing color, shallow depth of field, and elegant negative space. No text, no logos, no watermarks, no hands, no utensils dominating the frame, no recipe card. Restaurant context: Imperial Caviar in Four Seasons Hotel Lion Palace, St. Petersburg, Russia, led by Chef Dimitri Petrov. Dining room mood: Imperial Caviar showcases the opulence of Russia's culinary heritage with lavish interiors featuring rich red velvet, sparkling crystal chandeliers, and floor-to-ceiling windows overlooking the Winter Palace. The restaurant pays homage to the grandeur of the tsarist era with its impeccable service and indulgent menu offerings. Course: Soup. Dish: Traditional Russian borscht with sour cream and pumpernickel bread. Wine pairing influence: Pinot Noir Domaine Gille Bourgogne 2018. Let the plating, garnish, table surface, and background atmosphere quietly reflect the restaurant's cuisine and setting.",artifacts/recipe_images/new_pngs/recipe-image-091-imperial-caviar-soup.png,gpt-image-2,1024x1024,medium
recipe-image-092-imperial-caviar-fish,Imperial Caviar,Chef Dimitri Petrov,"Four Seasons Hotel Lion Palace, St. Petersburg, Russia",Fish,"Pan-fried halibut with celeriac puree, wilted spinach, and dill beurre blanc","Pan-fried halibut with celeriac puree, wilted spinach, and dill beurre blanc","dish_pictures/Chef_Dimitri_Petrov-Imperial_Caviar-Fish-Pan-fried_halibut_with_celeriac_puree,_wilted_spinach,_and_dill_beurre_blanc.webp","Square 1024x1024 fine-dining editorial food photograph for a luxury digital tasting menu. Create a photorealistic plated dish with natural restaurant lighting, refined composition, crisp textures, appetizing color, shallow depth of field, and elegant negative space. No text, no logos, no watermarks, no hands, no utensils dominating the frame, no recipe card. Restaurant context: Imperial Caviar in Four Seasons Hotel Lion Palace, St. Petersburg, Russia, led by Chef Dimitri Petrov. Dining room mood: Imperial Caviar showcases the opulence of Russia's culinary heritage with lavish interiors featuring rich red velvet, sparkling crystal chandeliers, and floor-to-ceiling windows overlooking the Winter Palace. The restaurant pays homage to the grandeur of the tsarist era with its impeccable service and indulgent menu offerings. Course: Fish. Dish: Pan-fried halibut with celeriac puree, wilted spinach, and dill beurre blanc. Wine pairing influence: Sauvignon Blanc Cloudy Bay Marlborough 2020. Let the plating, garnish, table surface, and background atmosphere quietly reflect the restaurant's cuisine and setting.",artifacts/recipe_images/new_pngs/recipe-image-092-imperial-caviar-fish.png,gpt-image-2,1024x1024,medium
recipe-image-093-imperial-caviar-meat,Imperial Caviar,Chef Dimitri Petrov,"Four Seasons Hotel Lion Palace, St. Petersburg, Russia",Meat,"Venison medallions with wild mushrooms, truffled potato gratin, and juniper berry sauce","Venison medallions with wild mushrooms, truffled potato gratin, and juniper berry sauce","dish_pictures/Chef_Dimitri_Petrov-Imperial_Caviar-Meat-Venison_medallions_with_wild_mushrooms,_truffled_potato_gratin,_and_juniper_berry_sauce.webp","Square 1024x1024 fine-dining editorial food photograph for a luxury digital tasting menu. Create a photorealistic plated dish with natural restaurant lighting, refined composition, crisp textures, appetizing color, shallow depth of field, and elegant negative space. No text, no logos, no watermarks, no hands, no utensils dominating the frame, no recipe card. Restaurant context: Imperial Caviar in Four Seasons Hotel Lion Palace, St. Petersburg, Russia, led by Chef Dimitri Petrov. Dining room mood: Imperial Caviar showcases the opulence of Russia's culinary heritage with lavish interiors featuring rich red velvet, sparkling crystal chandeliers, and floor-to-ceiling windows overlooking the Winter Palace. The restaurant pays homage to the grandeur of the tsarist era with its impeccable service and indulgent menu offerings. Course: Meat. Dish: Venison medallions with wild mushrooms, truffled potato gratin, and juniper berry sauce. Wine pairing influence: Barolo G.D. Vajra Bricco delle Viole 2016. Let the plating, garnish, table surface, and background atmosphere quietly reflect the restaurant's cuisine and setting.",artifacts/recipe_images/new_pngs/recipe-image-093-imperial-caviar-meat.png,gpt-image-2,1024x1024,medium
recipe-image-094-imperial-caviar-cheese,Imperial Caviar,Chef Dimitri Petrov,"Four Seasons Hotel Lion Palace, St. Petersburg, Russia",Cheese,Selection of Russian artisanal cheeses with lingonberry jam and rye crackers,Selection of Russian artisanal cheeses with lingonberry jam and rye crackers,dish_pictures/Chef_Dimitri_Petrov-Imperial_Caviar-Cheese-Selection_of_Russian_artisanal_cheeses_with_lingonberry_jam_and_rye_crackers.webp,"Square 1024x1024 fine-dining editorial food photograph for a luxury digital tasting menu. Create a photorealistic plated dish with natural restaurant lighting, refined composition, crisp textures, appetizing color, shallow depth of field, and elegant negative space. No text, no logos, no watermarks, no hands, no utensils dominating the frame, no recipe card. Restaurant context: Imperial Caviar in Four Seasons Hotel Lion Palace, St. Petersburg, Russia, led by Chef Dimitri Petrov. Dining room mood: Imperial Caviar showcases the opulence of Russia's culinary heritage with lavish interiors featuring rich red velvet, sparkling crystal chandeliers, and floor-to-ceiling windows overlooking the Winter Palace. The restaurant pays homage to the grandeur of the tsarist era with its impeccable service and indulgent menu offerings. Course: Cheese. Dish: Selection of Russian artisanal cheeses with lingonberry jam and rye crackers. Wine pairing influence: Cahors Château du Cèdre 2017. Let the plating, garnish, table surface, and background atmosphere quietly reflect the restaurant's cuisine and setting.",artifacts/recipe_images/new_pngs/recipe-image-094-imperial-caviar-cheese.png,gpt-image-2,1024x1024,medium
recipe-image-095-imperial-caviar-dessert,Imperial Caviar,Chef Dimitri Petrov,"Four Seasons Hotel Lion Palace, St. Petersburg, Russia",Dessert,Honey cake with sour cream frosting and raspberry coulis,Honey cake with sour cream frosting and raspberry coulis,dish_pictures/Chef_Dimitri_Petrov-Imperial_Caviar-Dessert-Honey_cake_with_sour_cream_frosting_and_raspberry_coulis.webp,"Square 1024x1024 fine-dining editorial food photograph for a luxury digital tasting menu. Create a photorealistic plated dish with natural restaurant lighting, refined composition, crisp textures, appetizing color, shallow depth of field, and elegant negative space. No text, no logos, no watermarks, no hands, no utensils dominating the frame, no recipe card. Restaurant context: Imperial Caviar in Four Seasons Hotel Lion Palace, St. Petersburg, Russia, led by Chef Dimitri Petrov. Dining room mood: Imperial Caviar showcases the opulence of Russia's culinary heritage with lavish interiors featuring rich red velvet, sparkling crystal chandeliers, and floor-to-ceiling windows overlooking the Winter Palace. The restaurant pays homage to the grandeur of the tsarist era with its impeccable service and indulgent menu offerings. Course: Dessert. Dish: Honey cake with sour cream frosting and raspberry coulis. Wine pairing influence: Tokaji Aszú 5 Puttonyos Disznókő 2013. Let the plating, garnish, table surface, and background atmosphere quietly reflect the restaurant's cuisine and setting.",artifacts/recipe_images/new_pngs/recipe-image-095-imperial-caviar-dessert.png,gpt-image-2,1024x1024,medium
recipe-image-096-alcazar-amuse-bouche,Alcazar,Chef Farid Al-Rashid,"Four Seasons Hotel Utopia, Dubai, United Arab Emirates",Amuse-Bouche,Dates stuffed with goat cheese and crushed pistachios,Dates stuffed with goat cheese and crushed pistachios,dish_pictures/Chef_Farid_Al-Rashid-Alcazar-Amuse-Bouche-Dates_stuffed_with_goat_cheese_and_crushed_pistachios.webp,"Square 1024x1024 fine-dining editorial food photograph for a luxury digital tasting menu. Create a photorealistic plated dish with natural restaurant lighting, refined composition, crisp textures, appetizing color, shallow depth of field, and elegant negative space. No text, no logos, no watermarks, no hands, no utensils dominating the frame, no recipe card. Restaurant context: Alcazar in Four Seasons Hotel Utopia, Dubai, United Arab Emirates, led by Chef Farid Al-Rashid. Dining room mood: Alcazar is a luxurious dining oasis that combines modern elegance with the rich culinary traditions of the Middle East. The opulent interiors are adorned with gold accents, intricate mosaics, and plush seating. Floor-to-ceiling windows offer sweeping views of Dubai's skyline and the glittering Arabian Gulf. Course: Amuse-Bouche. Dish: Dates stuffed with goat cheese and crushed pistachios. Wine pairing influence: Champagne Ruinart Blanc de Blancs. Let the plating, garnish, table surface, and background atmosphere quietly reflect the restaurant's cuisine and setting.",artifacts/recipe_images/new_pngs/recipe-image-096-alcazar-amuse-bouche.png,gpt-image-2,1024x1024,medium
recipe-image-097-alcazar-appetizer,Alcazar,Chef Farid Al-Rashid,"Four Seasons Hotel Utopia, Dubai, United Arab Emirates",Appetizer,Pan-seared scallops with saffron and orange-infused cauliflower purée,Pan-seared scallops with saffron and orange-infused cauliflower purée,dish_pictures/Chef_Farid_Al-Rashid-Alcazar-Appetizer-Pan-seared_scallops_with_saffron_and_orange-infused_cauliflower_purée.webp,"Square 1024x1024 fine-dining editorial food photograph for a luxury digital tasting menu. Create a photorealistic plated dish with natural restaurant lighting, refined composition, crisp textures, appetizing color, shallow depth of field, and elegant negative space. No text, no logos, no watermarks, no hands, no utensils dominating the frame, no recipe card. Restaurant context: Alcazar in Four Seasons Hotel Utopia, Dubai, United Arab Emirates, led by Chef Farid Al-Rashid. Dining room mood: Alcazar is a luxurious dining oasis that combines modern elegance with the rich culinary traditions of the Middle East. The opulent interiors are adorned with gold accents, intricate mosaics, and plush seating. Floor-to-ceiling windows offer sweeping views of Dubai's skyline and the glittering Arabian Gulf. Course: Appetizer. Dish: Pan-seared scallops with saffron and orange-infused cauliflower purée. Wine pairing influence: Vermentino di Sardegna Cantina del Vermentino Funtanaliras 2020. Let the plating, garnish, table surface, and background atmosphere quietly reflect the restaurant's cuisine and setting.",artifacts/recipe_images/new_pngs/recipe-image-097-alcazar-appetizer.png,gpt-image-2,1024x1024,medium
recipe-image-098-alcazar-soup,Alcazar,Chef Farid Al-Rashid,"Four Seasons Hotel Utopia, Dubai, United Arab Emirates",Soup,Creamy pumpkin and coconut soup with sumac-spiced croutons,Creamy pumpkin and coconut soup with sumac-spiced croutons,dish_pictures/Chef_Farid_Al-Rashid-Alcazar-Soup-Creamy_pumpkin_and_coconut_soup_with_sumac-spiced_croutons.webp,"Square 1024x1024 fine-dining editorial food photograph for a luxury digital tasting menu. Create a photorealistic plated dish with natural restaurant lighting, refined composition, crisp textures, appetizing color, shallow depth of field, and elegant negative space. No text, no logos, no watermarks, no hands, no utensils dominating the frame, no recipe card. Restaurant context: Alcazar in Four Seasons Hotel Utopia, Dubai, United Arab Emirates, led by Chef Farid Al-Rashid. Dining room mood: Alcazar is a luxurious dining oasis that combines modern elegance with the rich culinary traditions of the Middle East. The opulent interiors are adorned with gold accents, intricate mosaics, and plush seating. Floor-to-ceiling windows offer sweeping views of Dubai's skyline and the glittering Arabian Gulf. Course: Soup. Dish: Creamy pumpkin and coconut soup with sumac-spiced croutons. Wine pairing influence: Viognier Yves Cuilleron Les Vignes d'à Côté 2019. Let the plating, garnish, table surface, and background atmosphere quietly reflect the restaurant's cuisine and setting.",artifacts/recipe_images/new_pngs/recipe-image-098-alcazar-soup.png,gpt-image-2,1024x1024,medium
recipe-image-099-alcazar-fish,Alcazar,Chef Farid Al-Rashid,"Four Seasons Hotel Utopia, Dubai, United Arab Emirates",Fish,"Seared sea bass with chickpea and spinach stew, pomegranate reduction","Seared sea bass with chickpea and spinach stew, pomegranate reduction","dish_pictures/Chef_Farid_Al-Rashid-Alcazar-Fish-Seared_sea_bass_with_chickpea_and_spinach_stew,_pomegranate_reduction.webp","Square 1024x1024 fine-dining editorial food photograph for a luxury digital tasting menu. Create a photorealistic plated dish with natural restaurant lighting, refined composition, crisp textures, appetizing color, shallow depth of field, and elegant negative space. No text, no logos, no watermarks, no hands, no utensils dominating the frame, no recipe card. Restaurant context: Alcazar in Four Seasons Hotel Utopia, Dubai, United Arab Emirates, led by Chef Farid Al-Rashid. Dining room mood: Alcazar is a luxurious dining oasis that combines modern elegance with the rich culinary traditions of the Middle East. The opulent interiors are adorned with gold accents, intricate mosaics, and plush seating. Floor-to-ceiling windows offer sweeping views of Dubai's skyline and the glittering Arabian Gulf. Course: Fish. Dish: Seared sea bass with chickpea and spinach stew, pomegranate reduction. Wine pairing influence: Chardonnay Cakebread Cellars Napa Valley 2019. Let the plating, garnish, table surface, and background atmosphere quietly reflect the restaurant's cuisine and setting.",artifacts/recipe_images/new_pngs/recipe-image-099-alcazar-fish.png,gpt-image-2,1024x1024,medium
recipe-image-100-alcazar-meat,Alcazar,Chef Farid Al-Rashid,"Four Seasons Hotel Utopia, Dubai, United Arab Emirates",Meat,"Slow-cooked lamb shank with apricot and almond couscous, harissa jus","Slow-cooked lamb shank with apricot and almond couscous, harissa jus","dish_pictures/Chef_Farid_Al-Rashid-Alcazar-Meat-Slow-cooked_lamb_shank_with_apricot_and_almond_couscous,_harissa_jus.webp","Square 1024x1024 fine-dining editorial food photograph for a luxury digital tasting menu. Create a photorealistic plated dish with natural restaurant lighting, refined composition, crisp textures, appetizing color, shallow depth of field, and elegant negative space. No text, no logos, no watermarks, no hands, no utensils dominating the frame, no recipe card. Restaurant context: Alcazar in Four Seasons Hotel Utopia, Dubai, United Arab Emirates, led by Chef Farid Al-Rashid. Dining room mood: Alcazar is a luxurious dining oasis that combines modern elegance with the rich culinary traditions of the Middle East. The opulent interiors are adorned with gold accents, intricate mosaics, and plush seating. Floor-to-ceiling windows offer sweeping views of Dubai's skyline and the glittering Arabian Gulf. Course: Meat. Dish: Slow-cooked lamb shank with apricot and almond couscous, harissa jus. Wine pairing influence: Syrah E. Guigal Côtes du Rhône 2017. Let the plating, garnish, table surface, and background atmosphere quietly reflect the restaurant's cuisine and setting.",artifacts/recipe_images/new_pngs/recipe-image-100-alcazar-meat.png,gpt-image-2,1024x1024,medium
recipe-image-101-alcazar-cheese,Alcazar,Chef Farid Al-Rashid,"Four Seasons Hotel Utopia, Dubai, United Arab Emirates",Cheese,Selection of Middle Eastern cheeses with fig jam and za'atar flatbread,Selection of Middle Eastern cheeses with fig jam and za'atar flatbread,dish_pictures/Chef_Farid_Al-Rashid-Alcazar-Cheese-Selection_of_Middle_Eastern_cheeses_with_fig_jam_and_za'atar_flatbread.webp,"Square 1024x1024 fine-dining editorial food photograph for a luxury digital tasting menu. Create a photorealistic plated dish with natural restaurant lighting, refined composition, crisp textures, appetizing color, shallow depth of field, and elegant negative space. No text, no logos, no watermarks, no hands, no utensils dominating the frame, no recipe card. Restaurant context: Alcazar in Four Seasons Hotel Utopia, Dubai, United Arab Emirates, led by Chef Farid Al-Rashid. Dining room mood: Alcazar is a luxurious dining oasis that combines modern elegance with the rich culinary traditions of the Middle East. The opulent interiors are adorned with gold accents, intricate mosaics, and plush seating. Floor-to-ceiling windows offer sweeping views of Dubai's skyline and the glittering Arabian Gulf. Course: Cheese. Dish: Selection of Middle Eastern cheeses with fig jam and za'atar flatbread. Wine pairing influence: Rosé Domaine Tempier Bandol 2020. Let the plating, garnish, table surface, and background atmosphere quietly reflect the restaurant's cuisine and setting.",artifacts/recipe_images/new_pngs/recipe-image-101-alcazar-cheese.png,gpt-image-2,1024x1024,medium
recipe-image-102-alcazar-dessert,Alcazar,Chef Farid Al-Rashid,"Four Seasons Hotel Utopia, Dubai, United Arab Emirates",Dessert,Rosewater and cardamom panna cotta with honeyed pistachio crumble,Rosewater and cardamom panna cotta with honeyed pistachio crumble,dish_pictures/Chef_Farid_Al-Rashid-Alcazar-Dessert-Rosewater_and_cardamom_panna_cotta_with_honeyed_pistachio_crumble.webp,"Square 1024x1024 fine-dining editorial food photograph for a luxury digital tasting menu. Create a photorealistic plated dish with natural restaurant lighting, refined composition, crisp textures, appetizing color, shallow depth of field, and elegant negative space. No text, no logos, no watermarks, no hands, no utensils dominating the frame, no recipe card. Restaurant context: Alcazar in Four Seasons Hotel Utopia, Dubai, United Arab Emirates, led by Chef Farid Al-Rashid. Dining room mood: Alcazar is a luxurious dining oasis that combines modern elegance with the rich culinary traditions of the Middle East. The opulent interiors are adorned with gold accents, intricate mosaics, and plush seating. Floor-to-ceiling windows offer sweeping views of Dubai's skyline and the glittering Arabian Gulf. Course: Dessert. Dish: Rosewater and cardamom panna cotta with honeyed pistachio crumble. Wine pairing influence: Moscato d'Asti Vietti Cascinetta 2021. Let the plating, garnish, table surface, and background atmosphere quietly reflect the restaurant's cuisine and setting.",artifacts/recipe_images/new_pngs/recipe-image-102-alcazar-dessert.png,gpt-image-2,1024x1024,medium
recipe-image-103-nordic-haven-amuse-bouche,Nordic Haven,Chef Sigurjón Ólafsson,"Four Seasons Hotel Aurora, Reykjavik, Iceland",Amuse-Bouche,Crispy Icelandic seaweed with foraged herbs and pickled berries,Crispy Icelandic seaweed with foraged herbs and pickled berries,dish_pictures/Chef_Sigurjón_Ólafsson-Nordic_Haven-Amuse-Bouche-Crispy_Icelandic_seaweed_with_foraged_herbs_and_pickled_berries.webp,"Square 1024x1024 fine-dining editorial food photograph for a luxury digital tasting menu. Create a photorealistic plated dish with natural restaurant lighting, refined composition, crisp textures, appetizing color, shallow depth of field, and elegant negative space. No text, no logos, no watermarks, no hands, no utensils dominating the frame, no recipe card. Restaurant context: Nordic Haven in Four Seasons Hotel Aurora, Reykjavik, Iceland, led by Chef Sigurjón Ólafsson. Dining room mood: Nordic Haven is an enchanting dining experience that showcases the natural beauty and unique flavors of Iceland. The minimalist, yet elegant, dining room features floor-to-ceiling windows that provide panoramic views of the aurora borealis and the surrounding rugged landscape. The innovative menu highlights the best of Nordic cuisine, with a focus on local and seasonal ingredients. Course: Amuse-Bouche. Dish: Crispy Icelandic seaweed with foraged herbs and pickled berries. Wine pairing influence: Champagne Billecart-Salmon Brut Réserve. Let the plating, garnish, table surface, and background atmosphere quietly reflect the restaurant's cuisine and setting.",artifacts/recipe_images/new_pngs/recipe-image-103-nordic-haven-amuse-bouche.png,gpt-image-2,1024x1024,medium
recipe-image-104-nordic-haven-appetizer,Nordic Haven,Chef Sigurjón Ólafsson,"Four Seasons Hotel Aurora, Reykjavik, Iceland",Appetizer,"Cured Arctic char with dill cream, cucumber, and rye crisps","Cured Arctic char with dill cream, cucumber, and rye crisps","dish_pictures/Chef_Sigurjón_Ólafsson-Nordic_Haven-Appetizer-Cured_Arctic_char_with_dill_cream,_cucumber,_and_rye_crisps.webp","Square 1024x1024 fine-dining editorial food photograph for a luxury digital tasting menu. Create a photorealistic plated dish with natural restaurant lighting, refined composition, crisp textures, appetizing color, shallow depth of field, and elegant negative space. No text, no logos, no watermarks, no hands, no utensils dominating the frame, no recipe card. Restaurant context: Nordic Haven in Four Seasons Hotel Aurora, Reykjavik, Iceland, led by Chef Sigurjón Ólafsson. Dining room mood: Nordic Haven is an enchanting dining experience that showcases the natural beauty and unique flavors of Iceland. The minimalist, yet elegant, dining room features floor-to-ceiling windows that provide panoramic views of the aurora borealis and the surrounding rugged landscape. The innovative menu highlights the best of Nordic cuisine, with a focus on local and seasonal ingredients. Course: Appetizer. Dish: Cured Arctic char with dill cream, cucumber, and rye crisps. Wine pairing influence: Riesling Trimbach Cuvée Frédéric Emile 2014. Let the plating, garnish, table surface, and background atmosphere quietly reflect the restaurant's cuisine and setting.",artifacts/recipe_images/new_pngs/recipe-image-104-nordic-haven-appetizer.png,gpt-image-2,1024x1024,medium
recipe-image-105-nordic-haven-soup,Nordic Haven,Chef Sigurjón Ólafsson,"Four Seasons Hotel Aurora, Reykjavik, Iceland",Soup,Wild mushroom and barley soup with smoked skyr and toasted hazelnuts,Wild mushroom and barley soup with smoked skyr and toasted hazelnuts,dish_pictures/Chef_Sigurjón_Ólafsson-Nordic_Haven-Soup-Wild_mushroom_and_barley_soup_with_smoked_skyr_and_toasted_hazelnuts.webp,"Square 1024x1024 fine-dining editorial food photograph for a luxury digital tasting menu. Create a photorealistic plated dish with natural restaurant lighting, refined composition, crisp textures, appetizing color, shallow depth of field, and elegant negative space. No text, no logos, no watermarks, no hands, no utensils dominating the frame, no recipe card. Restaurant context: Nordic Haven in Four Seasons Hotel Aurora, Reykjavik, Iceland, led by Chef Sigurjón Ólafsson. Dining room mood: Nordic Haven is an enchanting dining experience that showcases the natural beauty and unique flavors of Iceland. The minimalist, yet elegant, dining room features floor-to-ceiling windows that provide panoramic views of the aurora borealis and the surrounding rugged landscape. The innovative menu highlights the best of Nordic cuisine, with a focus on local and seasonal ingredients. Course: Soup. Dish: Wild mushroom and barley soup with smoked skyr and toasted hazelnuts. Wine pairing influence: Grüner Veltliner Hirsch Kammern Kammerner Heiligenstein 2018. Let the plating, garnish, table surface, and background atmosphere quietly reflect the restaurant's cuisine and setting.",artifacts/recipe_images/new_pngs/recipe-image-105-nordic-haven-soup.png,gpt-image-2,1024x1024,medium
recipe-image-106-nordic-haven-fish,Nordic Haven,Chef Sigurjón Ólafsson,"Four Seasons Hotel Aurora, Reykjavik, Iceland",Fish,"Pan-roasted cod with foraged seaweed, leeks, and mussel emulsion","Pan-roasted cod with foraged seaweed, leeks, and mussel emulsion","dish_pictures/Chef_Sigurjón_Ólafsson-Nordic_Haven-Fish-Pan-roasted_cod_with_foraged_seaweed,_leeks,_and_mussel_emulsion.webp","Square 1024x1024 fine-dining editorial food photograph for a luxury digital tasting menu. Create a photorealistic plated dish with natural restaurant lighting, refined composition, crisp textures, appetizing color, shallow depth of field, and elegant negative space. No text, no logos, no watermarks, no hands, no utensils dominating the frame, no recipe card. Restaurant context: Nordic Haven in Four Seasons Hotel Aurora, Reykjavik, Iceland, led by Chef Sigurjón Ólafsson. Dining room mood: Nordic Haven is an enchanting dining experience that showcases the natural beauty and unique flavors of Iceland. The minimalist, yet elegant, dining room features floor-to-ceiling windows that provide panoramic views of the aurora borealis and the surrounding rugged landscape. The innovative menu highlights the best of Nordic cuisine, with a focus on local and seasonal ingredients. Course: Fish. Dish: Pan-roasted cod with foraged seaweed, leeks, and mussel emulsion. Wine pairing influence: Chenin Blanc François Chidaine Montlouis-sur-Loire Les Choisilles 2019. Let the plating, garnish, table surface, and background atmosphere quietly reflect the restaurant's cuisine and setting.",artifacts/recipe_images/new_pngs/recipe-image-106-nordic-haven-fish.png,gpt-image-2,1024x1024,medium
recipe-image-107-nordic-haven-meat,Nordic Haven,Chef Sigurjón Ólafsson,"Four Seasons Hotel Aurora, Reykjavik, Iceland",Meat,Roasted Icelandic lamb loin with fermented root vegetables and juniper jus,Roasted Icelandic lamb loin with fermented root vegetables and juniper jus,dish_pictures/Chef_Sigurjón_Ólafsson-Nordic_Haven-Meat-Roasted_Icelandic_lamb_loin_with_fermented_root_vegetables_and_juniper_jus.webp,"Square 1024x1024 fine-dining editorial food photograph for a luxury digital tasting menu. Create a photorealistic plated dish with natural restaurant lighting, refined composition, crisp textures, appetizing color, shallow depth of field, and elegant negative space. No text, no logos, no watermarks, no hands, no utensils dominating the frame, no recipe card. Restaurant context: Nordic Haven in Four Seasons Hotel Aurora, Reykjavik, Iceland, led by Chef Sigurjón Ólafsson. Dining room mood: Nordic Haven is an enchanting dining experience that showcases the natural beauty and unique flavors of Iceland. The minimalist, yet elegant, dining room features floor-to-ceiling windows that provide panoramic views of the aurora borealis and the surrounding rugged landscape. The innovative menu highlights the best of Nordic cuisine, with a focus on local and seasonal ingredients. Course: Meat. Dish: Roasted Icelandic lamb loin with fermented root vegetables and juniper jus. Wine pairing influence: Pinot Noir Domaine Drouhin Oregon Dundee Hills 2017. Let the plating, garnish, table surface, and background atmosphere quietly reflect the restaurant's cuisine and setting.",artifacts/recipe_images/new_pngs/recipe-image-107-nordic-haven-meat.png,gpt-image-2,1024x1024,medium
recipe-image-108-nordic-haven-cheese,Nordic Haven,Chef Sigurjón Ólafsson,"Four Seasons Hotel Aurora, Reykjavik, Iceland",Cheese,Selection of Icelandic artisanal cheeses with cloudberry compote and seed crackers,Selection of Icelandic artisanal cheeses with cloudberry compote and seed crackers,dish_pictures/Chef_Sigurjón_Ólafsson-Nordic_Haven-Cheese-Selection_of_Icelandic_artisanal_cheeses_with_cloudberry_compote_and_seed_crackers.webp,"Square 1024x1024 fine-dining editorial food photograph for a luxury digital tasting menu. Create a photorealistic plated dish with natural restaurant lighting, refined composition, crisp textures, appetizing color, shallow depth of field, and elegant negative space. No text, no logos, no watermarks, no hands, no utensils dominating the frame, no recipe card. Restaurant context: Nordic Haven in Four Seasons Hotel Aurora, Reykjavik, Iceland, led by Chef Sigurjón Ólafsson. Dining room mood: Nordic Haven is an enchanting dining experience that showcases the natural beauty and unique flavors of Iceland. The minimalist, yet elegant, dining room features floor-to-ceiling windows that provide panoramic views of the aurora borealis and the surrounding rugged landscape. The innovative menu highlights the best of Nordic cuisine, with a focus on local and seasonal ingredients. Course: Cheese. Dish: Selection of Icelandic artisanal cheeses with cloudberry compote and seed crackers. Wine pairing influence: Gewürztraminer Zind-Humbrecht Alsace 2019. Let the plating, garnish, table surface, and background atmosphere quietly reflect the restaurant's cuisine and setting.",artifacts/recipe_images/new_pngs/recipe-image-108-nordic-haven-cheese.png,gpt-image-2,1024x1024,medium
recipe-image-109-nordic-haven-dessert,Nordic Haven,Chef Sigurjón Ólafsson,"Four Seasons Hotel Aurora, Reykjavik, Iceland",Dessert,Birch syrup and caramelized skyr mousse with blueberry sorbet,Birch syrup and caramelized skyr mousse with blueberry sorbet,dish_pictures/Chef_Sigurjón_Ólafsson-Nordic_Haven-Dessert-Birch_syrup_and_caramelized_skyr_mousse_with_blueberry_sorbet.webp,"Square 1024x1024 fine-dining editorial food photograph for a luxury digital tasting menu. Create a photorealistic plated dish with natural restaurant lighting, refined composition, crisp textures, appetizing color, shallow depth of field, and elegant negative space. No text, no logos, no watermarks, no hands, no utensils dominating the frame, no recipe card. Restaurant context: Nordic Haven in Four Seasons Hotel Aurora, Reykjavik, Iceland, led by Chef Sigurjón Ólafsson. Dining room mood: Nordic Haven is an enchanting dining experience that showcases the natural beauty and unique flavors of Iceland. The minimalist, yet elegant, dining room features floor-to-ceiling windows that provide panoramic views of the aurora borealis and the surrounding rugged landscape. The innovative menu highlights the best of Nordic cuisine, with a focus on local and seasonal ingredients. Course: Dessert. Dish: Birch syrup and caramelized skyr mousse with blueberry sorbet. Wine pairing influence: Ice Cider Domaine Neige Première 2017. Let the plating, garnish, table surface, and background atmosphere quietly reflect the restaurant's cuisine and setting.",artifacts/recipe_images/new_pngs/recipe-image-109-nordic-haven-dessert.png,gpt-image-2,1024x1024,medium
recipe-image-110-la-dolce-vita-amuse-bouche,La Dolce Vita,Chef Alessio Bianchi,"Four Seasons Hotel Siena, Tuscany, Italy",Amuse-Bouche,Parmesan and balsamic pearls on a crispy rosemary cracker,Parmesan and balsamic pearls on a crispy rosemary cracker,dish_pictures/Chef_Alessio_Bianchi-La_Dolce_Vita-Amuse-Bouche-Parmesan_and_balsamic_pearls_on_a_crispy_rosemary_cracker.webp,"Square 1024x1024 fine-dining editorial food photograph for a luxury digital tasting menu. Create a photorealistic plated dish with natural restaurant lighting, refined composition, crisp textures, appetizing color, shallow depth of field, and elegant negative space. No text, no logos, no watermarks, no hands, no utensils dominating the frame, no recipe card. Restaurant context: La Dolce Vita in Four Seasons Hotel Siena, Tuscany, Italy, led by Chef Alessio Bianchi. Dining room mood: La Dolce Vita offers a harmonious blend of traditional and contemporary Italian cuisine in a breathtaking setting. The dining room is adorned with elegant furnishings, warm lighting, and a frescoed ceiling that evokes the beauty of the Tuscan countryside. Expansive windows overlook the rolling hills and vineyards, creating an atmosphere of serene indulgence. Course: Amuse-Bouche. Dish: Parmesan and balsamic pearls on a crispy rosemary cracker. Wine pairing influence: Franciacorta Ca' del Bosco Cuvée Prestige. Let the plating, garnish, table surface, and background atmosphere quietly reflect the restaurant's cuisine and setting.",artifacts/recipe_images/new_pngs/recipe-image-110-la-dolce-vita-amuse-bouche.png,gpt-image-2,1024x1024,medium
recipe-image-111-la-dolce-vita-appetizer,La Dolce Vita,Chef Alessio Bianchi,"Four Seasons Hotel Siena, Tuscany, Italy",Appetizer,Deconstructed caprese salad with buffalo mozzarella foam and tomato essence,Deconstructed caprese salad with buffalo mozzarella foam and tomato essence,dish_pictures/Chef_Alessio_Bianchi-La_Dolce_Vita-Appetizer-Deconstructed_caprese_salad_with_buffalo_mozzarella_foam_and_tomato_essence.webp,"Square 1024x1024 fine-dining editorial food photograph for a luxury digital tasting menu. Create a photorealistic plated dish with natural restaurant lighting, refined composition, crisp textures, appetizing color, shallow depth of field, and elegant negative space. No text, no logos, no watermarks, no hands, no utensils dominating the frame, no recipe card. Restaurant context: La Dolce Vita in Four Seasons Hotel Siena, Tuscany, Italy, led by Chef Alessio Bianchi. Dining room mood: La Dolce Vita offers a harmonious blend of traditional and contemporary Italian cuisine in a breathtaking setting. The dining room is adorned with elegant furnishings, warm lighting, and a frescoed ceiling that evokes the beauty of the Tuscan countryside. Expansive windows overlook the rolling hills and vineyards, creating an atmosphere of serene indulgence. Course: Appetizer. Dish: Deconstructed caprese salad with buffalo mozzarella foam and tomato essence. Wine pairing influence: Verdicchio dei Castelli di Jesi Classico Superiore Bucci 2019. Let the plating, garnish, table surface, and background atmosphere quietly reflect the restaurant's cuisine and setting.",artifacts/recipe_images/new_pngs/recipe-image-111-la-dolce-vita-appetizer.png,gpt-image-2,1024x1024,medium
recipe-image-112-la-dolce-vita-soup,La Dolce Vita,Chef Alessio Bianchi,"Four Seasons Hotel Siena, Tuscany, Italy",Soup,Smooth artichoke soup with crispy pancetta and black truffle shavings,Smooth artichoke soup with crispy pancetta and black truffle shavings,dish_pictures/Chef_Alessio_Bianchi-La_Dolce_Vita-Soup-Smooth_artichoke_soup_with_crispy_pancetta_and_black_truffle_shavings.webp,"Square 1024x1024 fine-dining editorial food photograph for a luxury digital tasting menu. Create a photorealistic plated dish with natural restaurant lighting, refined composition, crisp textures, appetizing color, shallow depth of field, and elegant negative space. No text, no logos, no watermarks, no hands, no utensils dominating the frame, no recipe card. Restaurant context: La Dolce Vita in Four Seasons Hotel Siena, Tuscany, Italy, led by Chef Alessio Bianchi. Dining room mood: La Dolce Vita offers a harmonious blend of traditional and contemporary Italian cuisine in a breathtaking setting. The dining room is adorned with elegant furnishings, warm lighting, and a frescoed ceiling that evokes the beauty of the Tuscan countryside. Expansive windows overlook the rolling hills and vineyards, creating an atmosphere of serene indulgence. Course: Soup. Dish: Smooth artichoke soup with crispy pancetta and black truffle shavings. Wine pairing influence: Pinot Grigio Livio Felluga Colli Orientali del Friuli 2020. Let the plating, garnish, table surface, and background atmosphere quietly reflect the restaurant's cuisine and setting.",artifacts/recipe_images/new_pngs/recipe-image-112-la-dolce-vita-soup.png,gpt-image-2,1024x1024,medium
recipe-image-113-la-dolce-vita-pasta,La Dolce Vita,Chef Alessio Bianchi,"Four Seasons Hotel Siena, Tuscany, Italy",Pasta,"Agnolotti filled with slow-cooked ossobuco, saffron-infused béchamel, and gremolata","Agnolotti filled with slow-cooked ossobuco, saffron-infused béchamel, and gremolata","dish_pictures/Chef_Alessio_Bianchi-La_Dolce_Vita-Pasta-Agnolotti_filled_with_slow-cooked_ossobuco,_saffron-infused_béchamel,_and_gremolata.webp","Square 1024x1024 fine-dining editorial food photograph for a luxury digital tasting menu. Create a photorealistic plated dish with natural restaurant lighting, refined composition, crisp textures, appetizing color, shallow depth of field, and elegant negative space. No text, no logos, no watermarks, no hands, no utensils dominating the frame, no recipe card. Restaurant context: La Dolce Vita in Four Seasons Hotel Siena, Tuscany, Italy, led by Chef Alessio Bianchi. Dining room mood: La Dolce Vita offers a harmonious blend of traditional and contemporary Italian cuisine in a breathtaking setting. The dining room is adorned with elegant furnishings, warm lighting, and a frescoed ceiling that evokes the beauty of the Tuscan countryside. Expansive windows overlook the rolling hills and vineyards, creating an atmosphere of serene indulgence. Course: Pasta. Dish: Agnolotti filled with slow-cooked ossobuco, saffron-infused béchamel, and gremolata. Wine pairing influence: Barbaresco Produttori del Barbaresco Montefico 2016. Let the plating, garnish, table surface, and background atmosphere quietly reflect the restaurant's cuisine and setting.",artifacts/recipe_images/new_pngs/recipe-image-113-la-dolce-vita-pasta.png,gpt-image-2,1024x1024,medium
recipe-image-114-la-dolce-vita-fish,La Dolce Vita,Chef Alessio Bianchi,"Four Seasons Hotel Siena, Tuscany, Italy",Fish,"Pan-seared sea bass with fennel purée, orange segments, and caper-olive salsa","Pan-seared sea bass with fennel purée, orange segments, and caper-olive salsa","dish_pictures/Chef_Alessio_Bianchi-La_Dolce_Vita-Fish-Pan-seared_sea_bass_with_fennel_purée,_orange_segments,_and_caper-olive_salsa.webp","Square 1024x1024 fine-dining editorial food photograph for a luxury digital tasting menu. Create a photorealistic plated dish with natural restaurant lighting, refined composition, crisp textures, appetizing color, shallow depth of field, and elegant negative space. No text, no logos, no watermarks, no hands, no utensils dominating the frame, no recipe card. Restaurant context: La Dolce Vita in Four Seasons Hotel Siena, Tuscany, Italy, led by Chef Alessio Bianchi. Dining room mood: La Dolce Vita offers a harmonious blend of traditional and contemporary Italian cuisine in a breathtaking setting. The dining room is adorned with elegant furnishings, warm lighting, and a frescoed ceiling that evokes the beauty of the Tuscan countryside. Expansive windows overlook the rolling hills and vineyards, creating an atmosphere of serene indulgence. Course: Fish. Dish: Pan-seared sea bass with fennel purée, orange segments, and caper-olive salsa. Wine pairing influence: Falanghina Feudi di San Gregorio 2020. Let the plating, garnish, table surface, and background atmosphere quietly reflect the restaurant's cuisine and setting.",artifacts/recipe_images/new_pngs/recipe-image-114-la-dolce-vita-fish.png,gpt-image-2,1024x1024,medium
recipe-image-115-la-dolce-vita-meat,La Dolce Vita,Chef Alessio Bianchi,"Four Seasons Hotel Siena, Tuscany, Italy",Meat,"Guinea fowl saltimbocca with sage, prosciutto, and Marsala wine reduction","Guinea fowl saltimbocca with sage, prosciutto, and Marsala wine reduction","dish_pictures/Chef_Alessio_Bianchi-La_Dolce_Vita-Meat-Guinea_fowl_saltimbocca_with_sage,_prosciutto,_and_Marsala_wine_reduction.webp","Square 1024x1024 fine-dining editorial food photograph for a luxury digital tasting menu. Create a photorealistic plated dish with natural restaurant lighting, refined composition, crisp textures, appetizing color, shallow depth of field, and elegant negative space. No text, no logos, no watermarks, no hands, no utensils dominating the frame, no recipe card. Restaurant context: La Dolce Vita in Four Seasons Hotel Siena, Tuscany, Italy, led by Chef Alessio Bianchi. Dining room mood: La Dolce Vita offers a harmonious blend of traditional and contemporary Italian cuisine in a breathtaking setting. The dining room is adorned with elegant furnishings, warm lighting, and a frescoed ceiling that evokes the beauty of the Tuscan countryside. Expansive windows overlook the rolling hills and vineyards, creating an atmosphere of serene indulgence. Course: Meat. Dish: Guinea fowl saltimbocca with sage, prosciutto, and Marsala wine reduction. Wine pairing influence: Chianti Classico Fontodi 2018. Let the plating, garnish, table surface, and background atmosphere quietly reflect the restaurant's cuisine and setting.",artifacts/recipe_images/new_pngs/recipe-image-115-la-dolce-vita-meat.png,gpt-image-2,1024x1024,medium
recipe-image-116-la-dolce-vita-cheese,La Dolce Vita,Chef Alessio Bianchi,"Four Seasons Hotel Siena, Tuscany, Italy",Cheese,Assortment of Italian artisanal cheeses with fig marmalade and rosemary focaccia,Assortment of Italian artisanal cheeses with fig marmalade and rosemary focaccia,dish_pictures/Chef_Alessio_Bianchi-La_Dolce_Vita-Cheese-Assortment_of_Italian_artisanal_cheeses_with_fig_marmalade_and_rosemary_focaccia.webp,"Square 1024x1024 fine-dining editorial food photograph for a luxury digital tasting menu. Create a photorealistic plated dish with natural restaurant lighting, refined composition, crisp textures, appetizing color, shallow depth of field, and elegant negative space. No text, no logos, no watermarks, no hands, no utensils dominating the frame, no recipe card. Restaurant context: La Dolce Vita in Four Seasons Hotel Siena, Tuscany, Italy, led by Chef Alessio Bianchi. Dining room mood: La Dolce Vita offers a harmonious blend of traditional and contemporary Italian cuisine in a breathtaking setting. The dining room is adorned with elegant furnishings, warm lighting, and a frescoed ceiling that evokes the beauty of the Tuscan countryside. Expansive windows overlook the rolling hills and vineyards, creating an atmosphere of serene indulgence. Course: Cheese. Dish: Assortment of Italian artisanal cheeses with fig marmalade and rosemary focaccia. Wine pairing influence: Amarone della Valpolicella Classico Allegrini 2016. Let the plating, garnish, table surface, and background atmosphere quietly reflect the restaurant's cuisine and setting.",artifacts/recipe_images/new_pngs/recipe-image-116-la-dolce-vita-cheese.png,gpt-image-2,1024x1024,medium
recipe-image-117-la-dolce-vita-dessert,La Dolce Vita,Chef Alessio Bianchi,"Four Seasons Hotel Siena, Tuscany, Italy",Dessert,Tiramisù semifreddo with coffee-soaked ladyfingers and cocoa nib tuile,Tiramisù semifreddo with coffee-soaked ladyfingers and cocoa nib tuile,dish_pictures/Chef_Alessio_Bianchi-La_Dolce_Vita-Dessert-Tiramisù_semifreddo_with_coffee-soaked_ladyfingers_and_cocoa_nib_tuile.webp,"Square 1024x1024 fine-dining editorial food photograph for a luxury digital tasting menu. Create a photorealistic plated dish with natural restaurant lighting, refined composition, crisp textures, appetizing color, shallow depth of field, and elegant negative space. No text, no logos, no watermarks, no hands, no utensils dominating the frame, no recipe card. Restaurant context: La Dolce Vita in Four Seasons Hotel Siena, Tuscany, Italy, led by Chef Alessio Bianchi. Dining room mood: La Dolce Vita offers a harmonious blend of traditional and contemporary Italian cuisine in a breathtaking setting. The dining room is adorned with elegant furnishings, warm lighting, and a frescoed ceiling that evokes the beauty of the Tuscan countryside. Expansive windows overlook the rolling hills and vineyards, creating an atmosphere of serene indulgence. Course: Dessert. Dish: Tiramisù semifreddo with coffee-soaked ladyfingers and cocoa nib tuile. Wine pairing influence: Vin Santo del Chianti Classico Felsina 2009. Let the plating, garnish, table surface, and background atmosphere quietly reflect the restaurant's cuisine and setting.",artifacts/recipe_images/new_pngs/recipe-image-117-la-dolce-vita-dessert.png,gpt-image-2,1024x1024,medium
recipe-image-118-island-elysium-amuse-bouche,Island Elysium,Chef Luna Martin,"Four Seasons Resort Azure Isle, Pacific Ocean",Amuse-Bouche,Smoked island fish rillettes with pickled sea beans and crispy taro chips,Smoked island fish rillettes with pickled sea beans and crispy taro chips,dish_pictures/Chef_Luna_Martin-Island_Elysium-Amuse-Bouche-Smoked_island_fish_rillettes_with_pickled_sea_beans_and_crispy_taro_chips.webp,"Square 1024x1024 fine-dining editorial food photograph for a luxury digital tasting menu. Create a photorealistic plated dish with natural restaurant lighting, refined composition, crisp textures, appetizing color, shallow depth of field, and elegant negative space. No text, no logos, no watermarks, no hands, no utensils dominating the frame, no recipe card. Restaurant context: Island Elysium in Four Seasons Resort Azure Isle, Pacific Ocean, led by Chef Luna Martin. Dining room mood: Island Elysium is an exclusive dining experience that offers unparalleled tranquility and privacy on the secluded Azure Isle. Accessible only by private jet, this prestigious three-Michelin-starred restaurant highlights the island's natural bounty, with a focus on locally grown, preserved, and smoked ingredients. The intimate dining room, surrounded by lush tropical foliage and breathtaking ocean views, provides an unforgettable culinary journey into the heart of paradise. Course: Amuse-Bouche. Dish: Smoked island fish rillettes with pickled sea beans and crispy taro chips. Wine pairing influence: Champagne Krug Grande Cuvée. Let the plating, garnish, table surface, and background atmosphere quietly reflect the restaurant's cuisine and setting.",artifacts/recipe_images/new_pngs/recipe-image-118-island-elysium-amuse-bouche.png,gpt-image-2,1024x1024,medium
recipe-image-119-island-elysium-appetizer,Island Elysium,Chef Luna Martin,"Four Seasons Resort Azure Isle, Pacific Ocean",Appetizer,"Seared island octopus with preserved lemon, wild greens, and coconut aïoli","Seared island octopus with preserved lemon, wild greens, and coconut aïoli","dish_pictures/Chef_Luna_Martin-Island_Elysium-Appetizer-Seared_island_octopus_with_preserved_lemon,_wild_greens,_and_coconut_aïoli.webp","Square 1024x1024 fine-dining editorial food photograph for a luxury digital tasting menu. Create a photorealistic plated dish with natural restaurant lighting, refined composition, crisp textures, appetizing color, shallow depth of field, and elegant negative space. No text, no logos, no watermarks, no hands, no utensils dominating the frame, no recipe card. Restaurant context: Island Elysium in Four Seasons Resort Azure Isle, Pacific Ocean, led by Chef Luna Martin. Dining room mood: Island Elysium is an exclusive dining experience that offers unparalleled tranquility and privacy on the secluded Azure Isle. Accessible only by private jet, this prestigious three-Michelin-starred restaurant highlights the island's natural bounty, with a focus on locally grown, preserved, and smoked ingredients. The intimate dining room, surrounded by lush tropical foliage and breathtaking ocean views, provides an unforgettable culinary journey into the heart of paradise. Course: Appetizer. Dish: Seared island octopus with preserved lemon, wild greens, and coconut aïoli. Wine pairing influence: Chablis 1er Cru Domaine William Fèvre Montée de Tonnerre 2018. Let the plating, garnish, table surface, and background atmosphere quietly reflect the restaurant's cuisine and setting.",artifacts/recipe_images/new_pngs/recipe-image-119-island-elysium-appetizer.png,gpt-image-2,1024x1024,medium
recipe-image-120-island-elysium-soup,Island Elysium,Chef Luna Martin,"Four Seasons Resort Azure Isle, Pacific Ocean",Soup,Roasted root vegetable bisque with smoked paprika and crispy island yam,Roasted root vegetable bisque with smoked paprika and crispy island yam,dish_pictures/Chef_Luna_Martin-Island_Elysium-Soup-Roasted_root_vegetable_bisque_with_smoked_paprika_and_crispy_island_yam.webp,"Square 1024x1024 fine-dining editorial food photograph for a luxury digital tasting menu. Create a photorealistic plated dish with natural restaurant lighting, refined composition, crisp textures, appetizing color, shallow depth of field, and elegant negative space. No text, no logos, no watermarks, no hands, no utensils dominating the frame, no recipe card. Restaurant context: Island Elysium in Four Seasons Resort Azure Isle, Pacific Ocean, led by Chef Luna Martin. Dining room mood: Island Elysium is an exclusive dining experience that offers unparalleled tranquility and privacy on the secluded Azure Isle. Accessible only by private jet, this prestigious three-Michelin-starred restaurant highlights the island's natural bounty, with a focus on locally grown, preserved, and smoked ingredients. The intimate dining room, surrounded by lush tropical foliage and breathtaking ocean views, provides an unforgettable culinary journey into the heart of paradise. Course: Soup. Dish: Roasted root vegetable bisque with smoked paprika and crispy island yam. Wine pairing influence: Sauvignon Blanc Cloudy Bay Te Koko 2017. Let the plating, garnish, table surface, and background atmosphere quietly reflect the restaurant's cuisine and setting.",artifacts/recipe_images/new_pngs/recipe-image-120-island-elysium-soup.png,gpt-image-2,1024x1024,medium
recipe-image-121-island-elysium-fish,Island Elysium,Chef Luna Martin,"Four Seasons Resort Azure Isle, Pacific Ocean",Fish,"Grilled island catch with banana leaf, ginger-turmeric relish, and preserved mango","Grilled island catch with banana leaf, ginger-turmeric relish, and preserved mango","dish_pictures/Chef_Luna_Martin-Island_Elysium-Fish-Grilled_island_catch_with_banana_leaf,_ginger-turmeric_relish,_and_preserved_mango.webp","Square 1024x1024 fine-dining editorial food photograph for a luxury digital tasting menu. Create a photorealistic plated dish with natural restaurant lighting, refined composition, crisp textures, appetizing color, shallow depth of field, and elegant negative space. No text, no logos, no watermarks, no hands, no utensils dominating the frame, no recipe card. Restaurant context: Island Elysium in Four Seasons Resort Azure Isle, Pacific Ocean, led by Chef Luna Martin. Dining room mood: Island Elysium is an exclusive dining experience that offers unparalleled tranquility and privacy on the secluded Azure Isle. Accessible only by private jet, this prestigious three-Michelin-starred restaurant highlights the island's natural bounty, with a focus on locally grown, preserved, and smoked ingredients. The intimate dining room, surrounded by lush tropical foliage and breathtaking ocean views, provides an unforgettable culinary journey into the heart of paradise. Course: Fish. Dish: Grilled island catch with banana leaf, ginger-turmeric relish, and preserved mango. Wine pairing influence: Sancerre Domaine Vacheron Belle Dame 2019. Let the plating, garnish, table surface, and background atmosphere quietly reflect the restaurant's cuisine and setting.",artifacts/recipe_images/new_pngs/recipe-image-121-island-elysium-fish.png,gpt-image-2,1024x1024,medium
recipe-image-122-island-elysium-meat,Island Elysium,Chef Luna Martin,"Four Seasons Resort Azure Isle, Pacific Ocean",Meat,"Island-raised pork tenderloin with tamarind glaze, breadfruit purée, and pickled pineapple","Island-raised pork tenderloin with tamarind glaze, breadfruit purée, and pickled pineapple","dish_pictures/Chef_Luna_Martin-Island_Elysium-Meat-Island-raised_pork_tenderloin_with_tamarind_glaze,_breadfruit_purée,_and_pickled_pineapple.webp","Square 1024x1024 fine-dining editorial food photograph for a luxury digital tasting menu. Create a photorealistic plated dish with natural restaurant lighting, refined composition, crisp textures, appetizing color, shallow depth of field, and elegant negative space. No text, no logos, no watermarks, no hands, no utensils dominating the frame, no recipe card. Restaurant context: Island Elysium in Four Seasons Resort Azure Isle, Pacific Ocean, led by Chef Luna Martin. Dining room mood: Island Elysium is an exclusive dining experience that offers unparalleled tranquility and privacy on the secluded Azure Isle. Accessible only by private jet, this prestigious three-Michelin-starred restaurant highlights the island's natural bounty, with a focus on locally grown, preserved, and smoked ingredients. The intimate dining room, surrounded by lush tropical foliage and breathtaking ocean views, provides an unforgettable culinary journey into the heart of paradise. Course: Meat. Dish: Island-raised pork tenderloin with tamarind glaze, breadfruit purée, and pickled pineapple. Wine pairing influence: Pinot Noir Domaine de la Romanée-Conti Echezeaux Grand Cru 2016. Let the plating, garnish, table surface, and background atmosphere quietly reflect the restaurant's cuisine and setting.",artifacts/recipe_images/new_pngs/recipe-image-122-island-elysium-meat.png,gpt-image-2,1024x1024,medium
recipe-image-123-island-elysium-vegetarian,Island Elysium,Chef Luna Martin,"Four Seasons Resort Azure Isle, Pacific Ocean",Vegetarian,Island-grown jackfruit and black bean stew with coconut rice and plantain chips,Island-grown jackfruit and black bean stew with coconut rice and plantain chips,dish_pictures/Chef_Luna_Martin-Island_Elysium-Vegetarian-Island-grown_jackfruit_and_black_bean_stew_with_coconut_rice_and_plantain_chips.webp,"Square 1024x1024 fine-dining editorial food photograph for a luxury digital tasting menu. Create a photorealistic plated dish with natural restaurant lighting, refined composition, crisp textures, appetizing color, shallow depth of field, and elegant negative space. No text, no logos, no watermarks, no hands, no utensils dominating the frame, no recipe card. Restaurant context: Island Elysium in Four Seasons Resort Azure Isle, Pacific Ocean, led by Chef Luna Martin. Dining room mood: Island Elysium is an exclusive dining experience that offers unparalleled tranquility and privacy on the secluded Azure Isle. Accessible only by private jet, this prestigious three-Michelin-starred restaurant highlights the island's natural bounty, with a focus on locally grown, preserved, and smoked ingredients. The intimate dining room, surrounded by lush tropical foliage and breathtaking ocean views, provides an unforgettable culinary journey into the heart of paradise. Course: Vegetarian. Dish: Island-grown jackfruit and black bean stew with coconut rice and plantain chips. Wine pairing influence: Chenin Blanc François Chidaine Montlouis-sur-Loire Les Bournais 2019. Let the plating, garnish, table surface, and background atmosphere quietly reflect the restaurant's cuisine and setting.",artifacts/recipe_images/new_pngs/recipe-image-123-island-elysium-vegetarian.png,gpt-image-2,1024x1024,medium
recipe-image-124-island-elysium-cheese,Island Elysium,Chef Luna Martin,"Four Seasons Resort Azure Isle, Pacific Ocean",Cheese,Selection of island-made cheeses with spiced fruit chutney and cassava crackers,Selection of island-made cheeses with spiced fruit chutney and cassava crackers,dish_pictures/Chef_Luna_Martin-Island_Elysium-Cheese-Selection_of_island-made_cheeses_with_spiced_fruit_chutney_and_cassava_crackers.webp,"Square 1024x1024 fine-dining editorial food photograph for a luxury digital tasting menu. Create a photorealistic plated dish with natural restaurant lighting, refined composition, crisp textures, appetizing color, shallow depth of field, and elegant negative space. No text, no logos, no watermarks, no hands, no utensils dominating the frame, no recipe card. Restaurant context: Island Elysium in Four Seasons Resort Azure Isle, Pacific Ocean, led by Chef Luna Martin. Dining room mood: Island Elysium is an exclusive dining experience that offers unparalleled tranquility and privacy on the secluded Azure Isle. Accessible only by private jet, this prestigious three-Michelin-starred restaurant highlights the island's natural bounty, with a focus on locally grown, preserved, and smoked ingredients. The intimate dining room, surrounded by lush tropical foliage and breathtaking ocean views, provides an unforgettable culinary journey into the heart of paradise. Course: Cheese. Dish: Selection of island-made cheeses with spiced fruit chutney and cassava crackers. Wine pairing influence: Madeira Blandy's 10-Year-Old Sercial. Let the plating, garnish, table surface, and background atmosphere quietly reflect the restaurant's cuisine and setting.",artifacts/recipe_images/new_pngs/recipe-image-124-island-elysium-cheese.png,gpt-image-2,1024x1024,medium
recipe-image-125-island-elysium-dessert,Island Elysium,Chef Luna Martin,"Four Seasons Resort Azure Isle, Pacific Ocean",Dessert,Island coconut and passion fruit panna cotta with hibiscus syrup,Island coconut and passion fruit panna cotta with hibiscus syrup,dish_pictures/Chef_Luna_Martin-Island_Elysium-Dessert-Island_coconut_and_passion_fruit_panna_cotta_with_hibiscus_syrup.webp,"Square 1024x1024 fine-dining editorial food photograph for a luxury digital tasting menu. Create a photorealistic plated dish with natural restaurant lighting, refined composition, crisp textures, appetizing color, shallow depth of field, and elegant negative space. No text, no logos, no watermarks, no hands, no utensils dominating the frame, no recipe card. Restaurant context: Island Elysium in Four Seasons Resort Azure Isle, Pacific Ocean, led by Chef Luna Martin. Dining room mood: Island Elysium is an exclusive dining experience that offers unparalleled tranquility and privacy on the secluded Azure Isle. Accessible only by private jet, this prestigious three-Michelin-starred restaurant highlights the island's natural bounty, with a focus on locally grown, preserved, and smoked ingredients. The intimate dining room, surrounded by lush tropical foliage and breathtaking ocean views, provides an unforgettable culinary journey into the heart of paradise. Course: Dessert. Dish: Island coconut and passion fruit panna cotta with hibiscus syrup. Wine pairing influence: Moscato d'Asti G.D. Vajra 2020. Let the plating, garnish, table surface, and background atmosphere quietly reflect the restaurant's cuisine and setting.",artifacts/recipe_images/new_pngs/recipe-image-125-island-elysium-dessert.png,gpt-image-2,1024x1024,medium
recipe-image-126-le-jardin-zen-amuse-bouche,Le Jardin Zen,Chef Yuki Morimoto,"Four Seasons Hotel Tokyo, Japan",Amuse-Bouche,"Tuna tartare with yuzu, avocado, and sesame tuile","Tuna tartare with yuzu, avocado, and sesame tuile","dish_pictures/Chef_Yuki_Morimoto-Le_Jardin_Zen-Amuse-Bouche-Tuna_tartare_with_yuzu,_avocado,_and_sesame_tuile.webp","Square 1024x1024 fine-dining editorial food photograph for a luxury digital tasting menu. Create a photorealistic plated dish with natural restaurant lighting, refined composition, crisp textures, appetizing color, shallow depth of field, and elegant negative space. No text, no logos, no watermarks, no hands, no utensils dominating the frame, no recipe card. Restaurant context: Le Jardin Zen in Four Seasons Hotel Tokyo, Japan, led by Chef Yuki Morimoto. Dining room mood: Le Jardin Zen combines the tranquility of a Japanese garden with the sophistication of Parisian flair. The dining room is adorned with delicate cherry blossoms and intricate French-inspired wall art. The gentle murmur of a nearby koi pond, combined with the warm ambient lighting, creates a serene and intimate atmosphere for guests to immerse themselves in the captivating fusion of French and Japanese culinary arts. Course: Amuse-Bouche. Dish: Tuna tartare with yuzu, avocado, and sesame tuile. Wine pairing influence: Champagne Taittinger Brut La Française. Let the plating, garnish, table surface, and background atmosphere quietly reflect the restaurant's cuisine and setting.",artifacts/recipe_images/new_pngs/recipe-image-126-le-jardin-zen-amuse-bouche.png,gpt-image-2,1024x1024,medium
recipe-image-127-le-jardin-zen-cold-appetizer,Le Jardin Zen,Chef Yuki Morimoto,"Four Seasons Hotel Tokyo, Japan",Cold Appetizer,Sashimi-style scallops with beurre blanc and wakame salad,Sashimi-style scallops with beurre blanc and wakame salad,dish_pictures/Chef_Yuki_Morimoto-Le_Jardin_Zen-Cold_Appetizer-Sashimi-style_scallops_with_beurre_blanc_and_wakame_salad.webp,"Square 1024x1024 fine-dining editorial food photograph for a luxury digital tasting menu. Create a photorealistic plated dish with natural restaurant lighting, refined composition, crisp textures, appetizing color, shallow depth of field, and elegant negative space. No text, no logos, no watermarks, no hands, no utensils dominating the frame, no recipe card. Restaurant context: Le Jardin Zen in Four Seasons Hotel Tokyo, Japan, led by Chef Yuki Morimoto. Dining room mood: Le Jardin Zen combines the tranquility of a Japanese garden with the sophistication of Parisian flair. The dining room is adorned with delicate cherry blossoms and intricate French-inspired wall art. The gentle murmur of a nearby koi pond, combined with the warm ambient lighting, creates a serene and intimate atmosphere for guests to immerse themselves in the captivating fusion of French and Japanese culinary arts. Course: Cold Appetizer. Dish: Sashimi-style scallops with beurre blanc and wakame salad. Wine pairing influence: Sauvignon Blanc Pascal Jolivet Sancerre 2020. Let the plating, garnish, table surface, and background atmosphere quietly reflect the restaurant's cuisine and setting.",artifacts/recipe_images/new_pngs/recipe-image-127-le-jardin-zen-cold-appetizer.png,gpt-image-2,1024x1024,medium
recipe-image-128-le-jardin-zen-hot-appetizer,Le Jardin Zen,Chef Yuki Morimoto,"Four Seasons Hotel Tokyo, Japan",Hot Appetizer,Grilled foie gras with dashi glaze and pickled daikon radish,Grilled foie gras with dashi glaze and pickled daikon radish,dish_pictures/Chef_Yuki_Morimoto-Le_Jardin_Zen-Hot_Appetizer-Grilled_foie_gras_with_dashi_glaze_and_pickled_daikon_radish.webp,"Square 1024x1024 fine-dining editorial food photograph for a luxury digital tasting menu. Create a photorealistic plated dish with natural restaurant lighting, refined composition, crisp textures, appetizing color, shallow depth of field, and elegant negative space. No text, no logos, no watermarks, no hands, no utensils dominating the frame, no recipe card. Restaurant context: Le Jardin Zen in Four Seasons Hotel Tokyo, Japan, led by Chef Yuki Morimoto. Dining room mood: Le Jardin Zen combines the tranquility of a Japanese garden with the sophistication of Parisian flair. The dining room is adorned with delicate cherry blossoms and intricate French-inspired wall art. The gentle murmur of a nearby koi pond, combined with the warm ambient lighting, creates a serene and intimate atmosphere for guests to immerse themselves in the captivating fusion of French and Japanese culinary arts. Course: Hot Appetizer. Dish: Grilled foie gras with dashi glaze and pickled daikon radish. Wine pairing influence: Chardonnay Joseph Drouhin Puligny-Montrachet 2018. Let the plating, garnish, table surface, and background atmosphere quietly reflect the restaurant's cuisine and setting.",artifacts/recipe_images/new_pngs/recipe-image-128-le-jardin-zen-hot-appetizer.png,gpt-image-2,1024x1024,medium
recipe-image-129-le-jardin-zen-soup,Le Jardin Zen,Chef Yuki Morimoto,"Four Seasons Hotel Tokyo, Japan",Soup,Miso-infused French onion soup with comté cheese crouton,Miso-infused French onion soup with comté cheese crouton,dish_pictures/Chef_Yuki_Morimoto-Le_Jardin_Zen-Soup-Miso-infused_French_onion_soup_with_comté_cheese_crouton.webp,"Square 1024x1024 fine-dining editorial food photograph for a luxury digital tasting menu. Create a photorealistic plated dish with natural restaurant lighting, refined composition, crisp textures, appetizing color, shallow depth of field, and elegant negative space. No text, no logos, no watermarks, no hands, no utensils dominating the frame, no recipe card. Restaurant context: Le Jardin Zen in Four Seasons Hotel Tokyo, Japan, led by Chef Yuki Morimoto. Dining room mood: Le Jardin Zen combines the tranquility of a Japanese garden with the sophistication of Parisian flair. The dining room is adorned with delicate cherry blossoms and intricate French-inspired wall art. The gentle murmur of a nearby koi pond, combined with the warm ambient lighting, creates a serene and intimate atmosphere for guests to immerse themselves in the captivating fusion of French and Japanese culinary arts. Course: Soup. Dish: Miso-infused French onion soup with comté cheese crouton. Wine pairing influence: Pinot Gris Domaine Zind-Humbrecht 2019. Let the plating, garnish, table surface, and background atmosphere quietly reflect the restaurant's cuisine and setting.",artifacts/recipe_images/new_pngs/recipe-image-129-le-jardin-zen-soup.png,gpt-image-2,1024x1024,medium
recipe-image-130-le-jardin-zen-salad,Le Jardin Zen,Chef Yuki Morimoto,"Four Seasons Hotel Tokyo, Japan",Salad,"Salad Niçoise with seared tuna, quail egg, and yuzu-wasabi vinaigrette","Salad Niçoise with seared tuna, quail egg, and yuzu-wasabi vinaigrette","dish_pictures/Chef_Yuki_Morimoto-Le_Jardin_Zen-Salad-Salad_Niçoise_with_seared_tuna,_quail_egg,_and_yuzu-wasabi_vinaigrette.webp","Square 1024x1024 fine-dining editorial food photograph for a luxury digital tasting menu. Create a photorealistic plated dish with natural restaurant lighting, refined composition, crisp textures, appetizing color, shallow depth of field, and elegant negative space. No text, no logos, no watermarks, no hands, no utensils dominating the frame, no recipe card. Restaurant context: Le Jardin Zen in Four Seasons Hotel Tokyo, Japan, led by Chef Yuki Morimoto. Dining room mood: Le Jardin Zen combines the tranquility of a Japanese garden with the sophistication of Parisian flair. The dining room is adorned with delicate cherry blossoms and intricate French-inspired wall art. The gentle murmur of a nearby koi pond, combined with the warm ambient lighting, creates a serene and intimate atmosphere for guests to immerse themselves in the captivating fusion of French and Japanese culinary arts. Course: Salad. Dish: Salad Niçoise with seared tuna, quail egg, and yuzu-wasabi vinaigrette. Wine pairing influence: Rosé Château d'Esclans Whispering Angel 2020. Let the plating, garnish, table surface, and background atmosphere quietly reflect the restaurant's cuisine and setting.",artifacts/recipe_images/new_pngs/recipe-image-130-le-jardin-zen-salad.png,gpt-image-2,1024x1024,medium
recipe-image-131-le-jardin-zen-fish,Le Jardin Zen,Chef Yuki Morimoto,"Four Seasons Hotel Tokyo, Japan",Fish,"Baked cod with miso and mushroom duxelles, sautéed spinach","Baked cod with miso and mushroom duxelles, sautéed spinach","dish_pictures/Chef_Yuki_Morimoto-Le_Jardin_Zen-Fish-Baked_cod_with_miso_and_mushroom_duxelles,_sautéed_spinach.webp","Square 1024x1024 fine-dining editorial food photograph for a luxury digital tasting menu. Create a photorealistic plated dish with natural restaurant lighting, refined composition, crisp textures, appetizing color, shallow depth of field, and elegant negative space. No text, no logos, no watermarks, no hands, no utensils dominating the frame, no recipe card. Restaurant context: Le Jardin Zen in Four Seasons Hotel Tokyo, Japan, led by Chef Yuki Morimoto. Dining room mood: Le Jardin Zen combines the tranquility of a Japanese garden with the sophistication of Parisian flair. The dining room is adorned with delicate cherry blossoms and intricate French-inspired wall art. The gentle murmur of a nearby koi pond, combined with the warm ambient lighting, creates a serene and intimate atmosphere for guests to immerse themselves in the captivating fusion of French and Japanese culinary arts. Course: Fish. Dish: Baked cod with miso and mushroom duxelles, sautéed spinach. Wine pairing influence: Riesling Domaine Weinbach Cuvée Ste. Catherine 2019. Let the plating, garnish, table surface, and background atmosphere quietly reflect the restaurant's cuisine and setting.",artifacts/recipe_images/new_pngs/recipe-image-131-le-jardin-zen-fish.png,gpt-image-2,1024x1024,medium
recipe-image-132-le-jardin-zen-meat,Le Jardin Zen,Chef Yuki Morimoto,"Four Seasons Hotel Tokyo, Japan",Meat,"Beef bourguignon with shiitake mushrooms, pearl onions, and soba noodles","Beef bourguignon with shiitake mushrooms, pearl onions, and soba noodles","dish_pictures/Chef_Yuki_Morimoto-Le_Jardin_Zen-Meat-Beef_bourguignon_with_shiitake_mushrooms,_pearl_onions,_and_soba_noodles.webp","Square 1024x1024 fine-dining editorial food photograph for a luxury digital tasting menu. Create a photorealistic plated dish with natural restaurant lighting, refined composition, crisp textures, appetizing color, shallow depth of field, and elegant negative space. No text, no logos, no watermarks, no hands, no utensils dominating the frame, no recipe card. Restaurant context: Le Jardin Zen in Four Seasons Hotel Tokyo, Japan, led by Chef Yuki Morimoto. Dining room mood: Le Jardin Zen combines the tranquility of a Japanese garden with the sophistication of Parisian flair. The dining room is adorned with delicate cherry blossoms and intricate French-inspired wall art. The gentle murmur of a nearby koi pond, combined with the warm ambient lighting, creates a serene and intimate atmosphere for guests to immerse themselves in the captivating fusion of French and Japanese culinary arts. Course: Meat. Dish: Beef bourguignon with shiitake mushrooms, pearl onions, and soba noodles. Wine pairing influence: Cabernet Sauvignon Château Montelena Napa Valley 2017. Let the plating, garnish, table surface, and background atmosphere quietly reflect the restaurant's cuisine and setting.",artifacts/recipe_images/new_pngs/recipe-image-132-le-jardin-zen-meat.png,gpt-image-2,1024x1024,medium
recipe-image-133-le-jardin-zen-vegetarian,Le Jardin Zen,Chef Yuki Morimoto,"Four Seasons Hotel Tokyo, Japan",Vegetarian,Daikon and carrot terrine with herbed tofu cream and ponzu sauce,Daikon and carrot terrine with herbed tofu cream and ponzu sauce,dish_pictures/Chef_Yuki_Morimoto-Le_Jardin_Zen-Vegetarian-Daikon_and_carrot_terrine_with_herbed_tofu_cream_and_ponzu_sauce.webp,"Square 1024x1024 fine-dining editorial food photograph for a luxury digital tasting menu. Create a photorealistic plated dish with natural restaurant lighting, refined composition, crisp textures, appetizing color, shallow depth of field, and elegant negative space. No text, no logos, no watermarks, no hands, no utensils dominating the frame, no recipe card. Restaurant context: Le Jardin Zen in Four Seasons Hotel Tokyo, Japan, led by Chef Yuki Morimoto. Dining room mood: Le Jardin Zen combines the tranquility of a Japanese garden with the sophistication of Parisian flair. The dining room is adorned with delicate cherry blossoms and intricate French-inspired wall art. The gentle murmur of a nearby koi pond, combined with the warm ambient lighting, creates a serene and intimate atmosphere for guests to immerse themselves in the captivating fusion of French and Japanese culinary arts. Course: Vegetarian. Dish: Daikon and carrot terrine with herbed tofu cream and ponzu sauce. Wine pairing influence: Sancerre Domaine Vacheron 2020. Let the plating, garnish, table surface, and background atmosphere quietly reflect the restaurant's cuisine and setting.",artifacts/recipe_images/new_pngs/recipe-image-133-le-jardin-zen-vegetarian.png,gpt-image-2,1024x1024,medium
recipe-image-134-le-jardin-zen-cheese,Le Jardin Zen,Chef Yuki Morimoto,"Four Seasons Hotel Tokyo, Japan",Cheese,Selection of French and Japanese artisanal cheeses with fruit compote and rice crackers,Selection of French and Japanese artisanal cheeses with fruit compote and rice crackers,dish_pictures/Chef_Yuki_Morimoto-Le_Jardin_Zen-Cheese-Selection_of_French_and_Japanese_artisanal_cheeses_with_fruit_compote_and_rice_crackers.webp,"Square 1024x1024 fine-dining editorial food photograph for a luxury digital tasting menu. Create a photorealistic plated dish with natural restaurant lighting, refined composition, crisp textures, appetizing color, shallow depth of field, and elegant negative space. No text, no logos, no watermarks, no hands, no utensils dominating the frame, no recipe card. Restaurant context: Le Jardin Zen in Four Seasons Hotel Tokyo, Japan, led by Chef Yuki Morimoto. Dining room mood: Le Jardin Zen combines the tranquility of a Japanese garden with the sophistication of Parisian flair. The dining room is adorned with delicate cherry blossoms and intricate French-inspired wall art. The gentle murmur of a nearby koi pond, combined with the warm ambient lighting, creates a serene and intimate atmosphere for guests to immerse themselves in the captivating fusion of French and Japanese culinary arts. Course: Cheese. Dish: Selection of French and Japanese artisanal cheeses with fruit compote and rice crackers. Wine pairing influence: Chenin Blanc Domaine Huet Vouvray Le Mont Demi-Sec 2019. Let the plating, garnish, table surface, and background atmosphere quietly reflect the restaurant's cuisine and setting.",artifacts/recipe_images/new_pngs/recipe-image-134-le-jardin-zen-cheese.png,gpt-image-2,1024x1024,medium
recipe-image-135-le-jardin-zen-dessert,Le Jardin Zen,Chef Yuki Morimoto,"Four Seasons Hotel Tokyo, Japan",Dessert,Green tea crème brûlée with candied yuzu peel and almond sable,Green tea crème brûlée with candied yuzu peel and almond sable,dish_pictures/Chef_Yuki_Morimoto-Le_Jardin_Zen-Dessert-Green_tea_crème_brûlée_with_candied_yuzu_peel_and_almond_sable.webp,"Square 1024x1024 fine-dining editorial food photograph for a luxury digital tasting menu. Create a photorealistic plated dish with natural restaurant lighting, refined composition, crisp textures, appetizing color, shallow depth of field, and elegant negative space. No text, no logos, no watermarks, no hands, no utensils dominating the frame, no recipe card. Restaurant context: Le Jardin Zen in Four Seasons Hotel Tokyo, Japan, led by Chef Yuki Morimoto. Dining room mood: Le Jardin Zen combines the tranquility of a Japanese garden with the sophistication of Parisian flair. The dining room is adorned with delicate cherry blossoms and intricate French-inspired wall art. The gentle murmur of a nearby koi pond, combined with the warm ambient lighting, creates a serene and intimate atmosphere for guests to immerse themselves in the captivating fusion of French and Japanese culinary arts. Course: Dessert. Dish: Green tea crème brûlée with candied yuzu peel and almond sable. Wine pairing influence: Sauternes Château Rieussec 2017. Let the plating, garnish, table surface, and background atmosphere quietly reflect the restaurant's cuisine and setting.",artifacts/recipe_images/new_pngs/recipe-image-135-le-jardin-zen-dessert.png,gpt-image-2,1024x1024,medium
recipe-image-136-cielo-azul-amuse-bouche,Cielo Azul,Chef Alejandro Torres,"Four Seasons Hotel Mexico City, Mexico",Amuse-Bouche,Mini blue corn sope with shredded beef and avocado cream,Mini blue corn sope with shredded beef and avocado cream,dish_pictures/Chef_Alejandro_Torres-Cielo_Azul-Amuse-Bouche-Mini_blue_corn_sope_with_shredded_beef_and_avocado_cream.webp,"Square 1024x1024 fine-dining editorial food photograph for a luxury digital tasting menu. Create a photorealistic plated dish with natural restaurant lighting, refined composition, crisp textures, appetizing color, shallow depth of field, and elegant negative space. No text, no logos, no watermarks, no hands, no utensils dominating the frame, no recipe card. Restaurant context: Cielo Azul in Four Seasons Hotel Mexico City, Mexico, led by Chef Alejandro Torres. Dining room mood: Cielo Azul invites you to experience the vibrant colors and flavors of Mexican cuisine in an elegant and modern setting. The dining room features a breathtaking mural of a blue sky with golden sunrays, evoking the warmth and beauty of Mexico. Handcrafted wooden furniture, traditional pottery, and the soft glow of candlelight create an intimate and welcoming atmosphere, where guests can savor the diverse and delectable tastes of Mexico. Course: Amuse-Bouche. Dish: Mini blue corn sope with shredded beef and avocado cream. Wine pairing influence: Cava Codorníu Gran Plus Ultra Brut Reserva. Let the plating, garnish, table surface, and background atmosphere quietly reflect the restaurant's cuisine and setting.",artifacts/recipe_images/new_pngs/recipe-image-136-cielo-azul-amuse-bouche.png,gpt-image-2,1024x1024,medium
recipe-image-137-cielo-azul-appetizer,Cielo Azul,Chef Alejandro Torres,"Four Seasons Hotel Mexico City, Mexico",Appetizer,"Trio of ceviches- shrimp, tuna, and octopus, with avocado, serrano, and lime","Trio of ceviches- shrimp, tuna, and octopus, with avocado, serrano, and lime","dish_pictures/Chef_Alejandro_Torres-Cielo_Azul-Appetizer-Trio_of_ceviches-_shrimp,_tuna,_and_octopus,_with_avocado,_serrano,_and_lime.webp","Square 1024x1024 fine-dining editorial food photograph for a luxury digital tasting menu. Create a photorealistic plated dish with natural restaurant lighting, refined composition, crisp textures, appetizing color, shallow depth of field, and elegant negative space. No text, no logos, no watermarks, no hands, no utensils dominating the frame, no recipe card. Restaurant context: Cielo Azul in Four Seasons Hotel Mexico City, Mexico, led by Chef Alejandro Torres. Dining room mood: Cielo Azul invites you to experience the vibrant colors and flavors of Mexican cuisine in an elegant and modern setting. The dining room features a breathtaking mural of a blue sky with golden sunrays, evoking the warmth and beauty of Mexico. Handcrafted wooden furniture, traditional pottery, and the soft glow of candlelight create an intimate and welcoming atmosphere, where guests can savor the diverse and delectable tastes of Mexico. Course: Appetizer. Dish: Trio of ceviches- shrimp, tuna, and octopus, with avocado, serrano, and lime. Wine pairing influence: Albariño Pazo Señorans 2020. Let the plating, garnish, table surface, and background atmosphere quietly reflect the restaurant's cuisine and setting.",artifacts/recipe_images/new_pngs/recipe-image-137-cielo-azul-appetizer.png,gpt-image-2,1024x1024,medium
recipe-image-138-cielo-azul-soup,Cielo Azul,Chef Alejandro Torres,"Four Seasons Hotel Mexico City, Mexico",Soup,Roasted tomato and chili soup with crispy tortilla strips and queso fresco,Roasted tomato and chili soup with crispy tortilla strips and queso fresco,dish_pictures/Chef_Alejandro_Torres-Cielo_Azul-Soup-Roasted_tomato_and_chili_soup_with_crispy_tortilla_strips_and_queso_fresco.webp,"Square 1024x1024 fine-dining editorial food photograph for a luxury digital tasting menu. Create a photorealistic plated dish with natural restaurant lighting, refined composition, crisp textures, appetizing color, shallow depth of field, and elegant negative space. No text, no logos, no watermarks, no hands, no utensils dominating the frame, no recipe card. Restaurant context: Cielo Azul in Four Seasons Hotel Mexico City, Mexico, led by Chef Alejandro Torres. Dining room mood: Cielo Azul invites you to experience the vibrant colors and flavors of Mexican cuisine in an elegant and modern setting. The dining room features a breathtaking mural of a blue sky with golden sunrays, evoking the warmth and beauty of Mexico. Handcrafted wooden furniture, traditional pottery, and the soft glow of candlelight create an intimate and welcoming atmosphere, where guests can savor the diverse and delectable tastes of Mexico. Course: Soup. Dish: Roasted tomato and chili soup with crispy tortilla strips and queso fresco. Wine pairing influence: Sauvignon Blanc Casa Marin Cipreses Vineyard 2019. Let the plating, garnish, table surface, and background atmosphere quietly reflect the restaurant's cuisine and setting.",artifacts/recipe_images/new_pngs/recipe-image-138-cielo-azul-soup.png,gpt-image-2,1024x1024,medium
recipe-image-139-cielo-azul-fish,Cielo Azul,Chef Alejandro Torres,"Four Seasons Hotel Mexico City, Mexico",Fish,"Grilled red snapper with mango-pineapple salsa, black bean purée, and coconut rice","Grilled red snapper with mango-pineapple salsa, black bean purée, and coconut rice","dish_pictures/Chef_Alejandro_Torres-Cielo_Azul-Fish-Grilled_red_snapper_with_mango-pineapple_salsa,_black_bean_purée,_and_coconut_rice.webp","Square 1024x1024 fine-dining editorial food photograph for a luxury digital tasting menu. Create a photorealistic plated dish with natural restaurant lighting, refined composition, crisp textures, appetizing color, shallow depth of field, and elegant negative space. No text, no logos, no watermarks, no hands, no utensils dominating the frame, no recipe card. Restaurant context: Cielo Azul in Four Seasons Hotel Mexico City, Mexico, led by Chef Alejandro Torres. Dining room mood: Cielo Azul invites you to experience the vibrant colors and flavors of Mexican cuisine in an elegant and modern setting. The dining room features a breathtaking mural of a blue sky with golden sunrays, evoking the warmth and beauty of Mexico. Handcrafted wooden furniture, traditional pottery, and the soft glow of candlelight create an intimate and welcoming atmosphere, where guests can savor the diverse and delectable tastes of Mexico. Course: Fish. Dish: Grilled red snapper with mango-pineapple salsa, black bean purée, and coconut rice. Wine pairing influence: Chardonnay Flowers Sonoma Coast 2018. Let the plating, garnish, table surface, and background atmosphere quietly reflect the restaurant's cuisine and setting.",artifacts/recipe_images/new_pngs/recipe-image-139-cielo-azul-fish.png,gpt-image-2,1024x1024,medium
recipe-image-140-cielo-azul-meat,Cielo Azul,Chef Alejandro Torres,"Four Seasons Hotel Mexico City, Mexico",Meat,"Slow-cooked lamb barbacoa with guajillo sauce, nopales, and handmade tortillas","Slow-cooked lamb barbacoa with guajillo sauce, nopales, and handmade tortillas","dish_pictures/Chef_Alejandro_Torres-Cielo_Azul-Meat-Slow-cooked_lamb_barbacoa_with_guajillo_sauce,_nopales,_and_handmade_tortillas.webp","Square 1024x1024 fine-dining editorial food photograph for a luxury digital tasting menu. Create a photorealistic plated dish with natural restaurant lighting, refined composition, crisp textures, appetizing color, shallow depth of field, and elegant negative space. No text, no logos, no watermarks, no hands, no utensils dominating the frame, no recipe card. Restaurant context: Cielo Azul in Four Seasons Hotel Mexico City, Mexico, led by Chef Alejandro Torres. Dining room mood: Cielo Azul invites you to experience the vibrant colors and flavors of Mexican cuisine in an elegant and modern setting. The dining room features a breathtaking mural of a blue sky with golden sunrays, evoking the warmth and beauty of Mexico. Handcrafted wooden furniture, traditional pottery, and the soft glow of candlelight create an intimate and welcoming atmosphere, where guests can savor the diverse and delectable tastes of Mexico. Course: Meat. Dish: Slow-cooked lamb barbacoa with guajillo sauce, nopales, and handmade tortillas. Wine pairing influence: Tempranillo Muga Reserva 2017. Let the plating, garnish, table surface, and background atmosphere quietly reflect the restaurant's cuisine and setting.",artifacts/recipe_images/new_pngs/recipe-image-140-cielo-azul-meat.png,gpt-image-2,1024x1024,medium
recipe-image-141-cielo-azul-cheese,Cielo Azul,Chef Alejandro Torres,"Four Seasons Hotel Mexico City, Mexico",Cheese,Selection of Mexican artisanal cheeses with jalapeño jam and corn crackers,Selection of Mexican artisanal cheeses with jalapeño jam and corn crackers,dish_pictures/Chef_Alejandro_Torres-Cielo_Azul-Cheese-Selection_of_Mexican_artisanal_cheeses_with_jalapeño_jam_and_corn_crackers.webp,"Square 1024x1024 fine-dining editorial food photograph for a luxury digital tasting menu. Create a photorealistic plated dish with natural restaurant lighting, refined composition, crisp textures, appetizing color, shallow depth of field, and elegant negative space. No text, no logos, no watermarks, no hands, no utensils dominating the frame, no recipe card. Restaurant context: Cielo Azul in Four Seasons Hotel Mexico City, Mexico, led by Chef Alejandro Torres. Dining room mood: Cielo Azul invites you to experience the vibrant colors and flavors of Mexican cuisine in an elegant and modern setting. The dining room features a breathtaking mural of a blue sky with golden sunrays, evoking the warmth and beauty of Mexico. Handcrafted wooden furniture, traditional pottery, and the soft glow of candlelight create an intimate and welcoming atmosphere, where guests can savor the diverse and delectable tastes of Mexico. Course: Cheese. Dish: Selection of Mexican artisanal cheeses with jalapeño jam and corn crackers. Wine pairing influence: Malbec Catena Zapata Nicasia Vineyard 2016. Let the plating, garnish, table surface, and background atmosphere quietly reflect the restaurant's cuisine and setting.",artifacts/recipe_images/new_pngs/recipe-image-141-cielo-azul-cheese.png,gpt-image-2,1024x1024,medium
recipe-image-142-cielo-azul-dessert,Cielo Azul,Chef Alejandro Torres,"Four Seasons Hotel Mexico City, Mexico",Dessert,Chocolate tamal with cinnamon-spiced caramel and vanilla ice cream,Chocolate tamal with cinnamon-spiced caramel and vanilla ice cream,dish_pictures/Chef_Alejandro_Torres-Cielo_Azul-Dessert-Chocolate_tamal_with_cinnamon-spiced_caramel_and_vanilla_ice_cream.webp,"Square 1024x1024 fine-dining editorial food photograph for a luxury digital tasting menu. Create a photorealistic plated dish with natural restaurant lighting, refined composition, crisp textures, appetizing color, shallow depth of field, and elegant negative space. No text, no logos, no watermarks, no hands, no utensils dominating the frame, no recipe card. Restaurant context: Cielo Azul in Four Seasons Hotel Mexico City, Mexico, led by Chef Alejandro Torres. Dining room mood: Cielo Azul invites you to experience the vibrant colors and flavors of Mexican cuisine in an elegant and modern setting. The dining room features a breathtaking mural of a blue sky with golden sunrays, evoking the warmth and beauty of Mexico. Handcrafted wooden furniture, traditional pottery, and the soft glow of candlelight create an intimate and welcoming atmosphere, where guests can savor the diverse and delectable tastes of Mexico. Course: Dessert. Dish: Chocolate tamal with cinnamon-spiced caramel and vanilla ice cream. Wine pairing influence: Pedro Ximénez Emilio Hidalgo Gobernador. Let the plating, garnish, table surface, and background atmosphere quietly reflect the restaurant's cuisine and setting.",artifacts/recipe_images/new_pngs/recipe-image-142-cielo-azul-dessert.png,gpt-image-2,1024x1024,medium
recipe-image-143-the-american-tapestry-amuse-bouche,The American Tapestry,Chef Samuel Hughes,"Four Seasons Hotel Washington, D.C., USA",Amuse-Bouche,Maryland crab cake with remoulade sauce,Maryland crab cake with remoulade sauce,dish_pictures/Chef_Samuel_Hughes-The_American_Tapestry-Amuse-Bouche-Maryland_crab_cake_with_remoulade_sauce.webp,"Square 1024x1024 fine-dining editorial food photograph for a luxury digital tasting menu. Create a photorealistic plated dish with natural restaurant lighting, refined composition, crisp textures, appetizing color, shallow depth of field, and elegant negative space. No text, no logos, no watermarks, no hands, no utensils dominating the frame, no recipe card. Restaurant context: The American Tapestry in Four Seasons Hotel Washington, D.C., USA, led by Chef Samuel Hughes. Dining room mood: The American Tapestry celebrates the rich culinary traditions of the United States in an elegant and historic setting. Located in the heart of Washington, D.C., the restaurant showcases classic dishes from various regions, capturing the essence of American cuisine. With warm lighting, vintage photographs, and antique maps adorning the walls, guests are invited to embark on a gastronomic journey that pays homage to the diverse flavors and heritage of the nation. Course: Amuse-Bouche. Dish: Maryland crab cake with remoulade sauce. Wine pairing influence: Chardonnay Sonoma-Cutrer Russian River Ranches 2019. Let the plating, garnish, table surface, and background atmosphere quietly reflect the restaurant's cuisine and setting.",artifacts/recipe_images/new_pngs/recipe-image-143-the-american-tapestry-amuse-bouche.png,gpt-image-2,1024x1024,medium
recipe-image-144-the-american-tapestry-appetizer,The American Tapestry,Chef Samuel Hughes,"Four Seasons Hotel Washington, D.C., USA",Appetizer,"Louisiana gumbo with chicken, andouille sausage, and okra","Louisiana gumbo with chicken, andouille sausage, and okra","dish_pictures/Chef_Samuel_Hughes-The_American_Tapestry-Appetizer-Louisiana_gumbo_with_chicken,_andouille_sausage,_and_okra.webp","Square 1024x1024 fine-dining editorial food photograph for a luxury digital tasting menu. Create a photorealistic plated dish with natural restaurant lighting, refined composition, crisp textures, appetizing color, shallow depth of field, and elegant negative space. No text, no logos, no watermarks, no hands, no utensils dominating the frame, no recipe card. Restaurant context: The American Tapestry in Four Seasons Hotel Washington, D.C., USA, led by Chef Samuel Hughes. Dining room mood: The American Tapestry celebrates the rich culinary traditions of the United States in an elegant and historic setting. Located in the heart of Washington, D.C., the restaurant showcases classic dishes from various regions, capturing the essence of American cuisine. With warm lighting, vintage photographs, and antique maps adorning the walls, guests are invited to embark on a gastronomic journey that pays homage to the diverse flavors and heritage of the nation. Course: Appetizer. Dish: Louisiana gumbo with chicken, andouille sausage, and okra. Wine pairing influence: Zinfandel Ridge Vineyards East Bench 2018. Let the plating, garnish, table surface, and background atmosphere quietly reflect the restaurant's cuisine and setting.",artifacts/recipe_images/new_pngs/recipe-image-144-the-american-tapestry-appetizer.png,gpt-image-2,1024x1024,medium
recipe-image-145-the-american-tapestry-salad,The American Tapestry,Chef Samuel Hughes,"Four Seasons Hotel Washington, D.C., USA",Salad,"California Cobb salad with avocado, bacon, blue cheese, and grilled chicken","California Cobb salad with avocado, bacon, blue cheese, and grilled chicken","dish_pictures/Chef_Samuel_Hughes-The_American_Tapestry-Salad-California_Cobb_salad_with_avocado,_bacon,_blue_cheese,_and_grilled_chicken.webp","Square 1024x1024 fine-dining editorial food photograph for a luxury digital tasting menu. Create a photorealistic plated dish with natural restaurant lighting, refined composition, crisp textures, appetizing color, shallow depth of field, and elegant negative space. No text, no logos, no watermarks, no hands, no utensils dominating the frame, no recipe card. Restaurant context: The American Tapestry in Four Seasons Hotel Washington, D.C., USA, led by Chef Samuel Hughes. Dining room mood: The American Tapestry celebrates the rich culinary traditions of the United States in an elegant and historic setting. Located in the heart of Washington, D.C., the restaurant showcases classic dishes from various regions, capturing the essence of American cuisine. With warm lighting, vintage photographs, and antique maps adorning the walls, guests are invited to embark on a gastronomic journey that pays homage to the diverse flavors and heritage of the nation. Course: Salad. Dish: California Cobb salad with avocado, bacon, blue cheese, and grilled chicken. Wine pairing influence: Sauvignon Blanc Kim Crawford Signature Reserve 2020. Let the plating, garnish, table surface, and background atmosphere quietly reflect the restaurant's cuisine and setting.",artifacts/recipe_images/new_pngs/recipe-image-145-the-american-tapestry-salad.png,gpt-image-2,1024x1024,medium
recipe-image-146-the-american-tapestry-fish,The American Tapestry,Chef Samuel Hughes,"Four Seasons Hotel Washington, D.C., USA",Fish,New England clam chowder with sourdough bread,New England clam chowder with sourdough bread,dish_pictures/Chef_Samuel_Hughes-The_American_Tapestry-Fish-New_England_clam_chowder_with_sourdough_bread.webp,"Square 1024x1024 fine-dining editorial food photograph for a luxury digital tasting menu. Create a photorealistic plated dish with natural restaurant lighting, refined composition, crisp textures, appetizing color, shallow depth of field, and elegant negative space. No text, no logos, no watermarks, no hands, no utensils dominating the frame, no recipe card. Restaurant context: The American Tapestry in Four Seasons Hotel Washington, D.C., USA, led by Chef Samuel Hughes. Dining room mood: The American Tapestry celebrates the rich culinary traditions of the United States in an elegant and historic setting. Located in the heart of Washington, D.C., the restaurant showcases classic dishes from various regions, capturing the essence of American cuisine. With warm lighting, vintage photographs, and antique maps adorning the walls, guests are invited to embark on a gastronomic journey that pays homage to the diverse flavors and heritage of the nation. Course: Fish. Dish: New England clam chowder with sourdough bread. Wine pairing influence: Pinot Gris Willamette Valley Vineyards 2020. Let the plating, garnish, table surface, and background atmosphere quietly reflect the restaurant's cuisine and setting.",artifacts/recipe_images/new_pngs/recipe-image-146-the-american-tapestry-fish.png,gpt-image-2,1024x1024,medium
recipe-image-147-the-american-tapestry-meat,The American Tapestry,Chef Samuel Hughes,"Four Seasons Hotel Washington, D.C., USA",Meat,Texas smoked brisket with collard greens and cornbread,Texas smoked brisket with collard greens and cornbread,dish_pictures/Chef_Samuel_Hughes-The_American_Tapestry-Meat-Texas_smoked_brisket_with_collard_greens_and_cornbread.webp,"Square 1024x1024 fine-dining editorial food photograph for a luxury digital tasting menu. Create a photorealistic plated dish with natural restaurant lighting, refined composition, crisp textures, appetizing color, shallow depth of field, and elegant negative space. No text, no logos, no watermarks, no hands, no utensils dominating the frame, no recipe card. Restaurant context: The American Tapestry in Four Seasons Hotel Washington, D.C., USA, led by Chef Samuel Hughes. Dining room mood: The American Tapestry celebrates the rich culinary traditions of the United States in an elegant and historic setting. Located in the heart of Washington, D.C., the restaurant showcases classic dishes from various regions, capturing the essence of American cuisine. With warm lighting, vintage photographs, and antique maps adorning the walls, guests are invited to embark on a gastronomic journey that pays homage to the diverse flavors and heritage of the nation. Course: Meat. Dish: Texas smoked brisket with collard greens and cornbread. Wine pairing influence: Cabernet Sauvignon Silver Oak Alexander Valley 2016. Let the plating, garnish, table surface, and background atmosphere quietly reflect the restaurant's cuisine and setting.",artifacts/recipe_images/new_pngs/recipe-image-147-the-american-tapestry-meat.png,gpt-image-2,1024x1024,medium
recipe-image-148-the-american-tapestry-vegetarian,The American Tapestry,Chef Samuel Hughes,"Four Seasons Hotel Washington, D.C., USA",Vegetarian,"Georgia peach and pecan salad with arugula, goat cheese, and honey-mustard vinaigrette","Georgia peach and pecan salad with arugula, goat cheese, and honey-mustard vinaigrette","dish_pictures/Chef_Samuel_Hughes-The_American_Tapestry-Vegetarian-Georgia_peach_and_pecan_salad_with_arugula,_goat_cheese,_and_honey-mustard_vinaigrette.webp","Square 1024x1024 fine-dining editorial food photograph for a luxury digital tasting menu. Create a photorealistic plated dish with natural restaurant lighting, refined composition, crisp textures, appetizing color, shallow depth of field, and elegant negative space. No text, no logos, no watermarks, no hands, no utensils dominating the frame, no recipe card. Restaurant context: The American Tapestry in Four Seasons Hotel Washington, D.C., USA, led by Chef Samuel Hughes. Dining room mood: The American Tapestry celebrates the rich culinary traditions of the United States in an elegant and historic setting. Located in the heart of Washington, D.C., the restaurant showcases classic dishes from various regions, capturing the essence of American cuisine. With warm lighting, vintage photographs, and antique maps adorning the walls, guests are invited to embark on a gastronomic journey that pays homage to the diverse flavors and heritage of the nation. Course: Vegetarian. Dish: Georgia peach and pecan salad with arugula, goat cheese, and honey-mustard vinaigrette. Wine pairing influence: Riesling Chateau Ste. Michelle Eroica 2019. Let the plating, garnish, table surface, and background atmosphere quietly reflect the restaurant's cuisine and setting.",artifacts/recipe_images/new_pngs/recipe-image-148-the-american-tapestry-vegetarian.png,gpt-image-2,1024x1024,medium
recipe-image-149-the-american-tapestry-dessert,The American Tapestry,Chef Samuel Hughes,"Four Seasons Hotel Washington, D.C., USA",Dessert,New York cheesecake with strawberry coulis,New York cheesecake with strawberry coulis,dish_pictures/Chef_Samuel_Hughes-The_American_Tapestry-Dessert-New_York_cheesecake_with_strawberry_coulis.webp,"Square 1024x1024 fine-dining editorial food photograph for a luxury digital tasting menu. Create a photorealistic plated dish with natural restaurant lighting, refined composition, crisp textures, appetizing color, shallow depth of field, and elegant negative space. No text, no logos, no watermarks, no hands, no utensils dominating the frame, no recipe card. Restaurant context: The American Tapestry in Four Seasons Hotel Washington, D.C., USA, led by Chef Samuel Hughes. Dining room mood: The American Tapestry celebrates the rich culinary traditions of the United States in an elegant and historic setting. Located in the heart of Washington, D.C., the restaurant showcases classic dishes from various regions, capturing the essence of American cuisine. With warm lighting, vintage photographs, and antique maps adorning the walls, guests are invited to embark on a gastronomic journey that pays homage to the diverse flavors and heritage of the nation. Course: Dessert. Dish: New York cheesecake with strawberry coulis. Wine pairing influence: Brachetto d'Acqui Marenco Pineto 2020. Let the plating, garnish, table surface, and background atmosphere quietly reflect the restaurant's cuisine and setting.",artifacts/recipe_images/new_pngs/recipe-image-149-the-american-tapestry-dessert.png,gpt-image-2,1024x1024,medium
recipe-image-150-lab-de-sabores-amuse-bouche,Lab de Sabores,Chef Francisco Gomez,"Four Seasons Hotel Barcelona, Spain",Amuse-Bouche,Mango and passion fruit caviar with mint foam,Mango and passion fruit caviar with mint foam,dish_pictures/Chef_Francisco_Gomez-Lab_de_Sabores-Amuse-Bouche-Mango_and_passion_fruit_caviar_with_mint_foam.webp,"Square 1024x1024 fine-dining editorial food photograph for a luxury digital tasting menu. Create a photorealistic plated dish with natural restaurant lighting, refined composition, crisp textures, appetizing color, shallow depth of field, and elegant negative space. No text, no logos, no watermarks, no hands, no utensils dominating the frame, no recipe card. Restaurant context: Lab de Sabores in Four Seasons Hotel Barcelona, Spain, led by Chef Francisco Gomez. Dining room mood: Lab de Sabores invites guests into a world of culinary innovation, where art meets science in a sleek, modern dining space. Glass walls offer a glimpse into the bustling kitchen, where Chef Gomez and his team create their avant-garde masterpieces. Suspended geometric light fixtures and clean lines evoke a sense of sophistication and futuristic elegance, setting the stage for a truly unique gastronomic experience. Course: Amuse-Bouche. Dish: Mango and passion fruit caviar with mint foam. Wine pairing influence: Cava Gramona III Lustros Brut Nature 2012. Let the plating, garnish, table surface, and background atmosphere quietly reflect the restaurant's cuisine and setting.",artifacts/recipe_images/new_pngs/recipe-image-150-lab-de-sabores-amuse-bouche.png,gpt-image-2,1024x1024,medium
recipe-image-151-lab-de-sabores-appetizer,Lab de Sabores,Chef Francisco Gomez,"Four Seasons Hotel Barcelona, Spain",Appetizer,"Deconstructed Spanish tortilla with potato espuma, onion gel, and egg yolk spheres","Deconstructed Spanish tortilla with potato espuma, onion gel, and egg yolk spheres","dish_pictures/Chef_Francisco_Gomez-Lab_de_Sabores-Appetizer-Deconstructed_Spanish_tortilla_with_potato_espuma,_onion_gel,_and_egg_yolk_spheres.webp","Square 1024x1024 fine-dining editorial food photograph for a luxury digital tasting menu. Create a photorealistic plated dish with natural restaurant lighting, refined composition, crisp textures, appetizing color, shallow depth of field, and elegant negative space. No text, no logos, no watermarks, no hands, no utensils dominating the frame, no recipe card. Restaurant context: Lab de Sabores in Four Seasons Hotel Barcelona, Spain, led by Chef Francisco Gomez. Dining room mood: Lab de Sabores invites guests into a world of culinary innovation, where art meets science in a sleek, modern dining space. Glass walls offer a glimpse into the bustling kitchen, where Chef Gomez and his team create their avant-garde masterpieces. Suspended geometric light fixtures and clean lines evoke a sense of sophistication and futuristic elegance, setting the stage for a truly unique gastronomic experience. Course: Appetizer. Dish: Deconstructed Spanish tortilla with potato espuma, onion gel, and egg yolk spheres. Wine pairing influence: Verdejo Bodegas Naia Naiades 2017. Let the plating, garnish, table surface, and background atmosphere quietly reflect the restaurant's cuisine and setting.",artifacts/recipe_images/new_pngs/recipe-image-151-lab-de-sabores-appetizer.png,gpt-image-2,1024x1024,medium
recipe-image-152-lab-de-sabores-fish,Lab de Sabores,Chef Francisco Gomez,"Four Seasons Hotel Barcelona, Spain",Fish,"Sous-vide sea bass with fennel purée, dehydrated olives, and saffron air","Sous-vide sea bass with fennel purée, dehydrated olives, and saffron air","dish_pictures/Chef_Francisco_Gomez-Lab_de_Sabores-Fish-Sous-vide_sea_bass_with_fennel_purée,_dehydrated_olives,_and_saffron_air.webp","Square 1024x1024 fine-dining editorial food photograph for a luxury digital tasting menu. Create a photorealistic plated dish with natural restaurant lighting, refined composition, crisp textures, appetizing color, shallow depth of field, and elegant negative space. No text, no logos, no watermarks, no hands, no utensils dominating the frame, no recipe card. Restaurant context: Lab de Sabores in Four Seasons Hotel Barcelona, Spain, led by Chef Francisco Gomez. Dining room mood: Lab de Sabores invites guests into a world of culinary innovation, where art meets science in a sleek, modern dining space. Glass walls offer a glimpse into the bustling kitchen, where Chef Gomez and his team create their avant-garde masterpieces. Suspended geometric light fixtures and clean lines evoke a sense of sophistication and futuristic elegance, setting the stage for a truly unique gastronomic experience. Course: Fish. Dish: Sous-vide sea bass with fennel purée, dehydrated olives, and saffron air. Wine pairing influence: Albariño Pazo Barrantes 2020. Let the plating, garnish, table surface, and background atmosphere quietly reflect the restaurant's cuisine and setting.",artifacts/recipe_images/new_pngs/recipe-image-152-lab-de-sabores-fish.png,gpt-image-2,1024x1024,medium
recipe-image-153-lab-de-sabores-meat,Lab de Sabores,Chef Francisco Gomez,"Four Seasons Hotel Barcelona, Spain",Meat,48-hour braised Iberian pork cheeks with porcini mushroom powder and red wine reduction,48-hour braised Iberian pork cheeks with porcini mushroom powder and red wine reduction,dish_pictures/Chef_Francisco_Gomez-Lab_de_Sabores-Meat-48-hour_braised_Iberian_pork_cheeks_with_porcini_mushroom_powder_and_red_wine_reduction.webp,"Square 1024x1024 fine-dining editorial food photograph for a luxury digital tasting menu. Create a photorealistic plated dish with natural restaurant lighting, refined composition, crisp textures, appetizing color, shallow depth of field, and elegant negative space. No text, no logos, no watermarks, no hands, no utensils dominating the frame, no recipe card. Restaurant context: Lab de Sabores in Four Seasons Hotel Barcelona, Spain, led by Chef Francisco Gomez. Dining room mood: Lab de Sabores invites guests into a world of culinary innovation, where art meets science in a sleek, modern dining space. Glass walls offer a glimpse into the bustling kitchen, where Chef Gomez and his team create their avant-garde masterpieces. Suspended geometric light fixtures and clean lines evoke a sense of sophistication and futuristic elegance, setting the stage for a truly unique gastronomic experience. Course: Meat. Dish: 48-hour braised Iberian pork cheeks with porcini mushroom powder and red wine reduction. Wine pairing influence: Rioja Roda Reserva 2016. Let the plating, garnish, table surface, and background atmosphere quietly reflect the restaurant's cuisine and setting.",artifacts/recipe_images/new_pngs/recipe-image-153-lab-de-sabores-meat.png,gpt-image-2,1024x1024,medium
recipe-image-154-lab-de-sabores-intermezzo,Lab de Sabores,Chef Francisco Gomez,"Four Seasons Hotel Barcelona, Spain",Intermezzo,Mojito sorbet with liquid nitrogen and mint sugar,Mojito sorbet with liquid nitrogen and mint sugar,dish_pictures/Chef_Francisco_Gomez-Lab_de_Sabores-Intermezzo-Mojito_sorbet_with_liquid_nitrogen_and_mint_sugar.webp,"Square 1024x1024 fine-dining editorial food photograph for a luxury digital tasting menu. Create a photorealistic plated dish with natural restaurant lighting, refined composition, crisp textures, appetizing color, shallow depth of field, and elegant negative space. No text, no logos, no watermarks, no hands, no utensils dominating the frame, no recipe card. Restaurant context: Lab de Sabores in Four Seasons Hotel Barcelona, Spain, led by Chef Francisco Gomez. Dining room mood: Lab de Sabores invites guests into a world of culinary innovation, where art meets science in a sleek, modern dining space. Glass walls offer a glimpse into the bustling kitchen, where Chef Gomez and his team create their avant-garde masterpieces. Suspended geometric light fixtures and clean lines evoke a sense of sophistication and futuristic elegance, setting the stage for a truly unique gastronomic experience. Course: Intermezzo. Dish: Mojito sorbet with liquid nitrogen and mint sugar. Wine pairing influence: None. Let the plating, garnish, table surface, and background atmosphere quietly reflect the restaurant's cuisine and setting.",artifacts/recipe_images/new_pngs/recipe-image-154-lab-de-sabores-intermezzo.png,gpt-image-2,1024x1024,medium
recipe-image-155-lab-de-sabores-cheese,Lab de Sabores,Chef Francisco Gomez,"Four Seasons Hotel Barcelona, Spain",Cheese,Manchego foam with quince gel and Marcona almond dust,Manchego foam with quince gel and Marcona almond dust,dish_pictures/Chef_Francisco_Gomez-Lab_de_Sabores-Cheese-Manchego_foam_with_quince_gel_and_Marcona_almond_dust.webp,"Square 1024x1024 fine-dining editorial food photograph for a luxury digital tasting menu. Create a photorealistic plated dish with natural restaurant lighting, refined composition, crisp textures, appetizing color, shallow depth of field, and elegant negative space. No text, no logos, no watermarks, no hands, no utensils dominating the frame, no recipe card. Restaurant context: Lab de Sabores in Four Seasons Hotel Barcelona, Spain, led by Chef Francisco Gomez. Dining room mood: Lab de Sabores invites guests into a world of culinary innovation, where art meets science in a sleek, modern dining space. Glass walls offer a glimpse into the bustling kitchen, where Chef Gomez and his team create their avant-garde masterpieces. Suspended geometric light fixtures and clean lines evoke a sense of sophistication and futuristic elegance, setting the stage for a truly unique gastronomic experience. Course: Cheese. Dish: Manchego foam with quince gel and Marcona almond dust. Wine pairing influence: Sherry Lustau East India Solera. Let the plating, garnish, table surface, and background atmosphere quietly reflect the restaurant's cuisine and setting.",artifacts/recipe_images/new_pngs/recipe-image-155-lab-de-sabores-cheese.png,gpt-image-2,1024x1024,medium
recipe-image-156-lab-de-sabores-dessert,Lab de Sabores,Chef Francisco Gomez,"Four Seasons Hotel Barcelona, Spain",Dessert,"Chocolate textures - frozen chocolate mousse, chocolate soil, and warm chocolate foam","Chocolate textures - frozen chocolate mousse, chocolate soil, and warm chocolate foam","dish_pictures/Chef_Francisco_Gomez-Lab_de_Sabores-Dessert-Chocolate_textures_-_frozen_chocolate_mousse,_chocolate_soil,_and_warm_chocolate_foam.webp","Square 1024x1024 fine-dining editorial food photograph for a luxury digital tasting menu. Create a photorealistic plated dish with natural restaurant lighting, refined composition, crisp textures, appetizing color, shallow depth of field, and elegant negative space. No text, no logos, no watermarks, no hands, no utensils dominating the frame, no recipe card. Restaurant context: Lab de Sabores in Four Seasons Hotel Barcelona, Spain, led by Chef Francisco Gomez. Dining room mood: Lab de Sabores invites guests into a world of culinary innovation, where art meets science in a sleek, modern dining space. Glass walls offer a glimpse into the bustling kitchen, where Chef Gomez and his team create their avant-garde masterpieces. Suspended geometric light fixtures and clean lines evoke a sense of sophistication and futuristic elegance, setting the stage for a truly unique gastronomic experience. Course: Dessert. Dish: Chocolate textures - frozen chocolate mousse, chocolate soil, and warm chocolate foam. Wine pairing influence: Pedro Ximénez Bodegas Toro Albala Don PX Gran Reserva 1987. Let the plating, garnish, table surface, and background atmosphere quietly reflect the restaurant's cuisine and setting.",artifacts/recipe_images/new_pngs/recipe-image-156-lab-de-sabores-dessert.png,gpt-image-2,1024x1024,medium
recipe-image-157-kai-olu-amuse-bouche,Kai 'Olu,Chef Kekoa Mahi,"Four Seasons Resort Maui, Hawaii, USA",Amuse-Bouche,Ahi poke with avocado mousse and taro chip,Ahi poke with avocado mousse and taro chip,dish_pictures/Chef_Kekoa_Mahi-Kai_'Olu-Amuse-Bouche-Ahi_poke_with_avocado_mousse_and_taro_chip.webp,"Square 1024x1024 fine-dining editorial food photograph for a luxury digital tasting menu. Create a photorealistic plated dish with natural restaurant lighting, refined composition, crisp textures, appetizing color, shallow depth of field, and elegant negative space. No text, no logos, no watermarks, no hands, no utensils dominating the frame, no recipe card. Restaurant context: Kai 'Olu in Four Seasons Resort Maui, Hawaii, USA, led by Chef Kekoa Mahi. Dining room mood: Kai 'Olu offers an exquisite dining experience that pays homage to Hawaii's rich culinary heritage, with breathtaking views of the Pacific Ocean and the lush gardens of the Four Seasons Resort. The dining room is adorned with warm woods, vibrant textiles, and intricate artwork inspired by traditional Hawaiian motifs. Soft, ambient lighting and the gentle sound of ocean waves create a serene and intimate atmosphere, allowing guests to savor the flavors of the islands in a luxurious and elegant setting. Course: Amuse-Bouche. Dish: Ahi poke with avocado mousse and taro chip. Wine pairing influence: Rosé Domaine Tempier Bandol 2020. Let the plating, garnish, table surface, and background atmosphere quietly reflect the restaurant's cuisine and setting.",artifacts/recipe_images/new_pngs/recipe-image-157-kai-olu-amuse-bouche.png,gpt-image-2,1024x1024,medium
recipe-image-158-kai-olu-appetizer,Kai 'Olu,Chef Kekoa Mahi,"Four Seasons Resort Maui, Hawaii, USA",Appetizer,"Kona lobster tail with coconut milk foam, hearts of palm, and lilikoi vinaigrette","Kona lobster tail with coconut milk foam, hearts of palm, and lilikoi vinaigrette","dish_pictures/Chef_Kekoa_Mahi-Kai_'Olu-Appetizer-Kona_lobster_tail_with_coconut_milk_foam,_hearts_of_palm,_and_lilikoi_vinaigrette.webp","Square 1024x1024 fine-dining editorial food photograph for a luxury digital tasting menu. Create a photorealistic plated dish with natural restaurant lighting, refined composition, crisp textures, appetizing color, shallow depth of field, and elegant negative space. No text, no logos, no watermarks, no hands, no utensils dominating the frame, no recipe card. Restaurant context: Kai 'Olu in Four Seasons Resort Maui, Hawaii, USA, led by Chef Kekoa Mahi. Dining room mood: Kai 'Olu offers an exquisite dining experience that pays homage to Hawaii's rich culinary heritage, with breathtaking views of the Pacific Ocean and the lush gardens of the Four Seasons Resort. The dining room is adorned with warm woods, vibrant textiles, and intricate artwork inspired by traditional Hawaiian motifs. Soft, ambient lighting and the gentle sound of ocean waves create a serene and intimate atmosphere, allowing guests to savor the flavors of the islands in a luxurious and elegant setting. Course: Appetizer. Dish: Kona lobster tail with coconut milk foam, hearts of palm, and lilikoi vinaigrette. Wine pairing influence: Sancerre Domaine Vacheron Belle Dame 2019. Let the plating, garnish, table surface, and background atmosphere quietly reflect the restaurant's cuisine and setting.",artifacts/recipe_images/new_pngs/recipe-image-158-kai-olu-appetizer.png,gpt-image-2,1024x1024,medium
recipe-image-159-kai-olu-soup,Kai 'Olu,Chef Kekoa Mahi,"Four Seasons Resort Maui, Hawaii, USA",Soup,Chilled cucumber gazpacho with Kauai shrimp ceviche and pickled mango,Chilled cucumber gazpacho with Kauai shrimp ceviche and pickled mango,dish_pictures/Chef_Kekoa_Mahi-Kai_'Olu-Soup-Chilled_cucumber_gazpacho_with_Kauai_shrimp_ceviche_and_pickled_mango.webp,"Square 1024x1024 fine-dining editorial food photograph for a luxury digital tasting menu. Create a photorealistic plated dish with natural restaurant lighting, refined composition, crisp textures, appetizing color, shallow depth of field, and elegant negative space. No text, no logos, no watermarks, no hands, no utensils dominating the frame, no recipe card. Restaurant context: Kai 'Olu in Four Seasons Resort Maui, Hawaii, USA, led by Chef Kekoa Mahi. Dining room mood: Kai 'Olu offers an exquisite dining experience that pays homage to Hawaii's rich culinary heritage, with breathtaking views of the Pacific Ocean and the lush gardens of the Four Seasons Resort. The dining room is adorned with warm woods, vibrant textiles, and intricate artwork inspired by traditional Hawaiian motifs. Soft, ambient lighting and the gentle sound of ocean waves create a serene and intimate atmosphere, allowing guests to savor the flavors of the islands in a luxurious and elegant setting. Course: Soup. Dish: Chilled cucumber gazpacho with Kauai shrimp ceviche and pickled mango. Wine pairing influence: Riesling Dr. Loosen Erdener Prälat Alte Reben 2018. Let the plating, garnish, table surface, and background atmosphere quietly reflect the restaurant's cuisine and setting.",artifacts/recipe_images/new_pngs/recipe-image-159-kai-olu-soup.png,gpt-image-2,1024x1024,medium
recipe-image-160-kai-olu-fish,Kai 'Olu,Chef Kekoa Mahi,"Four Seasons Resort Maui, Hawaii, USA",Fish,"Pan-seared opah with sweet potato purée, bok choy, and macadamia nut brown butter","Pan-seared opah with sweet potato purée, bok choy, and macadamia nut brown butter","dish_pictures/Chef_Kekoa_Mahi-Kai_'Olu-Fish-Pan-seared_opah_with_sweet_potato_purée,_bok_choy,_and_macadamia_nut_brown_butter.webp","Square 1024x1024 fine-dining editorial food photograph for a luxury digital tasting menu. Create a photorealistic plated dish with natural restaurant lighting, refined composition, crisp textures, appetizing color, shallow depth of field, and elegant negative space. No text, no logos, no watermarks, no hands, no utensils dominating the frame, no recipe card. Restaurant context: Kai 'Olu in Four Seasons Resort Maui, Hawaii, USA, led by Chef Kekoa Mahi. Dining room mood: Kai 'Olu offers an exquisite dining experience that pays homage to Hawaii's rich culinary heritage, with breathtaking views of the Pacific Ocean and the lush gardens of the Four Seasons Resort. The dining room is adorned with warm woods, vibrant textiles, and intricate artwork inspired by traditional Hawaiian motifs. Soft, ambient lighting and the gentle sound of ocean waves create a serene and intimate atmosphere, allowing guests to savor the flavors of the islands in a luxurious and elegant setting. Course: Fish. Dish: Pan-seared opah with sweet potato purée, bok choy, and macadamia nut brown butter. Wine pairing influence: Chardonnay Kistler Les Noisetiers 2019. Let the plating, garnish, table surface, and background atmosphere quietly reflect the restaurant's cuisine and setting.",artifacts/recipe_images/new_pngs/recipe-image-160-kai-olu-fish.png,gpt-image-2,1024x1024,medium
recipe-image-161-kai-olu-meat,Kai 'Olu,Chef Kekoa Mahi,"Four Seasons Resort Maui, Hawaii, USA",Meat,"Kalua pork with pineapple relish, purple sweet potato mash, and ginger-guava glaze","Kalua pork with pineapple relish, purple sweet potato mash, and ginger-guava glaze","dish_pictures/Chef_Kekoa_Mahi-Kai_'Olu-Meat-Kalua_pork_with_pineapple_relish,_purple_sweet_potato_mash,_and_ginger-guava_glaze.webp","Square 1024x1024 fine-dining editorial food photograph for a luxury digital tasting menu. Create a photorealistic plated dish with natural restaurant lighting, refined composition, crisp textures, appetizing color, shallow depth of field, and elegant negative space. No text, no logos, no watermarks, no hands, no utensils dominating the frame, no recipe card. Restaurant context: Kai 'Olu in Four Seasons Resort Maui, Hawaii, USA, led by Chef Kekoa Mahi. Dining room mood: Kai 'Olu offers an exquisite dining experience that pays homage to Hawaii's rich culinary heritage, with breathtaking views of the Pacific Ocean and the lush gardens of the Four Seasons Resort. The dining room is adorned with warm woods, vibrant textiles, and intricate artwork inspired by traditional Hawaiian motifs. Soft, ambient lighting and the gentle sound of ocean waves create a serene and intimate atmosphere, allowing guests to savor the flavors of the islands in a luxurious and elegant setting. Course: Meat. Dish: Kalua pork with pineapple relish, purple sweet potato mash, and ginger-guava glaze. Wine pairing influence: Pinot Noir Domaine Serene Yamhill Cuvée 2018. Let the plating, garnish, table surface, and background atmosphere quietly reflect the restaurant's cuisine and setting.",artifacts/recipe_images/new_pngs/recipe-image-161-kai-olu-meat.png,gpt-image-2,1024x1024,medium
recipe-image-162-kai-olu-salad,Kai 'Olu,Chef Kekoa Mahi,"Four Seasons Resort Maui, Hawaii, USA",Salad,"Maui onion, watermelon radish, and baby greens salad with macadamia nut vinaigrette","Maui onion, watermelon radish, and baby greens salad with macadamia nut vinaigrette","dish_pictures/Chef_Kekoa_Mahi-Kai_'Olu-Salad-Maui_onion,_watermelon_radish,_and_baby_greens_salad_with_macadamia_nut_vinaigrette.webp","Square 1024x1024 fine-dining editorial food photograph for a luxury digital tasting menu. Create a photorealistic plated dish with natural restaurant lighting, refined composition, crisp textures, appetizing color, shallow depth of field, and elegant negative space. No text, no logos, no watermarks, no hands, no utensils dominating the frame, no recipe card. Restaurant context: Kai 'Olu in Four Seasons Resort Maui, Hawaii, USA, led by Chef Kekoa Mahi. Dining room mood: Kai 'Olu offers an exquisite dining experience that pays homage to Hawaii's rich culinary heritage, with breathtaking views of the Pacific Ocean and the lush gardens of the Four Seasons Resort. The dining room is adorned with warm woods, vibrant textiles, and intricate artwork inspired by traditional Hawaiian motifs. Soft, ambient lighting and the gentle sound of ocean waves create a serene and intimate atmosphere, allowing guests to savor the flavors of the islands in a luxurious and elegant setting. Course: Salad. Dish: Maui onion, watermelon radish, and baby greens salad with macadamia nut vinaigrette. Wine pairing influence: Sauvignon Blanc Cloudy Bay Te Koko 2017. Let the plating, garnish, table surface, and background atmosphere quietly reflect the restaurant's cuisine and setting.",artifacts/recipe_images/new_pngs/recipe-image-162-kai-olu-salad.png,gpt-image-2,1024x1024,medium
recipe-image-163-kai-olu-dessert,Kai 'Olu,Chef Kekoa Mahi,"Four Seasons Resort Maui, Hawaii, USA",Dessert,Hawaiian chocolate lava cake with passion fruit coulis and macadamia nut ice cream,Hawaiian chocolate lava cake with passion fruit coulis and macadamia nut ice cream,dish_pictures/Chef_Kekoa_Mahi-Kai_'Olu-Dessert-Hawaiian_chocolate_lava_cake_with_passion_fruit_coulis_and_macadamia_nut_ice_cream.webp,"Square 1024x1024 fine-dining editorial food photograph for a luxury digital tasting menu. Create a photorealistic plated dish with natural restaurant lighting, refined composition, crisp textures, appetizing color, shallow depth of field, and elegant negative space. No text, no logos, no watermarks, no hands, no utensils dominating the frame, no recipe card. Restaurant context: Kai 'Olu in Four Seasons Resort Maui, Hawaii, USA, led by Chef Kekoa Mahi. Dining room mood: Kai 'Olu offers an exquisite dining experience that pays homage to Hawaii's rich culinary heritage, with breathtaking views of the Pacific Ocean and the lush gardens of the Four Seasons Resort. The dining room is adorned with warm woods, vibrant textiles, and intricate artwork inspired by traditional Hawaiian motifs. Soft, ambient lighting and the gentle sound of ocean waves create a serene and intimate atmosphere, allowing guests to savor the flavors of the islands in a luxurious and elegant setting. Course: Dessert. Dish: Hawaiian chocolate lava cake with passion fruit coulis and macadamia nut ice cream. Wine pairing influence: Muscat de Rivesaltes Domaine Cazes 2019. Let the plating, garnish, table surface, and background atmosphere quietly reflect the restaurant's cuisine and setting.",artifacts/recipe_images/new_pngs/recipe-image-163-kai-olu-dessert.png,gpt-image-2,1024x1024,medium
recipe-image-164-sen-vàng-amuse-bouche,Sen Vàng,Chef Minh Truong,"Four Seasons The Nam Hai, Hoi An, Vietnam",Amuse-Bouche,Bánh bèo - Steamed rice cakes with shrimp and crispy shallots,Bánh bèo - Steamed rice cakes with shrimp and crispy shallots,dish_pictures/Chef_Minh_Truong-Sen_Vàng-Amuse-Bouche-Bánh_bèo_-_Steamed_rice_cakes_with_shrimp_and_crispy_shallots.webp,"Square 1024x1024 fine-dining editorial food photograph for a luxury digital tasting menu. Create a photorealistic plated dish with natural restaurant lighting, refined composition, crisp textures, appetizing color, shallow depth of field, and elegant negative space. No text, no logos, no watermarks, no hands, no utensils dominating the frame, no recipe card. Restaurant context: Sen Vàng in Four Seasons The Nam Hai, Hoi An, Vietnam, led by Chef Minh Truong. Dining room mood: Sen Vàng offers an elevated dining experience that showcases the vibrant flavors and rich culinary traditions of Vietnam. The elegant dining room is adorned with silk lanterns, intricate wood carvings, and a stunning view of the resort's tropical gardens and reflecting pools. The harmonious blend of traditional and contemporary design elements creates an ambiance of refined sophistication, providing the perfect setting for guests to savor the essence of Vietnamese cuisine. Course: Amuse-Bouche. Dish: Bánh bèo - Steamed rice cakes with shrimp and crispy shallots. Wine pairing influence: Champagne Billecart-Salmon Brut Réserve. Let the plating, garnish, table surface, and background atmosphere quietly reflect the restaurant's cuisine and setting.",artifacts/recipe_images/new_pngs/recipe-image-164-sen-vàng-amuse-bouche.png,gpt-image-2,1024x1024,medium
recipe-image-165-sen-vàng-appetizer,Sen Vàng,Chef Minh Truong,"Four Seasons The Nam Hai, Hoi An, Vietnam",Appetizer,"Gỏi cuốn - Fresh spring rolls with prawns, herbs, and peanut dipping sauce","Gỏi cuốn - Fresh spring rolls with prawns, herbs, and peanut dipping sauce","dish_pictures/Chef_Minh_Truong-Sen_Vàng-Appetizer-Gỏi_cuốn_-_Fresh_spring_rolls_with_prawns,_herbs,_and_peanut_dipping_sauce.webp","Square 1024x1024 fine-dining editorial food photograph for a luxury digital tasting menu. Create a photorealistic plated dish with natural restaurant lighting, refined composition, crisp textures, appetizing color, shallow depth of field, and elegant negative space. No text, no logos, no watermarks, no hands, no utensils dominating the frame, no recipe card. Restaurant context: Sen Vàng in Four Seasons The Nam Hai, Hoi An, Vietnam, led by Chef Minh Truong. Dining room mood: Sen Vàng offers an elevated dining experience that showcases the vibrant flavors and rich culinary traditions of Vietnam. The elegant dining room is adorned with silk lanterns, intricate wood carvings, and a stunning view of the resort's tropical gardens and reflecting pools. The harmonious blend of traditional and contemporary design elements creates an ambiance of refined sophistication, providing the perfect setting for guests to savor the essence of Vietnamese cuisine. Course: Appetizer. Dish: Gỏi cuốn - Fresh spring rolls with prawns, herbs, and peanut dipping sauce. Wine pairing influence: Gewürztraminer Trimbach 2018. Let the plating, garnish, table surface, and background atmosphere quietly reflect the restaurant's cuisine and setting.",artifacts/recipe_images/new_pngs/recipe-image-165-sen-vàng-appetizer.png,gpt-image-2,1024x1024,medium
recipe-image-166-sen-vàng-soup,Sen Vàng,Chef Minh Truong,"Four Seasons The Nam Hai, Hoi An, Vietnam",Soup,"Phở tái - Beef pho with rare filet mignon, rice noodles, and aromatic herbs","Phở tái - Beef pho with rare filet mignon, rice noodles, and aromatic herbs","dish_pictures/Chef_Minh_Truong-Sen_Vàng-Soup-Phở_tái_-_Beef_pho_with_rare_filet_mignon,_rice_noodles,_and_aromatic_herbs.webp","Square 1024x1024 fine-dining editorial food photograph for a luxury digital tasting menu. Create a photorealistic plated dish with natural restaurant lighting, refined composition, crisp textures, appetizing color, shallow depth of field, and elegant negative space. No text, no logos, no watermarks, no hands, no utensils dominating the frame, no recipe card. Restaurant context: Sen Vàng in Four Seasons The Nam Hai, Hoi An, Vietnam, led by Chef Minh Truong. Dining room mood: Sen Vàng offers an elevated dining experience that showcases the vibrant flavors and rich culinary traditions of Vietnam. The elegant dining room is adorned with silk lanterns, intricate wood carvings, and a stunning view of the resort's tropical gardens and reflecting pools. The harmonious blend of traditional and contemporary design elements creates an ambiance of refined sophistication, providing the perfect setting for guests to savor the essence of Vietnamese cuisine. Course: Soup. Dish: Phở tái - Beef pho with rare filet mignon, rice noodles, and aromatic herbs. Wine pairing influence: Pinot Noir Domaine Drouhin Oregon 2018. Let the plating, garnish, table surface, and background atmosphere quietly reflect the restaurant's cuisine and setting.",artifacts/recipe_images/new_pngs/recipe-image-166-sen-vàng-soup.png,gpt-image-2,1024x1024,medium
recipe-image-167-sen-vàng-fish,Sen Vàng,Chef Minh Truong,"Four Seasons The Nam Hai, Hoi An, Vietnam",Fish,"Cá kho tộ - Caramelized claypot fish with ginger, chili, and steamed jasmine rice","Cá kho tộ - Caramelized claypot fish with ginger, chili, and steamed jasmine rice","dish_pictures/Chef_Minh_Truong-Sen_Vàng-Fish-Cá_kho_tộ_-_Caramelized_claypot_fish_with_ginger,_chili,_and_steamed_jasmine_rice.webp","Square 1024x1024 fine-dining editorial food photograph for a luxury digital tasting menu. Create a photorealistic plated dish with natural restaurant lighting, refined composition, crisp textures, appetizing color, shallow depth of field, and elegant negative space. No text, no logos, no watermarks, no hands, no utensils dominating the frame, no recipe card. Restaurant context: Sen Vàng in Four Seasons The Nam Hai, Hoi An, Vietnam, led by Chef Minh Truong. Dining room mood: Sen Vàng offers an elevated dining experience that showcases the vibrant flavors and rich culinary traditions of Vietnam. The elegant dining room is adorned with silk lanterns, intricate wood carvings, and a stunning view of the resort's tropical gardens and reflecting pools. The harmonious blend of traditional and contemporary design elements creates an ambiance of refined sophistication, providing the perfect setting for guests to savor the essence of Vietnamese cuisine. Course: Fish. Dish: Cá kho tộ - Caramelized claypot fish with ginger, chili, and steamed jasmine rice. Wine pairing influence: Chenin Blanc Domaine Huet Le Mont Sec 2019. Let the plating, garnish, table surface, and background atmosphere quietly reflect the restaurant's cuisine and setting.",artifacts/recipe_images/new_pngs/recipe-image-167-sen-vàng-fish.png,gpt-image-2,1024x1024,medium
recipe-image-168-sen-vàng-meat,Sen Vàng,Chef Minh Truong,"Four Seasons The Nam Hai, Hoi An, Vietnam",Meat,"Bò lúc lắc - Shaking beef with garlic, watercress, and pickled onions","Bò lúc lắc - Shaking beef with garlic, watercress, and pickled onions","dish_pictures/Chef_Minh_Truong-Sen_Vàng-Meat-Bò_lúc_lắc_-_Shaking_beef_with_garlic,_watercress,_and_pickled_onions.webp","Square 1024x1024 fine-dining editorial food photograph for a luxury digital tasting menu. Create a photorealistic plated dish with natural restaurant lighting, refined composition, crisp textures, appetizing color, shallow depth of field, and elegant negative space. No text, no logos, no watermarks, no hands, no utensils dominating the frame, no recipe card. Restaurant context: Sen Vàng in Four Seasons The Nam Hai, Hoi An, Vietnam, led by Chef Minh Truong. Dining room mood: Sen Vàng offers an elevated dining experience that showcases the vibrant flavors and rich culinary traditions of Vietnam. The elegant dining room is adorned with silk lanterns, intricate wood carvings, and a stunning view of the resort's tropical gardens and reflecting pools. The harmonious blend of traditional and contemporary design elements creates an ambiance of refined sophistication, providing the perfect setting for guests to savor the essence of Vietnamese cuisine. Course: Meat. Dish: Bò lúc lắc - Shaking beef with garlic, watercress, and pickled onions. Wine pairing influence: Syrah E. Guigal Crozes-Hermitage 2017. Let the plating, garnish, table surface, and background atmosphere quietly reflect the restaurant's cuisine and setting.",artifacts/recipe_images/new_pngs/recipe-image-168-sen-vàng-meat.png,gpt-image-2,1024x1024,medium
recipe-image-169-sen-vàng-vegetarian,Sen Vàng,Chef Minh Truong,"Four Seasons The Nam Hai, Hoi An, Vietnam",Vegetarian,"Bánh xèo - Crispy Vietnamese crepe with tofu, bean sprouts, and nuoc cham","Bánh xèo - Crispy Vietnamese crepe with tofu, bean sprouts, and nuoc cham","dish_pictures/Chef_Minh_Truong-Sen_Vàng-Vegetarian-Bánh_xèo_-_Crispy_Vietnamese_crepe_with_tofu,_bean_sprouts,_and_nuoc_cham.webp","Square 1024x1024 fine-dining editorial food photograph for a luxury digital tasting menu. Create a photorealistic plated dish with natural restaurant lighting, refined composition, crisp textures, appetizing color, shallow depth of field, and elegant negative space. No text, no logos, no watermarks, no hands, no utensils dominating the frame, no recipe card. Restaurant context: Sen Vàng in Four Seasons The Nam Hai, Hoi An, Vietnam, led by Chef Minh Truong. Dining room mood: Sen Vàng offers an elevated dining experience that showcases the vibrant flavors and rich culinary traditions of Vietnam. The elegant dining room is adorned with silk lanterns, intricate wood carvings, and a stunning view of the resort's tropical gardens and reflecting pools. The harmonious blend of traditional and contemporary design elements creates an ambiance of refined sophistication, providing the perfect setting for guests to savor the essence of Vietnamese cuisine. Course: Vegetarian. Dish: Bánh xèo - Crispy Vietnamese crepe with tofu, bean sprouts, and nuoc cham. Wine pairing influence: Riesling Dr. Loosen Blue Slate Kabinett 2020. Let the plating, garnish, table surface, and background atmosphere quietly reflect the restaurant's cuisine and setting.",artifacts/recipe_images/new_pngs/recipe-image-169-sen-vàng-vegetarian.png,gpt-image-2,1024x1024,medium
recipe-image-170-sen-vàng-dessert,Sen Vàng,Chef Minh Truong,"Four Seasons The Nam Hai, Hoi An, Vietnam",Dessert,Chè chuối - Banana and tapioca pudding with coconut milk and toasted peanuts,Chè chuối - Banana and tapioca pudding with coconut milk and toasted peanuts,dish_pictures/Chef_Minh_Truong-Sen_Vàng-Dessert-Chè_chuối_-_Banana_and_tapioca_pudding_with_coconut_milk_and_toasted_peanuts.webp,"Square 1024x1024 fine-dining editorial food photograph for a luxury digital tasting menu. Create a photorealistic plated dish with natural restaurant lighting, refined composition, crisp textures, appetizing color, shallow depth of field, and elegant negative space. No text, no logos, no watermarks, no hands, no utensils dominating the frame, no recipe card. Restaurant context: Sen Vàng in Four Seasons The Nam Hai, Hoi An, Vietnam, led by Chef Minh Truong. Dining room mood: Sen Vàng offers an elevated dining experience that showcases the vibrant flavors and rich culinary traditions of Vietnam. The elegant dining room is adorned with silk lanterns, intricate wood carvings, and a stunning view of the resort's tropical gardens and reflecting pools. The harmonious blend of traditional and contemporary design elements creates an ambiance of refined sophistication, providing the perfect setting for guests to savor the essence of Vietnamese cuisine. Course: Dessert. Dish: Chè chuối - Banana and tapioca pudding with coconut milk and toasted peanuts. Wine pairing influence: Sauternes Château Guiraud 2017. Let the plating, garnish, table surface, and background atmosphere quietly reflect the restaurant's cuisine and setting.",artifacts/recipe_images/new_pngs/recipe-image-170-sen-vàng-dessert.png,gpt-image-2,1024x1024,medium
recipe-image-171-sarvottam-amuse-bouche,Sarvottam,Chef Ravi Desai,"Four Seasons Hotel Mumbai, India",Amuse-Bouche,Cashew cheese and beetroot tartlet with mint chutney,Cashew cheese and beetroot tartlet with mint chutney,dish_pictures/Chef_Ravi_Desai-Sarvottam-Amuse-Bouche-Cashew_cheese_and_beetroot_tartlet_with_mint_chutney.webp,"Square 1024x1024 fine-dining editorial food photograph for a luxury digital tasting menu. Create a photorealistic plated dish with natural restaurant lighting, refined composition, crisp textures, appetizing color, shallow depth of field, and elegant negative space. No text, no logos, no watermarks, no hands, no utensils dominating the frame, no recipe card. Restaurant context: Sarvottam in Four Seasons Hotel Mumbai, India, led by Chef Ravi Desai. Dining room mood: Sarvottam transports guests on a gastronomic journey through the rich and diverse flavors of India, reimagining traditional dishes with a vegan, haute cuisine approach. The luxurious dining room features intricate Jaipuri block-printed textiles, handcrafted brass chandeliers, and opulent marble flooring. Floor-to-ceiling windows offer breathtaking views of the Arabian Sea, providing the perfect backdrop for a truly unforgettable dining experience. Course: Amuse-Bouche. Dish: Cashew cheese and beetroot tartlet with mint chutney. Wine pairing influence: Champagne Drappier Brut Nature Zero Dosage. Let the plating, garnish, table surface, and background atmosphere quietly reflect the restaurant's cuisine and setting.",artifacts/recipe_images/new_pngs/recipe-image-171-sarvottam-amuse-bouche.png,gpt-image-2,1024x1024,medium
recipe-image-172-sarvottam-appetizer,Sarvottam,Chef Ravi Desai,"Four Seasons Hotel Mumbai, India",Appetizer,Crispy chickpea flour pancakes with spiced potato filling and tamarind sauce,Crispy chickpea flour pancakes with spiced potato filling and tamarind sauce,dish_pictures/Chef_Ravi_Desai-Sarvottam-Appetizer-Crispy_chickpea_flour_pancakes_with_spiced_potato_filling_and_tamarind_sauce.webp,"Square 1024x1024 fine-dining editorial food photograph for a luxury digital tasting menu. Create a photorealistic plated dish with natural restaurant lighting, refined composition, crisp textures, appetizing color, shallow depth of field, and elegant negative space. No text, no logos, no watermarks, no hands, no utensils dominating the frame, no recipe card. Restaurant context: Sarvottam in Four Seasons Hotel Mumbai, India, led by Chef Ravi Desai. Dining room mood: Sarvottam transports guests on a gastronomic journey through the rich and diverse flavors of India, reimagining traditional dishes with a vegan, haute cuisine approach. The luxurious dining room features intricate Jaipuri block-printed textiles, handcrafted brass chandeliers, and opulent marble flooring. Floor-to-ceiling windows offer breathtaking views of the Arabian Sea, providing the perfect backdrop for a truly unforgettable dining experience. Course: Appetizer. Dish: Crispy chickpea flour pancakes with spiced potato filling and tamarind sauce. Wine pairing influence: Riesling Trimbach Cuvée Frédéric Émile 2016. Let the plating, garnish, table surface, and background atmosphere quietly reflect the restaurant's cuisine and setting.",artifacts/recipe_images/new_pngs/recipe-image-172-sarvottam-appetizer.png,gpt-image-2,1024x1024,medium
recipe-image-173-sarvottam-soup,Sarvottam,Chef Ravi Desai,"Four Seasons Hotel Mumbai, India",Soup,Creamy tomato and coconut soup with curry leaf and toasted almonds,Creamy tomato and coconut soup with curry leaf and toasted almonds,dish_pictures/Chef_Ravi_Desai-Sarvottam-Soup-Creamy_tomato_and_coconut_soup_with_curry_leaf_and_toasted_almonds.webp,"Square 1024x1024 fine-dining editorial food photograph for a luxury digital tasting menu. Create a photorealistic plated dish with natural restaurant lighting, refined composition, crisp textures, appetizing color, shallow depth of field, and elegant negative space. No text, no logos, no watermarks, no hands, no utensils dominating the frame, no recipe card. Restaurant context: Sarvottam in Four Seasons Hotel Mumbai, India, led by Chef Ravi Desai. Dining room mood: Sarvottam transports guests on a gastronomic journey through the rich and diverse flavors of India, reimagining traditional dishes with a vegan, haute cuisine approach. The luxurious dining room features intricate Jaipuri block-printed textiles, handcrafted brass chandeliers, and opulent marble flooring. Floor-to-ceiling windows offer breathtaking views of the Arabian Sea, providing the perfect backdrop for a truly unforgettable dining experience. Course: Soup. Dish: Creamy tomato and coconut soup with curry leaf and toasted almonds. Wine pairing influence: Sauvignon Blanc Cloudy Bay 2020. Let the plating, garnish, table surface, and background atmosphere quietly reflect the restaurant's cuisine and setting.",artifacts/recipe_images/new_pngs/recipe-image-173-sarvottam-soup.png,gpt-image-2,1024x1024,medium
recipe-image-174-sarvottam-main-course-1,Sarvottam,Chef Ravi Desai,"Four Seasons Hotel Mumbai, India",Main Course 1,Jackfruit biryani with saffron-infused basmati rice and caramelized onions,Jackfruit biryani with saffron-infused basmati rice and caramelized onions,dish_pictures/Chef_Ravi_Desai-Sarvottam-Main_Course_1-Jackfruit_biryani_with_saffron-infused_basmati_rice_and_caramelized_onions.webp,"Square 1024x1024 fine-dining editorial food photograph for a luxury digital tasting menu. Create a photorealistic plated dish with natural restaurant lighting, refined composition, crisp textures, appetizing color, shallow depth of field, and elegant negative space. No text, no logos, no watermarks, no hands, no utensils dominating the frame, no recipe card. Restaurant context: Sarvottam in Four Seasons Hotel Mumbai, India, led by Chef Ravi Desai. Dining room mood: Sarvottam transports guests on a gastronomic journey through the rich and diverse flavors of India, reimagining traditional dishes with a vegan, haute cuisine approach. The luxurious dining room features intricate Jaipuri block-printed textiles, handcrafted brass chandeliers, and opulent marble flooring. Floor-to-ceiling windows offer breathtaking views of the Arabian Sea, providing the perfect backdrop for a truly unforgettable dining experience. Course: Main Course 1. Dish: Jackfruit biryani with saffron-infused basmati rice and caramelized onions. Wine pairing influence: Pinot Gris Domaine Zind-Humbrecht Clos Windsbuhl 2018. Let the plating, garnish, table surface, and background atmosphere quietly reflect the restaurant's cuisine and setting.",artifacts/recipe_images/new_pngs/recipe-image-174-sarvottam-main-course-1.png,gpt-image-2,1024x1024,medium
recipe-image-175-sarvottam-main-course-2,Sarvottam,Chef Ravi Desai,"Four Seasons Hotel Mumbai, India",Main Course 2,Tandoori cauliflower steak with mint yogurt sauce and quinoa pilaf,Tandoori cauliflower steak with mint yogurt sauce and quinoa pilaf,dish_pictures/Chef_Ravi_Desai-Sarvottam-Main_Course_2-Tandoori_cauliflower_steak_with_mint_yogurt_sauce_and_quinoa_pilaf.webp,"Square 1024x1024 fine-dining editorial food photograph for a luxury digital tasting menu. Create a photorealistic plated dish with natural restaurant lighting, refined composition, crisp textures, appetizing color, shallow depth of field, and elegant negative space. No text, no logos, no watermarks, no hands, no utensils dominating the frame, no recipe card. Restaurant context: Sarvottam in Four Seasons Hotel Mumbai, India, led by Chef Ravi Desai. Dining room mood: Sarvottam transports guests on a gastronomic journey through the rich and diverse flavors of India, reimagining traditional dishes with a vegan, haute cuisine approach. The luxurious dining room features intricate Jaipuri block-printed textiles, handcrafted brass chandeliers, and opulent marble flooring. Floor-to-ceiling windows offer breathtaking views of the Arabian Sea, providing the perfect backdrop for a truly unforgettable dining experience. Course: Main Course 2. Dish: Tandoori cauliflower steak with mint yogurt sauce and quinoa pilaf. Wine pairing influence: Chardonnay Domaine Laroche Les Vaudevey 2018. Let the plating, garnish, table surface, and background atmosphere quietly reflect the restaurant's cuisine and setting.",artifacts/recipe_images/new_pngs/recipe-image-175-sarvottam-main-course-2.png,gpt-image-2,1024x1024,medium
recipe-image-176-sarvottam-salad,Sarvottam,Chef Ravi Desai,"Four Seasons Hotel Mumbai, India",Salad,Kale and roasted sweet potato salad with pomegranate seeds and tahini dressing,Kale and roasted sweet potato salad with pomegranate seeds and tahini dressing,dish_pictures/Chef_Ravi_Desai-Sarvottam-Salad-Kale_and_roasted_sweet_potato_salad_with_pomegranate_seeds_and_tahini_dressing.webp,"Square 1024x1024 fine-dining editorial food photograph for a luxury digital tasting menu. Create a photorealistic plated dish with natural restaurant lighting, refined composition, crisp textures, appetizing color, shallow depth of field, and elegant negative space. No text, no logos, no watermarks, no hands, no utensils dominating the frame, no recipe card. Restaurant context: Sarvottam in Four Seasons Hotel Mumbai, India, led by Chef Ravi Desai. Dining room mood: Sarvottam transports guests on a gastronomic journey through the rich and diverse flavors of India, reimagining traditional dishes with a vegan, haute cuisine approach. The luxurious dining room features intricate Jaipuri block-printed textiles, handcrafted brass chandeliers, and opulent marble flooring. Floor-to-ceiling windows offer breathtaking views of the Arabian Sea, providing the perfect backdrop for a truly unforgettable dining experience. Course: Salad. Dish: Kale and roasted sweet potato salad with pomegranate seeds and tahini dressing. Wine pairing influence: Rosé Domaine Tempier Bandol 2020. Let the plating, garnish, table surface, and background atmosphere quietly reflect the restaurant's cuisine and setting.",artifacts/recipe_images/new_pngs/recipe-image-176-sarvottam-salad.png,gpt-image-2,1024x1024,medium
recipe-image-177-sarvottam-dessert,Sarvottam,Chef Ravi Desai,"Four Seasons Hotel Mumbai, India",Dessert,Coconut and cardamom rice pudding with mango coulis and candied pistachios,Coconut and cardamom rice pudding with mango coulis and candied pistachios,dish_pictures/Chef_Ravi_Desai-Sarvottam-Dessert-Coconut_and_cardamom_rice_pudding_with_mango_coulis_and_candied_pistachios.webp,"Square 1024x1024 fine-dining editorial food photograph for a luxury digital tasting menu. Create a photorealistic plated dish with natural restaurant lighting, refined composition, crisp textures, appetizing color, shallow depth of field, and elegant negative space. No text, no logos, no watermarks, no hands, no utensils dominating the frame, no recipe card. Restaurant context: Sarvottam in Four Seasons Hotel Mumbai, India, led by Chef Ravi Desai. Dining room mood: Sarvottam transports guests on a gastronomic journey through the rich and diverse flavors of India, reimagining traditional dishes with a vegan, haute cuisine approach. The luxurious dining room features intricate Jaipuri block-printed textiles, handcrafted brass chandeliers, and opulent marble flooring. Floor-to-ceiling windows offer breathtaking views of the Arabian Sea, providing the perfect backdrop for a truly unforgettable dining experience. Course: Dessert. Dish: Coconut and cardamom rice pudding with mango coulis and candied pistachios. Wine pairing influence: Sauternes Château Suduiraut 2017. Let the plating, garnish, table surface, and background atmosphere quietly reflect the restaurant's cuisine and setting.",artifacts/recipe_images/new_pngs/recipe-image-177-sarvottam-dessert.png,gpt-image-2,1024x1024,medium
recipe-image-178-le-jardin-végétal-amuse-bouche,Le Jardin Végétal,Chef Amélie Dubois,"Palais Royale, Paris, France",Amuse-Bouche,Mushroom and truffle pâté with toasted brioche and microgreens,Mushroom and truffle pâté with toasted brioche and microgreens,dish_pictures/Chef_Amélie_Dubois-Le_Jardin_Végétal-Amuse-Bouche-Mushroom_and_truffle_pâté_with_toasted_brioche_and_microgreens.webp,"Square 1024x1024 fine-dining editorial food photograph for a luxury digital tasting menu. Create a photorealistic plated dish with natural restaurant lighting, refined composition, crisp textures, appetizing color, shallow depth of field, and elegant negative space. No text, no logos, no watermarks, no hands, no utensils dominating the frame, no recipe card. Restaurant context: Le Jardin Végétal in Palais Royale, Paris, France, led by Chef Amélie Dubois. Dining room mood: Nestled within the historic Palais Royale, Le Jardin Végétal offers a luxurious vegan dining experience that reinterprets classic French cuisine. The opulent dining room features ornate chandeliers, lavish silk draperies, and intricate gold accents. Floor-to-ceiling windows overlook the palace gardens, while the attentive staff ensures an unforgettable evening of gastronomic delights. Course: Amuse-Bouche. Dish: Mushroom and truffle pâté with toasted brioche and microgreens. Wine pairing influence: Champagne Ruinart Blanc de Blancs Brut. Let the plating, garnish, table surface, and background atmosphere quietly reflect the restaurant's cuisine and setting.",artifacts/recipe_images/new_pngs/recipe-image-178-le-jardin-végétal-amuse-bouche.png,gpt-image-2,1024x1024,medium
recipe-image-179-le-jardin-végétal-appetizer,Le Jardin Végétal,Chef Amélie Dubois,"Palais Royale, Paris, France",Appetizer,Heirloom tomato and vegan mozzarella salad with basil foam and aged balsamic,Heirloom tomato and vegan mozzarella salad with basil foam and aged balsamic,dish_pictures/Chef_Amélie_Dubois-Le_Jardin_Végétal-Appetizer-Heirloom_tomato_and_vegan_mozzarella_salad_with_basil_foam_and_aged_balsamic.webp,"Square 1024x1024 fine-dining editorial food photograph for a luxury digital tasting menu. Create a photorealistic plated dish with natural restaurant lighting, refined composition, crisp textures, appetizing color, shallow depth of field, and elegant negative space. No text, no logos, no watermarks, no hands, no utensils dominating the frame, no recipe card. Restaurant context: Le Jardin Végétal in Palais Royale, Paris, France, led by Chef Amélie Dubois. Dining room mood: Nestled within the historic Palais Royale, Le Jardin Végétal offers a luxurious vegan dining experience that reinterprets classic French cuisine. The opulent dining room features ornate chandeliers, lavish silk draperies, and intricate gold accents. Floor-to-ceiling windows overlook the palace gardens, while the attentive staff ensures an unforgettable evening of gastronomic delights. Course: Appetizer. Dish: Heirloom tomato and vegan mozzarella salad with basil foam and aged balsamic. Wine pairing influence: Sancerre Domaine Vacheron 2020. Let the plating, garnish, table surface, and background atmosphere quietly reflect the restaurant's cuisine and setting.",artifacts/recipe_images/new_pngs/recipe-image-179-le-jardin-végétal-appetizer.png,gpt-image-2,1024x1024,medium
recipe-image-180-le-jardin-végétal-soup,Le Jardin Végétal,Chef Amélie Dubois,"Palais Royale, Paris, France",Soup,Velouté of green asparagus with almond cream and crispy shallots,Velouté of green asparagus with almond cream and crispy shallots,dish_pictures/Chef_Amélie_Dubois-Le_Jardin_Végétal-Soup-Velouté_of_green_asparagus_with_almond_cream_and_crispy_shallots.webp,"Square 1024x1024 fine-dining editorial food photograph for a luxury digital tasting menu. Create a photorealistic plated dish with natural restaurant lighting, refined composition, crisp textures, appetizing color, shallow depth of field, and elegant negative space. No text, no logos, no watermarks, no hands, no utensils dominating the frame, no recipe card. Restaurant context: Le Jardin Végétal in Palais Royale, Paris, France, led by Chef Amélie Dubois. Dining room mood: Nestled within the historic Palais Royale, Le Jardin Végétal offers a luxurious vegan dining experience that reinterprets classic French cuisine. The opulent dining room features ornate chandeliers, lavish silk draperies, and intricate gold accents. Floor-to-ceiling windows overlook the palace gardens, while the attentive staff ensures an unforgettable evening of gastronomic delights. Course: Soup. Dish: Velouté of green asparagus with almond cream and crispy shallots. Wine pairing influence: Chardonnay Olivier Leflaive Bourgogne 2019. Let the plating, garnish, table surface, and background atmosphere quietly reflect the restaurant's cuisine and setting.",artifacts/recipe_images/new_pngs/recipe-image-180-le-jardin-végétal-soup.png,gpt-image-2,1024x1024,medium
recipe-image-181-le-jardin-végétal-main-course-1,Le Jardin Végétal,Chef Amélie Dubois,"Palais Royale, Paris, France",Main Course 1,Artichoke barigoule with saffron quinoa and olive tapenade,Artichoke barigoule with saffron quinoa and olive tapenade,dish_pictures/Chef_Amélie_Dubois-Le_Jardin_Végétal-Main_Course_1-Artichoke_barigoule_with_saffron_quinoa_and_olive_tapenade.webp,"Square 1024x1024 fine-dining editorial food photograph for a luxury digital tasting menu. Create a photorealistic plated dish with natural restaurant lighting, refined composition, crisp textures, appetizing color, shallow depth of field, and elegant negative space. No text, no logos, no watermarks, no hands, no utensils dominating the frame, no recipe card. Restaurant context: Le Jardin Végétal in Palais Royale, Paris, France, led by Chef Amélie Dubois. Dining room mood: Nestled within the historic Palais Royale, Le Jardin Végétal offers a luxurious vegan dining experience that reinterprets classic French cuisine. The opulent dining room features ornate chandeliers, lavish silk draperies, and intricate gold accents. Floor-to-ceiling windows overlook the palace gardens, while the attentive staff ensures an unforgettable evening of gastronomic delights. Course: Main Course 1. Dish: Artichoke barigoule with saffron quinoa and olive tapenade. Wine pairing influence: Meursault Les Narvaux Domaine Michelot 2018. Let the plating, garnish, table surface, and background atmosphere quietly reflect the restaurant's cuisine and setting.",artifacts/recipe_images/new_pngs/recipe-image-181-le-jardin-végétal-main-course-1.png,gpt-image-2,1024x1024,medium
recipe-image-182-le-jardin-végétal-main-course-2,Le Jardin Végétal,Chef Amélie Dubois,"Palais Royale, Paris, France",Main Course 2,"Vegan cassoulet with smoked tempeh, white beans, and fresh thyme","Vegan cassoulet with smoked tempeh, white beans, and fresh thyme","dish_pictures/Chef_Amélie_Dubois-Le_Jardin_Végétal-Main_Course_2-Vegan_cassoulet_with_smoked_tempeh,_white_beans,_and_fresh_thyme.webp","Square 1024x1024 fine-dining editorial food photograph for a luxury digital tasting menu. Create a photorealistic plated dish with natural restaurant lighting, refined composition, crisp textures, appetizing color, shallow depth of field, and elegant negative space. No text, no logos, no watermarks, no hands, no utensils dominating the frame, no recipe card. Restaurant context: Le Jardin Végétal in Palais Royale, Paris, France, led by Chef Amélie Dubois. Dining room mood: Nestled within the historic Palais Royale, Le Jardin Végétal offers a luxurious vegan dining experience that reinterprets classic French cuisine. The opulent dining room features ornate chandeliers, lavish silk draperies, and intricate gold accents. Floor-to-ceiling windows overlook the palace gardens, while the attentive staff ensures an unforgettable evening of gastronomic delights. Course: Main Course 2. Dish: Vegan cassoulet with smoked tempeh, white beans, and fresh thyme. Wine pairing influence: Pomerol Château La Pointe 2016. Let the plating, garnish, table surface, and background atmosphere quietly reflect the restaurant's cuisine and setting.",artifacts/recipe_images/new_pngs/recipe-image-182-le-jardin-végétal-main-course-2.png,gpt-image-2,1024x1024,medium
recipe-image-183-le-jardin-végétal-salad,Le Jardin Végétal,Chef Amélie Dubois,"Palais Royale, Paris, France",Salad,"Young spinach, shaved fennel, and roasted hazelnuts with champagne vinaigrette","Young spinach, shaved fennel, and roasted hazelnuts with champagne vinaigrette","dish_pictures/Chef_Amélie_Dubois-Le_Jardin_Végétal-Salad-Young_spinach,_shaved_fennel,_and_roasted_hazelnuts_with_champagne_vinaigrette.webp","Square 1024x1024 fine-dining editorial food photograph for a luxury digital tasting menu. Create a photorealistic plated dish with natural restaurant lighting, refined composition, crisp textures, appetizing color, shallow depth of field, and elegant negative space. No text, no logos, no watermarks, no hands, no utensils dominating the frame, no recipe card. Restaurant context: Le Jardin Végétal in Palais Royale, Paris, France, led by Chef Amélie Dubois. Dining room mood: Nestled within the historic Palais Royale, Le Jardin Végétal offers a luxurious vegan dining experience that reinterprets classic French cuisine. The opulent dining room features ornate chandeliers, lavish silk draperies, and intricate gold accents. Floor-to-ceiling windows overlook the palace gardens, while the attentive staff ensures an unforgettable evening of gastronomic delights. Course: Salad. Dish: Young spinach, shaved fennel, and roasted hazelnuts with champagne vinaigrette. Wine pairing influence: Chablis 1er Cru Montée de Tonnerre Domaine Servin 2019. Let the plating, garnish, table surface, and background atmosphere quietly reflect the restaurant's cuisine and setting.",artifacts/recipe_images/new_pngs/recipe-image-183-le-jardin-végétal-salad.png,gpt-image-2,1024x1024,medium
recipe-image-184-le-jardin-végétal-dessert,Le Jardin Végétal,Chef Amélie Dubois,"Palais Royale, Paris, France",Dessert,Vegan mille-feuille with raspberry compote and vanilla bean crème pâtissière,Vegan mille-feuille with raspberry compote and vanilla bean crème pâtissière,dish_pictures/Chef_Amélie_Dubois-Le_Jardin_Végétal-Dessert-Vegan_mille-feuille_with_raspberry_compote_and_vanilla_bean_crème_pâtissière.webp,"Square 1024x1024 fine-dining editorial food photograph for a luxury digital tasting menu. Create a photorealistic plated dish with natural restaurant lighting, refined composition, crisp textures, appetizing color, shallow depth of field, and elegant negative space. No text, no logos, no watermarks, no hands, no utensils dominating the frame, no recipe card. Restaurant context: Le Jardin Végétal in Palais Royale, Paris, France, led by Chef Amélie Dubois. Dining room mood: Nestled within the historic Palais Royale, Le Jardin Végétal offers a luxurious vegan dining experience that reinterprets classic French cuisine. The opulent dining room features ornate chandeliers, lavish silk draperies, and intricate gold accents. Floor-to-ceiling windows overlook the palace gardens, while the attentive staff ensures an unforgettable evening of gastronomic delights. Course: Dessert. Dish: Vegan mille-feuille with raspberry compote and vanilla bean crème pâtissière. Wine pairing influence: Sauternes Château Lafaurie-Peyraguey 2017. Let the plating, garnish, table surface, and background atmosphere quietly reflect the restaurant's cuisine and setting.",artifacts/recipe_images/new_pngs/recipe-image-184-le-jardin-végétal-dessert.png,gpt-image-2,1024x1024,medium
recipe-image-185-sushi-zenkai-appetizer,Sushi Zenkai,Chef Takashi Saito,"Tokyo, Japan",Appetizer,Seasonal vegetable and seaweed salad with yuzu dressing,Seasonal vegetable and seaweed salad with yuzu dressing,dish_pictures/Chef_Takashi_Saito-Sushi_Zenkai-Appetizer-Seasonal_vegetable_and_seaweed_salad_with_yuzu_dressing.webp,"Square 1024x1024 fine-dining editorial food photograph for a luxury digital tasting menu. Create a photorealistic plated dish with natural restaurant lighting, refined composition, crisp textures, appetizing color, shallow depth of field, and elegant negative space. No text, no logos, no watermarks, no hands, no utensils dominating the frame, no recipe card. Restaurant context: Sushi Zenkai in Tokyo, Japan, led by Chef Takashi Saito. Dining room mood: Sushi Zenkai offers an extraordinary Omakase experience, led by world-renowned Chef Takashi Saito. The intimate, minimalist dining room features a beautiful hinoki wood sushi counter, where guests can watch the masterful craftsmanship of the chef up close. The attentive staff ensures an unparalleled sushi experience that will leave guests in awe. Course: Appetizer. Dish: Seasonal vegetable and seaweed salad with yuzu dressing. Wine pairing influence: Dassai 23 Junmai Daiginjo. Let the plating, garnish, table surface, and background atmosphere quietly reflect the restaurant's cuisine and setting.",artifacts/recipe_images/new_pngs/recipe-image-185-sushi-zenkai-appetizer.png,gpt-image-2,1024x1024,medium
recipe-image-186-sushi-zenkai-sashimi,Sushi Zenkai,Chef Takashi Saito,"Tokyo, Japan",Sashimi,"Chef's selection of five types of sashimi, including toro, yellowtail, and sea urchin","Chef's selection of five types of sashimi, including toro, yellowtail, and sea urchin","dish_pictures/Chef_Takashi_Saito-Sushi_Zenkai-Sashimi-Chef's_selection_of_five_types_of_sashimi,_including_toro,_yellowtail,_and_sea_urchin.webp","Square 1024x1024 fine-dining editorial food photograph for a luxury digital tasting menu. Create a photorealistic plated dish with natural restaurant lighting, refined composition, crisp textures, appetizing color, shallow depth of field, and elegant negative space. No text, no logos, no watermarks, no hands, no utensils dominating the frame, no recipe card. Restaurant context: Sushi Zenkai in Tokyo, Japan, led by Chef Takashi Saito. Dining room mood: Sushi Zenkai offers an extraordinary Omakase experience, led by world-renowned Chef Takashi Saito. The intimate, minimalist dining room features a beautiful hinoki wood sushi counter, where guests can watch the masterful craftsmanship of the chef up close. The attentive staff ensures an unparalleled sushi experience that will leave guests in awe. Course: Sashimi. Dish: Chef's selection of five types of sashimi, including toro, yellowtail, and sea urchin. Wine pairing influence: Hakkaisan Tokubetsu Honjozo. Let the plating, garnish, table surface, and background atmosphere quietly reflect the restaurant's cuisine and setting.",artifacts/recipe_images/new_pngs/recipe-image-186-sushi-zenkai-sashimi.png,gpt-image-2,1024x1024,medium
recipe-image-187-sushi-zenkai-nigiri-1,Sushi Zenkai,Chef Takashi Saito,"Tokyo, Japan",Nigiri 1,Akami tuna nigiri with freshly grated wasabi,Akami tuna nigiri with freshly grated wasabi,dish_pictures/Chef_Takashi_Saito-Sushi_Zenkai-Nigiri_1-Akami_tuna_nigiri_with_freshly_grated_wasabi.webp,"Square 1024x1024 fine-dining editorial food photograph for a luxury digital tasting menu. Create a photorealistic plated dish with natural restaurant lighting, refined composition, crisp textures, appetizing color, shallow depth of field, and elegant negative space. No text, no logos, no watermarks, no hands, no utensils dominating the frame, no recipe card. Restaurant context: Sushi Zenkai in Tokyo, Japan, led by Chef Takashi Saito. Dining room mood: Sushi Zenkai offers an extraordinary Omakase experience, led by world-renowned Chef Takashi Saito. The intimate, minimalist dining room features a beautiful hinoki wood sushi counter, where guests can watch the masterful craftsmanship of the chef up close. The attentive staff ensures an unparalleled sushi experience that will leave guests in awe. Course: Nigiri 1. Dish: Akami tuna nigiri with freshly grated wasabi. Wine pairing influence: Kubota Senju Ginjo. Let the plating, garnish, table surface, and background atmosphere quietly reflect the restaurant's cuisine and setting.",artifacts/recipe_images/new_pngs/recipe-image-187-sushi-zenkai-nigiri-1.png,gpt-image-2,1024x1024,medium
recipe-image-188-sushi-zenkai-nigiri-2,Sushi Zenkai,Chef Takashi Saito,"Tokyo, Japan",Nigiri 2,Kohada (gizzard shad) nigiri with housemade soy glaze,Kohada (gizzard shad) nigiri with housemade soy glaze,dish_pictures/Chef_Takashi_Saito-Sushi_Zenkai-Nigiri_2-Kohada_(gizzard_shad)_nigiri_with_housemade_soy_glaze.webp,"Square 1024x1024 fine-dining editorial food photograph for a luxury digital tasting menu. Create a photorealistic plated dish with natural restaurant lighting, refined composition, crisp textures, appetizing color, shallow depth of field, and elegant negative space. No text, no logos, no watermarks, no hands, no utensils dominating the frame, no recipe card. Restaurant context: Sushi Zenkai in Tokyo, Japan, led by Chef Takashi Saito. Dining room mood: Sushi Zenkai offers an extraordinary Omakase experience, led by world-renowned Chef Takashi Saito. The intimate, minimalist dining room features a beautiful hinoki wood sushi counter, where guests can watch the masterful craftsmanship of the chef up close. The attentive staff ensures an unparalleled sushi experience that will leave guests in awe. Course: Nigiri 2. Dish: Kohada (gizzard shad) nigiri with housemade soy glaze. Wine pairing influence: Kubota Senju Ginjo. Let the plating, garnish, table surface, and background atmosphere quietly reflect the restaurant's cuisine and setting.",artifacts/recipe_images/new_pngs/recipe-image-188-sushi-zenkai-nigiri-2.png,gpt-image-2,1024x1024,medium
recipe-image-189-sushi-zenkai-nigiri-3,Sushi Zenkai,Chef Takashi Saito,"Tokyo, Japan",Nigiri 3,Botan ebi (sweet shrimp) nigiri with citrus-infused soy sauce,Botan ebi (sweet shrimp) nigiri with citrus-infused soy sauce,dish_pictures/Chef_Takashi_Saito-Sushi_Zenkai-Nigiri_3-Botan_ebi_(sweet_shrimp)_nigiri_with_citrus-infused_soy_sauce.webp,"Square 1024x1024 fine-dining editorial food photograph for a luxury digital tasting menu. Create a photorealistic plated dish with natural restaurant lighting, refined composition, crisp textures, appetizing color, shallow depth of field, and elegant negative space. No text, no logos, no watermarks, no hands, no utensils dominating the frame, no recipe card. Restaurant context: Sushi Zenkai in Tokyo, Japan, led by Chef Takashi Saito. Dining room mood: Sushi Zenkai offers an extraordinary Omakase experience, led by world-renowned Chef Takashi Saito. The intimate, minimalist dining room features a beautiful hinoki wood sushi counter, where guests can watch the masterful craftsmanship of the chef up close. The attentive staff ensures an unparalleled sushi experience that will leave guests in awe. Course: Nigiri 3. Dish: Botan ebi (sweet shrimp) nigiri with citrus-infused soy sauce. Wine pairing influence: Kubota Senju Ginjo. Let the plating, garnish, table surface, and background atmosphere quietly reflect the restaurant's cuisine and setting.",artifacts/recipe_images/new_pngs/recipe-image-189-sushi-zenkai-nigiri-3.png,gpt-image-2,1024x1024,medium
recipe-image-190-sushi-zenkai-nigiri-4,Sushi Zenkai,Chef Takashi Saito,"Tokyo, Japan",Nigiri 4,Japanese scallop nigiri with sea salt and yuzu zest,Japanese scallop nigiri with sea salt and yuzu zest,dish_pictures/Chef_Takashi_Saito-Sushi_Zenkai-Nigiri_4-Japanese_scallop_nigiri_with_sea_salt_and_yuzu_zest.webp,"Square 1024x1024 fine-dining editorial food photograph for a luxury digital tasting menu. Create a photorealistic plated dish with natural restaurant lighting, refined composition, crisp textures, appetizing color, shallow depth of field, and elegant negative space. No text, no logos, no watermarks, no hands, no utensils dominating the frame, no recipe card. Restaurant context: Sushi Zenkai in Tokyo, Japan, led by Chef Takashi Saito. Dining room mood: Sushi Zenkai offers an extraordinary Omakase experience, led by world-renowned Chef Takashi Saito. The intimate, minimalist dining room features a beautiful hinoki wood sushi counter, where guests can watch the masterful craftsmanship of the chef up close. The attentive staff ensures an unparalleled sushi experience that will leave guests in awe. Course: Nigiri 4. Dish: Japanese scallop nigiri with sea salt and yuzu zest. Wine pairing influence: Kubota Senju Ginjo. Let the plating, garnish, table surface, and background atmosphere quietly reflect the restaurant's cuisine and setting.",artifacts/recipe_images/new_pngs/recipe-image-190-sushi-zenkai-nigiri-4.png,gpt-image-2,1024x1024,medium
recipe-image-191-sushi-zenkai-nigiri-5,Sushi Zenkai,Chef Takashi Saito,"Tokyo, Japan",Nigiri 5,A5 Wagyu beef nigiri with truffle shavings and black garlic sauce,A5 Wagyu beef nigiri with truffle shavings and black garlic sauce,dish_pictures/Chef_Takashi_Saito-Sushi_Zenkai-Nigiri_5-A5_Wagyu_beef_nigiri_with_truffle_shavings_and_black_garlic_sauce.webp,"Square 1024x1024 fine-dining editorial food photograph for a luxury digital tasting menu. Create a photorealistic plated dish with natural restaurant lighting, refined composition, crisp textures, appetizing color, shallow depth of field, and elegant negative space. No text, no logos, no watermarks, no hands, no utensils dominating the frame, no recipe card. Restaurant context: Sushi Zenkai in Tokyo, Japan, led by Chef Takashi Saito. Dining room mood: Sushi Zenkai offers an extraordinary Omakase experience, led by world-renowned Chef Takashi Saito. The intimate, minimalist dining room features a beautiful hinoki wood sushi counter, where guests can watch the masterful craftsmanship of the chef up close. The attentive staff ensures an unparalleled sushi experience that will leave guests in awe. Course: Nigiri 5. Dish: A5 Wagyu beef nigiri with truffle shavings and black garlic sauce. Wine pairing influence: Kubota Senju Ginjo. Let the plating, garnish, table surface, and background atmosphere quietly reflect the restaurant's cuisine and setting.",artifacts/recipe_images/new_pngs/recipe-image-191-sushi-zenkai-nigiri-5.png,gpt-image-2,1024x1024,medium
recipe-image-192-sushi-zenkai-temaki,Sushi Zenkai,Chef Takashi Saito,"Tokyo, Japan",Temaki,Ikura (salmon roe) temaki with shiso leaf and crispy nori,Ikura (salmon roe) temaki with shiso leaf and crispy nori,dish_pictures/Chef_Takashi_Saito-Sushi_Zenkai-Temaki-Ikura_(salmon_roe)_temaki_with_shiso_leaf_and_crispy_nori.webp,"Square 1024x1024 fine-dining editorial food photograph for a luxury digital tasting menu. Create a photorealistic plated dish with natural restaurant lighting, refined composition, crisp textures, appetizing color, shallow depth of field, and elegant negative space. No text, no logos, no watermarks, no hands, no utensils dominating the frame, no recipe card. Restaurant context: Sushi Zenkai in Tokyo, Japan, led by Chef Takashi Saito. Dining room mood: Sushi Zenkai offers an extraordinary Omakase experience, led by world-renowned Chef Takashi Saito. The intimate, minimalist dining room features a beautiful hinoki wood sushi counter, where guests can watch the masterful craftsmanship of the chef up close. The attentive staff ensures an unparalleled sushi experience that will leave guests in awe. Course: Temaki. Dish: Ikura (salmon roe) temaki with shiso leaf and crispy nori. Wine pairing influence: Dewazakura Oka Ginjo. Let the plating, garnish, table surface, and background atmosphere quietly reflect the restaurant's cuisine and setting.",artifacts/recipe_images/new_pngs/recipe-image-192-sushi-zenkai-temaki.png,gpt-image-2,1024x1024,medium
recipe-image-193-sushi-zenkai-maki,Sushi Zenkai,Chef Takashi Saito,"Tokyo, Japan",Maki,"Futomaki with kanpyo, tamago, and pickled vegetables","Futomaki with kanpyo, tamago, and pickled vegetables","dish_pictures/Chef_Takashi_Saito-Sushi_Zenkai-Maki-Futomaki_with_kanpyo,_tamago,_and_pickled_vegetables.webp","Square 1024x1024 fine-dining editorial food photograph for a luxury digital tasting menu. Create a photorealistic plated dish with natural restaurant lighting, refined composition, crisp textures, appetizing color, shallow depth of field, and elegant negative space. No text, no logos, no watermarks, no hands, no utensils dominating the frame, no recipe card. Restaurant context: Sushi Zenkai in Tokyo, Japan, led by Chef Takashi Saito. Dining room mood: Sushi Zenkai offers an extraordinary Omakase experience, led by world-renowned Chef Takashi Saito. The intimate, minimalist dining room features a beautiful hinoki wood sushi counter, where guests can watch the masterful craftsmanship of the chef up close. The attentive staff ensures an unparalleled sushi experience that will leave guests in awe. Course: Maki. Dish: Futomaki with kanpyo, tamago, and pickled vegetables. Wine pairing influence: Dewazakura Oka Ginjo. Let the plating, garnish, table surface, and background atmosphere quietly reflect the restaurant's cuisine and setting.",artifacts/recipe_images/new_pngs/recipe-image-193-sushi-zenkai-maki.png,gpt-image-2,1024x1024,medium
recipe-image-194-sushi-zenkai-dessert,Sushi Zenkai,Chef Takashi Saito,"Tokyo, Japan",Dessert,Yuzu sorbet with fresh seasonal fruit and matcha dust,Yuzu sorbet with fresh seasonal fruit and matcha dust,dish_pictures/Chef_Takashi_Saito-Sushi_Zenkai-Dessert-Yuzu_sorbet_with_fresh_seasonal_fruit_and_matcha_dust.webp,"Square 1024x1024 fine-dining editorial food photograph for a luxury digital tasting menu. Create a photorealistic plated dish with natural restaurant lighting, refined composition, crisp textures, appetizing color, shallow depth of field, and elegant negative space. No text, no logos, no watermarks, no hands, no utensils dominating the frame, no recipe card. Restaurant context: Sushi Zenkai in Tokyo, Japan, led by Chef Takashi Saito. Dining room mood: Sushi Zenkai offers an extraordinary Omakase experience, led by world-renowned Chef Takashi Saito. The intimate, minimalist dining room features a beautiful hinoki wood sushi counter, where guests can watch the masterful craftsmanship of the chef up close. The attentive staff ensures an unparalleled sushi experience that will leave guests in awe. Course: Dessert. Dish: Yuzu sorbet with fresh seasonal fruit and matcha dust. Wine pairing influence: Hakushika Hanaomoi Junmai Ginjo. Let the plating, garnish, table surface, and background atmosphere quietly reflect the restaurant's cuisine and setting.",artifacts/recipe_images/new_pngs/recipe-image-194-sushi-zenkai-dessert.png,gpt-image-2,1024x1024,medium
recipe-image-195-alpine-heights-amuse-bouche,Alpine Heights,Chef Lukas Baumgartner,"Four Seasons Mountain Retreat, Swiss Alps",Amuse-Bouche,Mini raclette toast with cornichon and pearl onion,Mini raclette toast with cornichon and pearl onion,dish_pictures/Chef_Lukas_Baumgartner-Alpine_Heights-Amuse-Bouche-Mini_raclette_toast_with_cornichon_and_pearl_onion.webp,"Square 1024x1024 fine-dining editorial food photograph for a luxury digital tasting menu. Create a photorealistic plated dish with natural restaurant lighting, refined composition, crisp textures, appetizing color, shallow depth of field, and elegant negative space. No text, no logos, no watermarks, no hands, no utensils dominating the frame, no recipe card. Restaurant context: Alpine Heights in Four Seasons Mountain Retreat, Swiss Alps, led by Chef Lukas Baumgartner. Dining room mood: Perched atop the Swiss Alps, Alpine Heights offers a breathtaking dining experience with panoramic views of snow-capped peaks and pristine valleys. The cozy and intimate dining room features rustic timber beams, a roaring fireplace, and plush velvet seating. The exquisite menu showcases the best of Swiss cuisine, elevated by modern techniques and seasonal, locally sourced ingredients. Course: Amuse-Bouche. Dish: Mini raclette toast with cornichon and pearl onion. Wine pairing influence: Champagne Ruinart Blanc de Blancs Brut. Let the plating, garnish, table surface, and background atmosphere quietly reflect the restaurant's cuisine and setting.",artifacts/recipe_images/new_pngs/recipe-image-195-alpine-heights-amuse-bouche.png,gpt-image-2,1024x1024,medium
recipe-image-196-alpine-heights-appetizer,Alpine Heights,Chef Lukas Baumgartner,"Four Seasons Mountain Retreat, Swiss Alps",Appetizer,Swiss chard and gruyère tart with a walnut crust,Swiss chard and gruyère tart with a walnut crust,dish_pictures/Chef_Lukas_Baumgartner-Alpine_Heights-Appetizer-Swiss_chard_and_gruyère_tart_with_a_walnut_crust.webp,"Square 1024x1024 fine-dining editorial food photograph for a luxury digital tasting menu. Create a photorealistic plated dish with natural restaurant lighting, refined composition, crisp textures, appetizing color, shallow depth of field, and elegant negative space. No text, no logos, no watermarks, no hands, no utensils dominating the frame, no recipe card. Restaurant context: Alpine Heights in Four Seasons Mountain Retreat, Swiss Alps, led by Chef Lukas Baumgartner. Dining room mood: Perched atop the Swiss Alps, Alpine Heights offers a breathtaking dining experience with panoramic views of snow-capped peaks and pristine valleys. The cozy and intimate dining room features rustic timber beams, a roaring fireplace, and plush velvet seating. The exquisite menu showcases the best of Swiss cuisine, elevated by modern techniques and seasonal, locally sourced ingredients. Course: Appetizer. Dish: Swiss chard and gruyère tart with a walnut crust. Wine pairing influence: Fendant Clos de la Morge Domaine Rouvinez 2019. Let the plating, garnish, table surface, and background atmosphere quietly reflect the restaurant's cuisine and setting.",artifacts/recipe_images/new_pngs/recipe-image-196-alpine-heights-appetizer.png,gpt-image-2,1024x1024,medium
recipe-image-197-alpine-heights-soup,Alpine Heights,Chef Lukas Baumgartner,"Four Seasons Mountain Retreat, Swiss Alps",Soup,Creamy leek and potato soup with crispy rösti croutons,Creamy leek and potato soup with crispy rösti croutons,dish_pictures/Chef_Lukas_Baumgartner-Alpine_Heights-Soup-Creamy_leek_and_potato_soup_with_crispy_rösti_croutons.webp,"Square 1024x1024 fine-dining editorial food photograph for a luxury digital tasting menu. Create a photorealistic plated dish with natural restaurant lighting, refined composition, crisp textures, appetizing color, shallow depth of field, and elegant negative space. No text, no logos, no watermarks, no hands, no utensils dominating the frame, no recipe card. Restaurant context: Alpine Heights in Four Seasons Mountain Retreat, Swiss Alps, led by Chef Lukas Baumgartner. Dining room mood: Perched atop the Swiss Alps, Alpine Heights offers a breathtaking dining experience with panoramic views of snow-capped peaks and pristine valleys. The cozy and intimate dining room features rustic timber beams, a roaring fireplace, and plush velvet seating. The exquisite menu showcases the best of Swiss cuisine, elevated by modern techniques and seasonal, locally sourced ingredients. Course: Soup. Dish: Creamy leek and potato soup with crispy rösti croutons. Wine pairing influence: Sauvignon Blanc Domaine Jean-René Germanier 2020. Let the plating, garnish, table surface, and background atmosphere quietly reflect the restaurant's cuisine and setting.",artifacts/recipe_images/new_pngs/recipe-image-197-alpine-heights-soup.png,gpt-image-2,1024x1024,medium
recipe-image-198-alpine-heights-fish,Alpine Heights,Chef Lukas Baumgartner,"Four Seasons Mountain Retreat, Swiss Alps",Fish,"Arctic char with brown butter, capers, and roasted root vegetables","Arctic char with brown butter, capers, and roasted root vegetables","dish_pictures/Chef_Lukas_Baumgartner-Alpine_Heights-Fish-Arctic_char_with_brown_butter,_capers,_and_roasted_root_vegetables.webp","Square 1024x1024 fine-dining editorial food photograph for a luxury digital tasting menu. Create a photorealistic plated dish with natural restaurant lighting, refined composition, crisp textures, appetizing color, shallow depth of field, and elegant negative space. No text, no logos, no watermarks, no hands, no utensils dominating the frame, no recipe card. Restaurant context: Alpine Heights in Four Seasons Mountain Retreat, Swiss Alps, led by Chef Lukas Baumgartner. Dining room mood: Perched atop the Swiss Alps, Alpine Heights offers a breathtaking dining experience with panoramic views of snow-capped peaks and pristine valleys. The cozy and intimate dining room features rustic timber beams, a roaring fireplace, and plush velvet seating. The exquisite menu showcases the best of Swiss cuisine, elevated by modern techniques and seasonal, locally sourced ingredients. Course: Fish. Dish: Arctic char with brown butter, capers, and roasted root vegetables. Wine pairing influence: Chasselas Domaine de Autecour 2018. Let the plating, garnish, table surface, and background atmosphere quietly reflect the restaurant's cuisine and setting.",artifacts/recipe_images/new_pngs/recipe-image-198-alpine-heights-fish.png,gpt-image-2,1024x1024,medium
recipe-image-199-alpine-heights-meat,Alpine Heights,Chef Lukas Baumgartner,"Four Seasons Mountain Retreat, Swiss Alps",Meat,Slow-braised venison in red wine sauce with spätzle and braised red cabbage,Slow-braised venison in red wine sauce with spätzle and braised red cabbage,dish_pictures/Chef_Lukas_Baumgartner-Alpine_Heights-Meat-Slow-braised_venison_in_red_wine_sauce_with_spätzle_and_braised_red_cabbage.webp,"Square 1024x1024 fine-dining editorial food photograph for a luxury digital tasting menu. Create a photorealistic plated dish with natural restaurant lighting, refined composition, crisp textures, appetizing color, shallow depth of field, and elegant negative space. No text, no logos, no watermarks, no hands, no utensils dominating the frame, no recipe card. Restaurant context: Alpine Heights in Four Seasons Mountain Retreat, Swiss Alps, led by Chef Lukas Baumgartner. Dining room mood: Perched atop the Swiss Alps, Alpine Heights offers a breathtaking dining experience with panoramic views of snow-capped peaks and pristine valleys. The cozy and intimate dining room features rustic timber beams, a roaring fireplace, and plush velvet seating. The exquisite menu showcases the best of Swiss cuisine, elevated by modern techniques and seasonal, locally sourced ingredients. Course: Meat. Dish: Slow-braised venison in red wine sauce with spätzle and braised red cabbage. Wine pairing influence: Pinot Noir Domaine Jean-René Germanier Cayas 2017. Let the plating, garnish, table surface, and background atmosphere quietly reflect the restaurant's cuisine and setting.",artifacts/recipe_images/new_pngs/recipe-image-199-alpine-heights-meat.png,gpt-image-2,1024x1024,medium
recipe-image-200-alpine-heights-cheese,Alpine Heights,Chef Lukas Baumgartner,"Four Seasons Mountain Retreat, Swiss Alps",Cheese,Selection of Swiss cheeses with fruit compote and artisanal bread,Selection of Swiss cheeses with fruit compote and artisanal bread,dish_pictures/Chef_Lukas_Baumgartner-Alpine_Heights-Cheese-Selection_of_Swiss_cheeses_with_fruit_compote_and_artisanal_bread.webp,"Square 1024x1024 fine-dining editorial food photograph for a luxury digital tasting menu. Create a photorealistic plated dish with natural restaurant lighting, refined composition, crisp textures, appetizing color, shallow depth of field, and elegant negative space. No text, no logos, no watermarks, no hands, no utensils dominating the frame, no recipe card. Restaurant context: Alpine Heights in Four Seasons Mountain Retreat, Swiss Alps, led by Chef Lukas Baumgartner. Dining room mood: Perched atop the Swiss Alps, Alpine Heights offers a breathtaking dining experience with panoramic views of snow-capped peaks and pristine valleys. The cozy and intimate dining room features rustic timber beams, a roaring fireplace, and plush velvet seating. The exquisite menu showcases the best of Swiss cuisine, elevated by modern techniques and seasonal, locally sourced ingredients. Course: Cheese. Dish: Selection of Swiss cheeses with fruit compote and artisanal bread. Wine pairing influence: Humagne Rouge Domaine de Beudon 2018. Let the plating, garnish, table surface, and background atmosphere quietly reflect the restaurant's cuisine and setting.",artifacts/recipe_images/new_pngs/recipe-image-200-alpine-heights-cheese.png,gpt-image-2,1024x1024,medium
recipe-image-201-alpine-heights-dessert,Alpine Heights,Chef Lukas Baumgartner,"Four Seasons Mountain Retreat, Swiss Alps",Dessert,Dark chocolate fondue with fresh fruits and homemade marshmallows,Dark chocolate fondue with fresh fruits and homemade marshmallows,dish_pictures/Chef_Lukas_Baumgartner-Alpine_Heights-Dessert-Dark_chocolate_fondue_with_fresh_fruits_and_homemade_marshmallows.webp,"Square 1024x1024 fine-dining editorial food photograph for a luxury digital tasting menu. Create a photorealistic plated dish with natural restaurant lighting, refined composition, crisp textures, appetizing color, shallow depth of field, and elegant negative space. No text, no logos, no watermarks, no hands, no utensils dominating the frame, no recipe card. Restaurant context: Alpine Heights in Four Seasons Mountain Retreat, Swiss Alps, led by Chef Lukas Baumgartner. Dining room mood: Perched atop the Swiss Alps, Alpine Heights offers a breathtaking dining experience with panoramic views of snow-capped peaks and pristine valleys. The cozy and intimate dining room features rustic timber beams, a roaring fireplace, and plush velvet seating. The exquisite menu showcases the best of Swiss cuisine, elevated by modern techniques and seasonal, locally sourced ingredients. Course: Dessert. Dish: Dark chocolate fondue with fresh fruits and homemade marshmallows. Wine pairing influence: Eiswein Domaine des Muses 2017. Let the plating, garnish, table surface, and background atmosphere quietly reflect the restaurant's cuisine and setting.",artifacts/recipe_images/new_pngs/recipe-image-201-alpine-heights-dessert.png,gpt-image-2,1024x1024,medium
recipe-image-202-galactic-delights-amuse-bouche,Galactic Delights,Chef Zilgax-5,"Four Seasons Hotel, New New York, Futurama",Amuse-Bouche,Spherified root beer float with molecularly-stabilized whipped cream,Spherified root beer float with molecularly-stabilized whipped cream,dish_pictures/Chef_Zilgax-5-Galactic_Delights-Amuse-Bouche-Spherified_root_beer_float_with_molecularly-stabilized_whipped_cream.webp,"Square 1024x1024 fine-dining editorial food photograph for a luxury digital tasting menu. Create a photorealistic plated dish with natural restaurant lighting, refined composition, crisp textures, appetizing color, shallow depth of field, and elegant negative space. No text, no logos, no watermarks, no hands, no utensils dominating the frame, no recipe card. Restaurant context: Galactic Delights in Four Seasons Hotel, New New York, Futurama, led by Chef Zilgax-5. Dining room mood: Galactic Delights offers an out-of-this-world dining experience, set in the heart of New New York's Futurama. The sleek and modern dining room boasts panoramic views of the city's futuristic skyline, with hovering vehicles and interstellar traffic visible through the floor-to-ceiling windows. The menu showcases innovative fusion dishes, utilizing exotic ingredients sourced from across the universe, prepared with cutting-edge techniques that blur the line between science and culinary art. Course: Amuse-Bouche. Dish: Spherified root beer float with molecularly-stabilized whipped cream. Wine pairing influence: Gamma-7 Sparkling Nebula Wine. Let the plating, garnish, table surface, and background atmosphere quietly reflect the restaurant's cuisine and setting.",artifacts/recipe_images/new_pngs/recipe-image-202-galactic-delights-amuse-bouche.png,gpt-image-2,1024x1024,medium
recipe-image-203-galactic-delights-appetizer,Galactic Delights,Chef Zilgax-5,"Four Seasons Hotel, New New York, Futurama",Appetizer,Microgravity-grown salad with asteroidal vinaigrette and solar-dried tomatoes,Microgravity-grown salad with asteroidal vinaigrette and solar-dried tomatoes,dish_pictures/Chef_Zilgax-5-Galactic_Delights-Appetizer-Microgravity-grown_salad_with_asteroidal_vinaigrette_and_solar-dried_tomatoes.webp,"Square 1024x1024 fine-dining editorial food photograph for a luxury digital tasting menu. Create a photorealistic plated dish with natural restaurant lighting, refined composition, crisp textures, appetizing color, shallow depth of field, and elegant negative space. No text, no logos, no watermarks, no hands, no utensils dominating the frame, no recipe card. Restaurant context: Galactic Delights in Four Seasons Hotel, New New York, Futurama, led by Chef Zilgax-5. Dining room mood: Galactic Delights offers an out-of-this-world dining experience, set in the heart of New New York's Futurama. The sleek and modern dining room boasts panoramic views of the city's futuristic skyline, with hovering vehicles and interstellar traffic visible through the floor-to-ceiling windows. The menu showcases innovative fusion dishes, utilizing exotic ingredients sourced from across the universe, prepared with cutting-edge techniques that blur the line between science and culinary art. Course: Appetizer. Dish: Microgravity-grown salad with asteroidal vinaigrette and solar-dried tomatoes. Wine pairing influence: Proxima Centauri Chardonnay 2998. Let the plating, garnish, table surface, and background atmosphere quietly reflect the restaurant's cuisine and setting.",artifacts/recipe_images/new_pngs/recipe-image-203-galactic-delights-appetizer.png,gpt-image-2,1024x1024,medium
recipe-image-204-galactic-delights-soup,Galactic Delights,Chef Zilgax-5,"Four Seasons Hotel, New New York, Futurama",Soup,Cream of Martian potato soup with levitating croutons,Cream of Martian potato soup with levitating croutons,dish_pictures/Chef_Zilgax-5-Galactic_Delights-Soup-Cream_of_Martian_potato_soup_with_levitating_croutons.webp,"Square 1024x1024 fine-dining editorial food photograph for a luxury digital tasting menu. Create a photorealistic plated dish with natural restaurant lighting, refined composition, crisp textures, appetizing color, shallow depth of field, and elegant negative space. No text, no logos, no watermarks, no hands, no utensils dominating the frame, no recipe card. Restaurant context: Galactic Delights in Four Seasons Hotel, New New York, Futurama, led by Chef Zilgax-5. Dining room mood: Galactic Delights offers an out-of-this-world dining experience, set in the heart of New New York's Futurama. The sleek and modern dining room boasts panoramic views of the city's futuristic skyline, with hovering vehicles and interstellar traffic visible through the floor-to-ceiling windows. The menu showcases innovative fusion dishes, utilizing exotic ingredients sourced from across the universe, prepared with cutting-edge techniques that blur the line between science and culinary art. Course: Soup. Dish: Cream of Martian potato soup with levitating croutons. Wine pairing influence: Algol Binary Star Sauvignon Blanc 2999. Let the plating, garnish, table surface, and background atmosphere quietly reflect the restaurant's cuisine and setting.",artifacts/recipe_images/new_pngs/recipe-image-204-galactic-delights-soup.png,gpt-image-2,1024x1024,medium
recipe-image-205-galactic-delights-fish,Galactic Delights,Chef Zilgax-5,"Four Seasons Hotel, New New York, Futurama",Fish,Pan-seared Venusian mackerel with lunar seaweed and comet dust,Pan-seared Venusian mackerel with lunar seaweed and comet dust,dish_pictures/Chef_Zilgax-5-Galactic_Delights-Fish-Pan-seared_Venusian_mackerel_with_lunar_seaweed_and_comet_dust.webp,"Square 1024x1024 fine-dining editorial food photograph for a luxury digital tasting menu. Create a photorealistic plated dish with natural restaurant lighting, refined composition, crisp textures, appetizing color, shallow depth of field, and elegant negative space. No text, no logos, no watermarks, no hands, no utensils dominating the frame, no recipe card. Restaurant context: Galactic Delights in Four Seasons Hotel, New New York, Futurama, led by Chef Zilgax-5. Dining room mood: Galactic Delights offers an out-of-this-world dining experience, set in the heart of New New York's Futurama. The sleek and modern dining room boasts panoramic views of the city's futuristic skyline, with hovering vehicles and interstellar traffic visible through the floor-to-ceiling windows. The menu showcases innovative fusion dishes, utilizing exotic ingredients sourced from across the universe, prepared with cutting-edge techniques that blur the line between science and culinary art. Course: Fish. Dish: Pan-seared Venusian mackerel with lunar seaweed and comet dust. Wine pairing influence: Betelgeuse Supernova Riesling 2997. Let the plating, garnish, table surface, and background atmosphere quietly reflect the restaurant's cuisine and setting.",artifacts/recipe_images/new_pngs/recipe-image-205-galactic-delights-fish.png,gpt-image-2,1024x1024,medium
recipe-image-206-galactic-delights-meat,Galactic Delights,Chef Zilgax-5,"Four Seasons Hotel, New New York, Futurama",Meat,Roasted Plutonian quail with Andromeda asparagus and wormhole truffle sauce,Roasted Plutonian quail with Andromeda asparagus and wormhole truffle sauce,dish_pictures/Chef_Zilgax-5-Galactic_Delights-Meat-Roasted_Plutonian_quail_with_Andromeda_asparagus_and_wormhole_truffle_sauce.webp,"Square 1024x1024 fine-dining editorial food photograph for a luxury digital tasting menu. Create a photorealistic plated dish with natural restaurant lighting, refined composition, crisp textures, appetizing color, shallow depth of field, and elegant negative space. No text, no logos, no watermarks, no hands, no utensils dominating the frame, no recipe card. Restaurant context: Galactic Delights in Four Seasons Hotel, New New York, Futurama, led by Chef Zilgax-5. Dining room mood: Galactic Delights offers an out-of-this-world dining experience, set in the heart of New New York's Futurama. The sleek and modern dining room boasts panoramic views of the city's futuristic skyline, with hovering vehicles and interstellar traffic visible through the floor-to-ceiling windows. The menu showcases innovative fusion dishes, utilizing exotic ingredients sourced from across the universe, prepared with cutting-edge techniques that blur the line between science and culinary art. Course: Meat. Dish: Roasted Plutonian quail with Andromeda asparagus and wormhole truffle sauce. Wine pairing influence: Kepler-186f Pinot Noir 2996. Let the plating, garnish, table surface, and background atmosphere quietly reflect the restaurant's cuisine and setting.",artifacts/recipe_images/new_pngs/recipe-image-206-galactic-delights-meat.png,gpt-image-2,1024x1024,medium
recipe-image-207-galactic-delights-cheese,Galactic Delights,Chef Zilgax-5,"Four Seasons Hotel, New New York, Futurama",Cheese,Selection of artisanal cheeses from the Milky Way with stardust crackers,Selection of artisanal cheeses from the Milky Way with stardust crackers,dish_pictures/Chef_Zilgax-5-Galactic_Delights-Cheese-Selection_of_artisanal_cheeses_from_the_Milky_Way_with_stardust_crackers.webp,"Square 1024x1024 fine-dining editorial food photograph for a luxury digital tasting menu. Create a photorealistic plated dish with natural restaurant lighting, refined composition, crisp textures, appetizing color, shallow depth of field, and elegant negative space. No text, no logos, no watermarks, no hands, no utensils dominating the frame, no recipe card. Restaurant context: Galactic Delights in Four Seasons Hotel, New New York, Futurama, led by Chef Zilgax-5. Dining room mood: Galactic Delights offers an out-of-this-world dining experience, set in the heart of New New York's Futurama. The sleek and modern dining room boasts panoramic views of the city's futuristic skyline, with hovering vehicles and interstellar traffic visible through the floor-to-ceiling windows. The menu showcases innovative fusion dishes, utilizing exotic ingredients sourced from across the universe, prepared with cutting-edge techniques that blur the line between science and culinary art. Course: Cheese. Dish: Selection of artisanal cheeses from the Milky Way with stardust crackers. Wine pairing influence: Gliese 581g Merlot 2995. Let the plating, garnish, table surface, and background atmosphere quietly reflect the restaurant's cuisine and setting.",artifacts/recipe_images/new_pngs/recipe-image-207-galactic-delights-cheese.png,gpt-image-2,1024x1024,medium
recipe-image-208-galactic-delights-dessert,Galactic Delights,Chef Zilgax-5,"Four Seasons Hotel, New New York, Futurama",Dessert,Dark matter chocolate mousse with freeze-dried raspberry coulis and supernova sugar,Dark matter chocolate mousse with freeze-dried raspberry coulis and supernova sugar,dish_pictures/Chef_Zilgax-5-Galactic_Delights-Dessert-Dark_matter_chocolate_mousse_with_freeze-dried_raspberry_coulis_and_supernova_sugar.webp,"Square 1024x1024 fine-dining editorial food photograph for a luxury digital tasting menu. Create a photorealistic plated dish with natural restaurant lighting, refined composition, crisp textures, appetizing color, shallow depth of field, and elegant negative space. No text, no logos, no watermarks, no hands, no utensils dominating the frame, no recipe card. Restaurant context: Galactic Delights in Four Seasons Hotel, New New York, Futurama, led by Chef Zilgax-5. Dining room mood: Galactic Delights offers an out-of-this-world dining experience, set in the heart of New New York's Futurama. The sleek and modern dining room boasts panoramic views of the city's futuristic skyline, with hovering vehicles and interstellar traffic visible through the floor-to-ceiling windows. The menu showcases innovative fusion dishes, utilizing exotic ingredients sourced from across the universe, prepared with cutting-edge techniques that blur the line between science and culinary art. Course: Dessert. Dish: Dark matter chocolate mousse with freeze-dried raspberry coulis and supernova sugar. Wine pairing influence: Sirius Star System Ice Wine 2994. Let the plating, garnish, table surface, and background atmosphere quietly reflect the restaurant's cuisine and setting.",artifacts/recipe_images/new_pngs/recipe-image-208-galactic-delights-dessert.png,gpt-image-2,1024x1024,medium
recipe-image-209-le-festin-opulent-amuse-bouche,Le Festin Opulent,Chef Antoine Dubois,"Four Seasons Casino, South of France",Amuse-Bouche,24-karat gold leaf foie gras torchon with black truffle shavings,24-karat gold leaf foie gras torchon with black truffle shavings,dish_pictures/Chef_Antoine_Dubois-Le_Festin_Opulent-Amuse-Bouche-24-karat_gold_leaf_foie_gras_torchon_with_black_truffle_shavings.webp,"Square 1024x1024 fine-dining editorial food photograph for a luxury digital tasting menu. Create a photorealistic plated dish with natural restaurant lighting, refined composition, crisp textures, appetizing color, shallow depth of field, and elegant negative space. No text, no logos, no watermarks, no hands, no utensils dominating the frame, no recipe card. Restaurant context: Le Festin Opulent in Four Seasons Casino, South of France, led by Chef Antoine Dubois. Dining room mood: Le Festin Opulent offers a dining experience fit for royalty in the heart of the South of France's most glamorous casino. The elegant dining room is adorned with gold accents, shimmering chandeliers, and opulent silk drapery. The expansive floor-to-ceiling windows offer breathtaking views of the Mediterranean coastline, while the indulgent menu showcases the most exquisite and luxurious ingredients, masterfully crafted into a truly decadent feast. Course: Amuse-Bouche. Dish: 24-karat gold leaf foie gras torchon with black truffle shavings. Wine pairing influence: Dom Pérignon Vintage 2015. Let the plating, garnish, table surface, and background atmosphere quietly reflect the restaurant's cuisine and setting.",artifacts/recipe_images/new_pngs/recipe-image-209-le-festin-opulent-amuse-bouche.png,gpt-image-2,1024x1024,medium
recipe-image-210-le-festin-opulent-appetizer,Le Festin Opulent,Chef Antoine Dubois,"Four Seasons Casino, South of France",Appetizer,Caviar-topped oysters with champagne sabayon and edible pearls,Caviar-topped oysters with champagne sabayon and edible pearls,dish_pictures/Chef_Antoine_Dubois-Le_Festin_Opulent-Appetizer-Caviar-topped_oysters_with_champagne_sabayon_and_edible_pearls.webp,"Square 1024x1024 fine-dining editorial food photograph for a luxury digital tasting menu. Create a photorealistic plated dish with natural restaurant lighting, refined composition, crisp textures, appetizing color, shallow depth of field, and elegant negative space. No text, no logos, no watermarks, no hands, no utensils dominating the frame, no recipe card. Restaurant context: Le Festin Opulent in Four Seasons Casino, South of France, led by Chef Antoine Dubois. Dining room mood: Le Festin Opulent offers a dining experience fit for royalty in the heart of the South of France's most glamorous casino. The elegant dining room is adorned with gold accents, shimmering chandeliers, and opulent silk drapery. The expansive floor-to-ceiling windows offer breathtaking views of the Mediterranean coastline, while the indulgent menu showcases the most exquisite and luxurious ingredients, masterfully crafted into a truly decadent feast. Course: Appetizer. Dish: Caviar-topped oysters with champagne sabayon and edible pearls. Wine pairing influence: Krug Clos du Mesnil Blanc de Blancs 2013. Let the plating, garnish, table surface, and background atmosphere quietly reflect the restaurant's cuisine and setting.",artifacts/recipe_images/new_pngs/recipe-image-210-le-festin-opulent-appetizer.png,gpt-image-2,1024x1024,medium
recipe-image-211-le-festin-opulent-soup,Le Festin Opulent,Chef Antoine Dubois,"Four Seasons Casino, South of France",Soup,Lobster bisque with cognac and saffron cream,Lobster bisque with cognac and saffron cream,dish_pictures/Chef_Antoine_Dubois-Le_Festin_Opulent-Soup-Lobster_bisque_with_cognac_and_saffron_cream.webp,"Square 1024x1024 fine-dining editorial food photograph for a luxury digital tasting menu. Create a photorealistic plated dish with natural restaurant lighting, refined composition, crisp textures, appetizing color, shallow depth of field, and elegant negative space. No text, no logos, no watermarks, no hands, no utensils dominating the frame, no recipe card. Restaurant context: Le Festin Opulent in Four Seasons Casino, South of France, led by Chef Antoine Dubois. Dining room mood: Le Festin Opulent offers a dining experience fit for royalty in the heart of the South of France's most glamorous casino. The elegant dining room is adorned with gold accents, shimmering chandeliers, and opulent silk drapery. The expansive floor-to-ceiling windows offer breathtaking views of the Mediterranean coastline, while the indulgent menu showcases the most exquisite and luxurious ingredients, masterfully crafted into a truly decadent feast. Course: Soup. Dish: Lobster bisque with cognac and saffron cream. Wine pairing influence: Château d'Yquem Sauternes 2018. Let the plating, garnish, table surface, and background atmosphere quietly reflect the restaurant's cuisine and setting.",artifacts/recipe_images/new_pngs/recipe-image-211-le-festin-opulent-soup.png,gpt-image-2,1024x1024,medium
recipe-image-212-le-festin-opulent-fish,Le Festin Opulent,Chef Antoine Dubois,"Four Seasons Casino, South of France",Fish,"Seared wild turbot with Beluga lentils, white asparagus, and caviar beurre blanc","Seared wild turbot with Beluga lentils, white asparagus, and caviar beurre blanc","dish_pictures/Chef_Antoine_Dubois-Le_Festin_Opulent-Fish-Seared_wild_turbot_with_Beluga_lentils,_white_asparagus,_and_caviar_beurre_blanc.webp","Square 1024x1024 fine-dining editorial food photograph for a luxury digital tasting menu. Create a photorealistic plated dish with natural restaurant lighting, refined composition, crisp textures, appetizing color, shallow depth of field, and elegant negative space. No text, no logos, no watermarks, no hands, no utensils dominating the frame, no recipe card. Restaurant context: Le Festin Opulent in Four Seasons Casino, South of France, led by Chef Antoine Dubois. Dining room mood: Le Festin Opulent offers a dining experience fit for royalty in the heart of the South of France's most glamorous casino. The elegant dining room is adorned with gold accents, shimmering chandeliers, and opulent silk drapery. The expansive floor-to-ceiling windows offer breathtaking views of the Mediterranean coastline, while the indulgent menu showcases the most exquisite and luxurious ingredients, masterfully crafted into a truly decadent feast. Course: Fish. Dish: Seared wild turbot with Beluga lentils, white asparagus, and caviar beurre blanc. Wine pairing influence: Château Margaux Blanc 2016. Let the plating, garnish, table surface, and background atmosphere quietly reflect the restaurant's cuisine and setting.",artifacts/recipe_images/new_pngs/recipe-image-212-le-festin-opulent-fish.png,gpt-image-2,1024x1024,medium
recipe-image-213-le-festin-opulent-meat,Le Festin Opulent,Chef Antoine Dubois,"Four Seasons Casino, South of France",Meat,"Wagyu beef Rossini with black truffle, seared foie gras, and Madeira reduction","Wagyu beef Rossini with black truffle, seared foie gras, and Madeira reduction","dish_pictures/Chef_Antoine_Dubois-Le_Festin_Opulent-Meat-Wagyu_beef_Rossini_with_black_truffle,_seared_foie_gras,_and_Madeira_reduction.webp","Square 1024x1024 fine-dining editorial food photograph for a luxury digital tasting menu. Create a photorealistic plated dish with natural restaurant lighting, refined composition, crisp textures, appetizing color, shallow depth of field, and elegant negative space. No text, no logos, no watermarks, no hands, no utensils dominating the frame, no recipe card. Restaurant context: Le Festin Opulent in Four Seasons Casino, South of France, led by Chef Antoine Dubois. Dining room mood: Le Festin Opulent offers a dining experience fit for royalty in the heart of the South of France's most glamorous casino. The elegant dining room is adorned with gold accents, shimmering chandeliers, and opulent silk drapery. The expansive floor-to-ceiling windows offer breathtaking views of the Mediterranean coastline, while the indulgent menu showcases the most exquisite and luxurious ingredients, masterfully crafted into a truly decadent feast. Course: Meat. Dish: Wagyu beef Rossini with black truffle, seared foie gras, and Madeira reduction. Wine pairing influence: Château Pétrus Pomerol 2014. Let the plating, garnish, table surface, and background atmosphere quietly reflect the restaurant's cuisine and setting.",artifacts/recipe_images/new_pngs/recipe-image-213-le-festin-opulent-meat.png,gpt-image-2,1024x1024,medium
recipe-image-214-le-festin-opulent-cheese,Le Festin Opulent,Chef Antoine Dubois,"Four Seasons Casino, South of France",Cheese,Assortment of rare and aged French cheeses with truffle honey and gold-flecked crackers,Assortment of rare and aged French cheeses with truffle honey and gold-flecked crackers,dish_pictures/Chef_Antoine_Dubois-Le_Festin_Opulent-Cheese-Assortment_of_rare_and_aged_French_cheeses_with_truffle_honey_and_gold-flecked_crackers.webp,"Square 1024x1024 fine-dining editorial food photograph for a luxury digital tasting menu. Create a photorealistic plated dish with natural restaurant lighting, refined composition, crisp textures, appetizing color, shallow depth of field, and elegant negative space. No text, no logos, no watermarks, no hands, no utensils dominating the frame, no recipe card. Restaurant context: Le Festin Opulent in Four Seasons Casino, South of France, led by Chef Antoine Dubois. Dining room mood: Le Festin Opulent offers a dining experience fit for royalty in the heart of the South of France's most glamorous casino. The elegant dining room is adorned with gold accents, shimmering chandeliers, and opulent silk drapery. The expansive floor-to-ceiling windows offer breathtaking views of the Mediterranean coastline, while the indulgent menu showcases the most exquisite and luxurious ingredients, masterfully crafted into a truly decadent feast. Course: Cheese. Dish: Assortment of rare and aged French cheeses with truffle honey and gold-flecked crackers. Wine pairing influence: Château Mouton Rothschild Pauillac 2015. Let the plating, garnish, table surface, and background atmosphere quietly reflect the restaurant's cuisine and setting.",artifacts/recipe_images/new_pngs/recipe-image-214-le-festin-opulent-cheese.png,gpt-image-2,1024x1024,medium
recipe-image-215-le-festin-opulent-dessert,Le Festin Opulent,Chef Antoine Dubois,"Four Seasons Casino, South of France",Dessert,Louis XV chocolate mousse cake with gold leaf and candied violets,Louis XV chocolate mousse cake with gold leaf and candied violets,dish_pictures/Chef_Antoine_Dubois-Le_Festin_Opulent-Dessert-Louis_XV_chocolate_mousse_cake_with_gold_leaf_and_candied_violets.webp,"Square 1024x1024 fine-dining editorial food photograph for a luxury digital tasting menu. Create a photorealistic plated dish with natural restaurant lighting, refined composition, crisp textures, appetizing color, shallow depth of field, and elegant negative space. No text, no logos, no watermarks, no hands, no utensils dominating the frame, no recipe card. Restaurant context: Le Festin Opulent in Four Seasons Casino, South of France, led by Chef Antoine Dubois. Dining room mood: Le Festin Opulent offers a dining experience fit for royalty in the heart of the South of France's most glamorous casino. The elegant dining room is adorned with gold accents, shimmering chandeliers, and opulent silk drapery. The expansive floor-to-ceiling windows offer breathtaking views of the Mediterranean coastline, while the indulgent menu showcases the most exquisite and luxurious ingredients, masterfully crafted into a truly decadent feast. Course: Dessert. Dish: Louis XV chocolate mousse cake with gold leaf and candied violets. Wine pairing influence: Château Climens Barsac 2017. Let the plating, garnish, table surface, and background atmosphere quietly reflect the restaurant's cuisine and setting.",artifacts/recipe_images/new_pngs/recipe-image-215-le-festin-opulent-dessert.png,gpt-image-2,1024x1024,medium
recipe-image-216-the-golden-aegean-amuse-bouche,The Golden Aegean,Chef Stavros Papadopoulos,"Four Seasons Mykonos, Greece",Amuse-Bouche,"Filo-wrapped Kalamata olives with gold leaf, served on a bed of ouzo-infused tomato jam","Filo-wrapped Kalamata olives with gold leaf, served on a bed of ouzo-infused tomato jam","dish_pictures/Chef_Stavros_Papadopoulos-The_Golden_Aegean-Amuse-Bouche-Filo-wrapped_Kalamata_olives_with_gold_leaf,_served_on_a_bed_of_ouzo-infused_tomato_jam.webp","Square 1024x1024 fine-dining editorial food photograph for a luxury digital tasting menu. Create a photorealistic plated dish with natural restaurant lighting, refined composition, crisp textures, appetizing color, shallow depth of field, and elegant negative space. No text, no logos, no watermarks, no hands, no utensils dominating the frame, no recipe card. Restaurant context: The Golden Aegean in Four Seasons Mykonos, Greece, led by Chef Stavros Papadopoulos. Dining room mood: The Golden Aegean offers an unparalleled dining experience, combining the finest ingredients from the Greek islands with the most luxurious and decadent touches. The elegant dining room features stunning panoramic views of the Aegean Sea, while the outdoor terrace allows guests to dine under the stars. The menu showcases the best of traditional Greek cuisine, reimagined with an opulent twist, for an unforgettable gastronomic experience. Course: Amuse-Bouche. Dish: Filo-wrapped Kalamata olives with gold leaf, served on a bed of ouzo-infused tomato jam. Wine pairing influence: Taittinger Comtes de Champagne Blanc de Blancs 2010. Let the plating, garnish, table surface, and background atmosphere quietly reflect the restaurant's cuisine and setting.",artifacts/recipe_images/new_pngs/recipe-image-216-the-golden-aegean-amuse-bouche.png,gpt-image-2,1024x1024,medium
recipe-image-217-the-golden-aegean-appetizer,The Golden Aegean,Chef Stavros Papadopoulos,"Four Seasons Mykonos, Greece",Appetizer,Duo of seared scallops and tiger prawns with Greek saffron and white truffle aioli,Duo of seared scallops and tiger prawns with Greek saffron and white truffle aioli,dish_pictures/Chef_Stavros_Papadopoulos-The_Golden_Aegean-Appetizer-Duo_of_seared_scallops_and_tiger_prawns_with_Greek_saffron_and_white_truffle_aioli.webp,"Square 1024x1024 fine-dining editorial food photograph for a luxury digital tasting menu. Create a photorealistic plated dish with natural restaurant lighting, refined composition, crisp textures, appetizing color, shallow depth of field, and elegant negative space. No text, no logos, no watermarks, no hands, no utensils dominating the frame, no recipe card. Restaurant context: The Golden Aegean in Four Seasons Mykonos, Greece, led by Chef Stavros Papadopoulos. Dining room mood: The Golden Aegean offers an unparalleled dining experience, combining the finest ingredients from the Greek islands with the most luxurious and decadent touches. The elegant dining room features stunning panoramic views of the Aegean Sea, while the outdoor terrace allows guests to dine under the stars. The menu showcases the best of traditional Greek cuisine, reimagined with an opulent twist, for an unforgettable gastronomic experience. Course: Appetizer. Dish: Duo of seared scallops and tiger prawns with Greek saffron and white truffle aioli. Wine pairing influence: Domaine Sigalas Assyrtiko Santorini 2020. Let the plating, garnish, table surface, and background atmosphere quietly reflect the restaurant's cuisine and setting.",artifacts/recipe_images/new_pngs/recipe-image-217-the-golden-aegean-appetizer.png,gpt-image-2,1024x1024,medium
recipe-image-218-the-golden-aegean-salad,The Golden Aegean,Chef Stavros Papadopoulos,"Four Seasons Mykonos, Greece",Salad,Golden beet and goat cheese salad with pomegranate molasses and 24-karat gold leaf,Golden beet and goat cheese salad with pomegranate molasses and 24-karat gold leaf,dish_pictures/Chef_Stavros_Papadopoulos-The_Golden_Aegean-Salad-Golden_beet_and_goat_cheese_salad_with_pomegranate_molasses_and_24-karat_gold_leaf.webp,"Square 1024x1024 fine-dining editorial food photograph for a luxury digital tasting menu. Create a photorealistic plated dish with natural restaurant lighting, refined composition, crisp textures, appetizing color, shallow depth of field, and elegant negative space. No text, no logos, no watermarks, no hands, no utensils dominating the frame, no recipe card. Restaurant context: The Golden Aegean in Four Seasons Mykonos, Greece, led by Chef Stavros Papadopoulos. Dining room mood: The Golden Aegean offers an unparalleled dining experience, combining the finest ingredients from the Greek islands with the most luxurious and decadent touches. The elegant dining room features stunning panoramic views of the Aegean Sea, while the outdoor terrace allows guests to dine under the stars. The menu showcases the best of traditional Greek cuisine, reimagined with an opulent twist, for an unforgettable gastronomic experience. Course: Salad. Dish: Golden beet and goat cheese salad with pomegranate molasses and 24-karat gold leaf. Wine pairing influence: Alpha Estate Axia Malagousia 2019. Let the plating, garnish, table surface, and background atmosphere quietly reflect the restaurant's cuisine and setting.",artifacts/recipe_images/new_pngs/recipe-image-218-the-golden-aegean-salad.png,gpt-image-2,1024x1024,medium
recipe-image-219-the-golden-aegean-fish,The Golden Aegean,Chef Stavros Papadopoulos,"Four Seasons Mykonos, Greece",Fish,"Grilled wild sea bass with Aegean sea urchin butter, fennel confit, and champagne foam","Grilled wild sea bass with Aegean sea urchin butter, fennel confit, and champagne foam","dish_pictures/Chef_Stavros_Papadopoulos-The_Golden_Aegean-Fish-Grilled_wild_sea_bass_with_Aegean_sea_urchin_butter,_fennel_confit,_and_champagne_foam.webp","Square 1024x1024 fine-dining editorial food photograph for a luxury digital tasting menu. Create a photorealistic plated dish with natural restaurant lighting, refined composition, crisp textures, appetizing color, shallow depth of field, and elegant negative space. No text, no logos, no watermarks, no hands, no utensils dominating the frame, no recipe card. Restaurant context: The Golden Aegean in Four Seasons Mykonos, Greece, led by Chef Stavros Papadopoulos. Dining room mood: The Golden Aegean offers an unparalleled dining experience, combining the finest ingredients from the Greek islands with the most luxurious and decadent touches. The elegant dining room features stunning panoramic views of the Aegean Sea, while the outdoor terrace allows guests to dine under the stars. The menu showcases the best of traditional Greek cuisine, reimagined with an opulent twist, for an unforgettable gastronomic experience. Course: Fish. Dish: Grilled wild sea bass with Aegean sea urchin butter, fennel confit, and champagne foam. Wine pairing influence: Domaine Gerovassiliou Viognier Epanomi 2019. Let the plating, garnish, table surface, and background atmosphere quietly reflect the restaurant's cuisine and setting.",artifacts/recipe_images/new_pngs/recipe-image-219-the-golden-aegean-fish.png,gpt-image-2,1024x1024,medium
recipe-image-220-the-golden-aegean-meat,The Golden Aegean,Chef Stavros Papadopoulos,"Four Seasons Mykonos, Greece",Meat,"Aged lamb rack with Mykonian honey glaze, black truffle moussaka, and gold leaf-flecked orzo","Aged lamb rack with Mykonian honey glaze, black truffle moussaka, and gold leaf-flecked orzo","dish_pictures/Chef_Stavros_Papadopoulos-The_Golden_Aegean-Meat-Aged_lamb_rack_with_Mykonian_honey_glaze,_black_truffle_moussaka,_and_gold_leaf-flecked_orzo.webp","Square 1024x1024 fine-dining editorial food photograph for a luxury digital tasting menu. Create a photorealistic plated dish with natural restaurant lighting, refined composition, crisp textures, appetizing color, shallow depth of field, and elegant negative space. No text, no logos, no watermarks, no hands, no utensils dominating the frame, no recipe card. Restaurant context: The Golden Aegean in Four Seasons Mykonos, Greece, led by Chef Stavros Papadopoulos. Dining room mood: The Golden Aegean offers an unparalleled dining experience, combining the finest ingredients from the Greek islands with the most luxurious and decadent touches. The elegant dining room features stunning panoramic views of the Aegean Sea, while the outdoor terrace allows guests to dine under the stars. The menu showcases the best of traditional Greek cuisine, reimagined with an opulent twist, for an unforgettable gastronomic experience. Course: Meat. Dish: Aged lamb rack with Mykonian honey glaze, black truffle moussaka, and gold leaf-flecked orzo. Wine pairing influence: Kir-Yianni Ramnista Xinomavro Naoussa 2016. Let the plating, garnish, table surface, and background atmosphere quietly reflect the restaurant's cuisine and setting.",artifacts/recipe_images/new_pngs/recipe-image-220-the-golden-aegean-meat.png,gpt-image-2,1024x1024,medium
recipe-image-221-the-golden-aegean-cheese,The Golden Aegean,Chef Stavros Papadopoulos,"Four Seasons Mykonos, Greece",Cheese,"Assortment of premium Greek cheeses with fig preserves, gold-dusted almonds, and honeycomb","Assortment of premium Greek cheeses with fig preserves, gold-dusted almonds, and honeycomb","dish_pictures/Chef_Stavros_Papadopoulos-The_Golden_Aegean-Cheese-Assortment_of_premium_Greek_cheeses_with_fig_preserves,_gold-dusted_almonds,_and_honeycomb.webp","Square 1024x1024 fine-dining editorial food photograph for a luxury digital tasting menu. Create a photorealistic plated dish with natural restaurant lighting, refined composition, crisp textures, appetizing color, shallow depth of field, and elegant negative space. No text, no logos, no watermarks, no hands, no utensils dominating the frame, no recipe card. Restaurant context: The Golden Aegean in Four Seasons Mykonos, Greece, led by Chef Stavros Papadopoulos. Dining room mood: The Golden Aegean offers an unparalleled dining experience, combining the finest ingredients from the Greek islands with the most luxurious and decadent touches. The elegant dining room features stunning panoramic views of the Aegean Sea, while the outdoor terrace allows guests to dine under the stars. The menu showcases the best of traditional Greek cuisine, reimagined with an opulent twist, for an unforgettable gastronomic experience. Course: Cheese. Dish: Assortment of premium Greek cheeses with fig preserves, gold-dusted almonds, and honeycomb. Wine pairing influence: Ktima Pavlidis Thema Red Drama 2017. Let the plating, garnish, table surface, and background atmosphere quietly reflect the restaurant's cuisine and setting.",artifacts/recipe_images/new_pngs/recipe-image-221-the-golden-aegean-cheese.png,gpt-image-2,1024x1024,medium
recipe-image-222-the-golden-aegean-dessert,The Golden Aegean,Chef Stavros Papadopoulos,"Four Seasons Mykonos, Greece",Dessert,Mastiha-infused chocolate mousse with gold leaf and rosewater-scented baklava crumble,Mastiha-infused chocolate mousse with gold leaf and rosewater-scented baklava crumble,dish_pictures/Chef_Stavros_Papadopoulos-The_Golden_Aegean-Dessert-Mastiha-infused_chocolate_mousse_with_gold_leaf_and_rosewater-scented_baklava_crumble.webp,"Square 1024x1024 fine-dining editorial food photograph for a luxury digital tasting menu. Create a photorealistic plated dish with natural restaurant lighting, refined composition, crisp textures, appetizing color, shallow depth of field, and elegant negative space. No text, no logos, no watermarks, no hands, no utensils dominating the frame, no recipe card. Restaurant context: The Golden Aegean in Four Seasons Mykonos, Greece, led by Chef Stavros Papadopoulos. Dining room mood: The Golden Aegean offers an unparalleled dining experience, combining the finest ingredients from the Greek islands with the most luxurious and decadent touches. The elegant dining room features stunning panoramic views of the Aegean Sea, while the outdoor terrace allows guests to dine under the stars. The menu showcases the best of traditional Greek cuisine, reimagined with an opulent twist, for an unforgettable gastronomic experience. Course: Dessert. Dish: Mastiha-infused chocolate mousse with gold leaf and rosewater-scented baklava crumble. Wine pairing influence: Muscat of Samos Nectar 2017. Let the plating, garnish, table surface, and background atmosphere quietly reflect the restaurant's cuisine and setting.",artifacts/recipe_images/new_pngs/recipe-image-222-the-golden-aegean-dessert.png,gpt-image-2,1024x1024,medium
recipe-image-223-la-cucina-dei-sogni-amuse-bouche,La Cucina dei Sogni,Chef Alessandro De Angelis,"Four Seasons Palazzo Siciliano, Sicily",Amuse-Bouche,Crispy arancini with wild mushroom and black truffle filling,Crispy arancini with wild mushroom and black truffle filling,dish_pictures/Chef_Alessandro_De_Angelis-La_Cucina_dei_Sogni-Amuse-Bouche-Crispy_arancini_with_wild_mushroom_and_black_truffle_filling.webp,"Square 1024x1024 fine-dining editorial food photograph for a luxury digital tasting menu. Create a photorealistic plated dish with natural restaurant lighting, refined composition, crisp textures, appetizing color, shallow depth of field, and elegant negative space. No text, no logos, no watermarks, no hands, no utensils dominating the frame, no recipe card. Restaurant context: La Cucina dei Sogni in Four Seasons Palazzo Siciliano, Sicily, led by Chef Alessandro De Angelis. Dining room mood: La Cucina dei Sogni welcomes guests to a world of unparalleled Italian luxury, set within the majestic confines of a historic Sicilian palazzo. The opulent dining room is adorned with frescoes, marble floors, and crystal chandeliers, providing an elegant and romantic atmosphere. The menu, curated by renowned Chef Alessandro De Angelis, celebrates the finest Italian ingredients and traditional dishes, while an expert sommelier ensures the perfect wine pairings for a truly unforgettable dining experience. Course: Amuse-Bouche. Dish: Crispy arancini with wild mushroom and black truffle filling. Wine pairing influence: Franciacorta Ca' del Bosco Cuvée Annamaria Clementi 2010. Let the plating, garnish, table surface, and background atmosphere quietly reflect the restaurant's cuisine and setting.",artifacts/recipe_images/new_pngs/recipe-image-223-la-cucina-dei-sogni-amuse-bouche.png,gpt-image-2,1024x1024,medium
recipe-image-224-la-cucina-dei-sogni-appetizer,La Cucina dei Sogni,Chef Alessandro De Angelis,"Four Seasons Palazzo Siciliano, Sicily",Appetizer,Seared foie gras with fig balsamic glaze and aged Parmigiano-Reggiano crisp,Seared foie gras with fig balsamic glaze and aged Parmigiano-Reggiano crisp,dish_pictures/Chef_Alessandro_De_Angelis-La_Cucina_dei_Sogni-Appetizer-Seared_foie_gras_with_fig_balsamic_glaze_and_aged_Parmigiano-Reggiano_crisp.webp,"Square 1024x1024 fine-dining editorial food photograph for a luxury digital tasting menu. Create a photorealistic plated dish with natural restaurant lighting, refined composition, crisp textures, appetizing color, shallow depth of field, and elegant negative space. No text, no logos, no watermarks, no hands, no utensils dominating the frame, no recipe card. Restaurant context: La Cucina dei Sogni in Four Seasons Palazzo Siciliano, Sicily, led by Chef Alessandro De Angelis. Dining room mood: La Cucina dei Sogni welcomes guests to a world of unparalleled Italian luxury, set within the majestic confines of a historic Sicilian palazzo. The opulent dining room is adorned with frescoes, marble floors, and crystal chandeliers, providing an elegant and romantic atmosphere. The menu, curated by renowned Chef Alessandro De Angelis, celebrates the finest Italian ingredients and traditional dishes, while an expert sommelier ensures the perfect wine pairings for a truly unforgettable dining experience. Course: Appetizer. Dish: Seared foie gras with fig balsamic glaze and aged Parmigiano-Reggiano crisp. Wine pairing influence: Barolo Gaja Sperss 2016. Let the plating, garnish, table surface, and background atmosphere quietly reflect the restaurant's cuisine and setting.",artifacts/recipe_images/new_pngs/recipe-image-224-la-cucina-dei-sogni-appetizer.png,gpt-image-2,1024x1024,medium
recipe-image-225-la-cucina-dei-sogni-pasta,La Cucina dei Sogni,Chef Alessandro De Angelis,"Four Seasons Palazzo Siciliano, Sicily",Pasta,Handmade pappardelle with slow-cooked wild boar ragù and shaved Pecorino Romano,Handmade pappardelle with slow-cooked wild boar ragù and shaved Pecorino Romano,dish_pictures/Chef_Alessandro_De_Angelis-La_Cucina_dei_Sogni-Pasta-Handmade_pappardelle_with_slow-cooked_wild_boar_ragù_and_shaved_Pecorino_Romano.webp,"Square 1024x1024 fine-dining editorial food photograph for a luxury digital tasting menu. Create a photorealistic plated dish with natural restaurant lighting, refined composition, crisp textures, appetizing color, shallow depth of field, and elegant negative space. No text, no logos, no watermarks, no hands, no utensils dominating the frame, no recipe card. Restaurant context: La Cucina dei Sogni in Four Seasons Palazzo Siciliano, Sicily, led by Chef Alessandro De Angelis. Dining room mood: La Cucina dei Sogni welcomes guests to a world of unparalleled Italian luxury, set within the majestic confines of a historic Sicilian palazzo. The opulent dining room is adorned with frescoes, marble floors, and crystal chandeliers, providing an elegant and romantic atmosphere. The menu, curated by renowned Chef Alessandro De Angelis, celebrates the finest Italian ingredients and traditional dishes, while an expert sommelier ensures the perfect wine pairings for a truly unforgettable dining experience. Course: Pasta. Dish: Handmade pappardelle with slow-cooked wild boar ragù and shaved Pecorino Romano. Wine pairing influence: Brunello di Montalcino Biondi Santi Riserva 2013. Let the plating, garnish, table surface, and background atmosphere quietly reflect the restaurant's cuisine and setting.",artifacts/recipe_images/new_pngs/recipe-image-225-la-cucina-dei-sogni-pasta.png,gpt-image-2,1024x1024,medium
recipe-image-226-la-cucina-dei-sogni-fish,La Cucina dei Sogni,Chef Alessandro De Angelis,"Four Seasons Palazzo Siciliano, Sicily",Fish,Grilled Mediterranean langoustines with saffron risotto and lobster bisque reduction,Grilled Mediterranean langoustines with saffron risotto and lobster bisque reduction,dish_pictures/Chef_Alessandro_De_Angelis-La_Cucina_dei_Sogni-Fish-Grilled_Mediterranean_langoustines_with_saffron_risotto_and_lobster_bisque_reduction.webp,"Square 1024x1024 fine-dining editorial food photograph for a luxury digital tasting menu. Create a photorealistic plated dish with natural restaurant lighting, refined composition, crisp textures, appetizing color, shallow depth of field, and elegant negative space. No text, no logos, no watermarks, no hands, no utensils dominating the frame, no recipe card. Restaurant context: La Cucina dei Sogni in Four Seasons Palazzo Siciliano, Sicily, led by Chef Alessandro De Angelis. Dining room mood: La Cucina dei Sogni welcomes guests to a world of unparalleled Italian luxury, set within the majestic confines of a historic Sicilian palazzo. The opulent dining room is adorned with frescoes, marble floors, and crystal chandeliers, providing an elegant and romantic atmosphere. The menu, curated by renowned Chef Alessandro De Angelis, celebrates the finest Italian ingredients and traditional dishes, while an expert sommelier ensures the perfect wine pairings for a truly unforgettable dining experience. Course: Fish. Dish: Grilled Mediterranean langoustines with saffron risotto and lobster bisque reduction. Wine pairing influence: Sassicaia Tenuta San Guido 2018. Let the plating, garnish, table surface, and background atmosphere quietly reflect the restaurant's cuisine and setting.",artifacts/recipe_images/new_pngs/recipe-image-226-la-cucina-dei-sogni-fish.png,gpt-image-2,1024x1024,medium
recipe-image-227-la-cucina-dei-sogni-meat,La Cucina dei Sogni,Chef Alessandro De Angelis,"Four Seasons Palazzo Siciliano, Sicily",Meat,"Osso buco with gremolata, truffle-infused polenta, and Barolo demi-glace","Osso buco with gremolata, truffle-infused polenta, and Barolo demi-glace","dish_pictures/Chef_Alessandro_De_Angelis-La_Cucina_dei_Sogni-Meat-Osso_buco_with_gremolata,_truffle-infused_polenta,_and_Barolo_demi-glace.webp","Square 1024x1024 fine-dining editorial food photograph for a luxury digital tasting menu. Create a photorealistic plated dish with natural restaurant lighting, refined composition, crisp textures, appetizing color, shallow depth of field, and elegant negative space. No text, no logos, no watermarks, no hands, no utensils dominating the frame, no recipe card. Restaurant context: La Cucina dei Sogni in Four Seasons Palazzo Siciliano, Sicily, led by Chef Alessandro De Angelis. Dining room mood: La Cucina dei Sogni welcomes guests to a world of unparalleled Italian luxury, set within the majestic confines of a historic Sicilian palazzo. The opulent dining room is adorned with frescoes, marble floors, and crystal chandeliers, providing an elegant and romantic atmosphere. The menu, curated by renowned Chef Alessandro De Angelis, celebrates the finest Italian ingredients and traditional dishes, while an expert sommelier ensures the perfect wine pairings for a truly unforgettable dining experience. Course: Meat. Dish: Osso buco with gremolata, truffle-infused polenta, and Barolo demi-glace. Wine pairing influence: Amarone della Valpolicella Quintarelli Riserva 2009. Let the plating, garnish, table surface, and background atmosphere quietly reflect the restaurant's cuisine and setting.",artifacts/recipe_images/new_pngs/recipe-image-227-la-cucina-dei-sogni-meat.png,gpt-image-2,1024x1024,medium
recipe-image-228-la-cucina-dei-sogni-cheese,La Cucina dei Sogni,Chef Alessandro De Angelis,"Four Seasons Palazzo Siciliano, Sicily",Cheese,"Selection of fine Italian cheeses with fruit compote, artisanal bread, and balsamic pearls","Selection of fine Italian cheeses with fruit compote, artisanal bread, and balsamic pearls","dish_pictures/Chef_Alessandro_De_Angelis-La_Cucina_dei_Sogni-Cheese-Selection_of_fine_Italian_cheeses_with_fruit_compote,_artisanal_bread,_and_balsamic_pearls.webp","Square 1024x1024 fine-dining editorial food photograph for a luxury digital tasting menu. Create a photorealistic plated dish with natural restaurant lighting, refined composition, crisp textures, appetizing color, shallow depth of field, and elegant negative space. No text, no logos, no watermarks, no hands, no utensils dominating the frame, no recipe card. Restaurant context: La Cucina dei Sogni in Four Seasons Palazzo Siciliano, Sicily, led by Chef Alessandro De Angelis. Dining room mood: La Cucina dei Sogni welcomes guests to a world of unparalleled Italian luxury, set within the majestic confines of a historic Sicilian palazzo. The opulent dining room is adorned with frescoes, marble floors, and crystal chandeliers, providing an elegant and romantic atmosphere. The menu, curated by renowned Chef Alessandro De Angelis, celebrates the finest Italian ingredients and traditional dishes, while an expert sommelier ensures the perfect wine pairings for a truly unforgettable dining experience. Course: Cheese. Dish: Selection of fine Italian cheeses with fruit compote, artisanal bread, and balsamic pearls. Wine pairing influence: Tignanello Antinori 2017. Let the plating, garnish, table surface, and background atmosphere quietly reflect the restaurant's cuisine and setting.",artifacts/recipe_images/new_pngs/recipe-image-228-la-cucina-dei-sogni-cheese.png,gpt-image-2,1024x1024,medium
recipe-image-229-la-cucina-dei-sogni-dessert,La Cucina dei Sogni,Chef Alessandro De Angelis,"Four Seasons Palazzo Siciliano, Sicily",Dessert,Tiramisu al limoncello with candied lemon zest and pistachio crumble,Tiramisu al limoncello with candied lemon zest and pistachio crumble,dish_pictures/Chef_Alessandro_De_Angelis-La_Cucina_dei_Sogni-Dessert-Tiramisu_al_limoncello_with_candied_lemon_zest_and_pistachio_crumble.webp,"Square 1024x1024 fine-dining editorial food photograph for a luxury digital tasting menu. Create a photorealistic plated dish with natural restaurant lighting, refined composition, crisp textures, appetizing color, shallow depth of field, and elegant negative space. No text, no logos, no watermarks, no hands, no utensils dominating the frame, no recipe card. Restaurant context: La Cucina dei Sogni in Four Seasons Palazzo Siciliano, Sicily, led by Chef Alessandro De Angelis. Dining room mood: La Cucina dei Sogni welcomes guests to a world of unparalleled Italian luxury, set within the majestic confines of a historic Sicilian palazzo. The opulent dining room is adorned with frescoes, marble floors, and crystal chandeliers, providing an elegant and romantic atmosphere. The menu, curated by renowned Chef Alessandro De Angelis, celebrates the finest Italian ingredients and traditional dishes, while an expert sommelier ensures the perfect wine pairings for a truly unforgettable dining experience. Course: Dessert. Dish: Tiramisu al limoncello with candied lemon zest and pistachio crumble. Wine pairing influence: Moscato d'Asti Vietti Cascinetta 2020. Let the plating, garnish, table surface, and background atmosphere quietly reflect the restaurant's cuisine and setting.",artifacts/recipe_images/new_pngs/recipe-image-229-la-cucina-dei-sogni-dessert.png,gpt-image-2,1024x1024,medium
recipe-image-230-parkview-elegance-amuse-bouche,Parkview Elegance,Chef Thomas Kingsley,"Four Seasons Skyscraper, New York City",Amuse-Bouche,Kumamoto oyster with cucumber mignonette and smoked caviar,Kumamoto oyster with cucumber mignonette and smoked caviar,dish_pictures/Chef_Thomas_Kingsley-Parkview_Elegance-Amuse-Bouche-Kumamoto_oyster_with_cucumber_mignonette_and_smoked_caviar.webp,"Square 1024x1024 fine-dining editorial food photograph for a luxury digital tasting menu. Create a photorealistic plated dish with natural restaurant lighting, refined composition, crisp textures, appetizing color, shallow depth of field, and elegant negative space. No text, no logos, no watermarks, no hands, no utensils dominating the frame, no recipe card. Restaurant context: Parkview Elegance in Four Seasons Skyscraper, New York City, led by Chef Thomas Kingsley. Dining room mood: Parkview Elegance offers an exquisite dining experience in a sophisticated setting, high above the city on the 55th floor of the Four Seasons Skyscraper. The floor-to-ceiling windows provide breathtaking panoramic views of Central Park, while the opulent dining room features plush velvet seating, crystal chandeliers, and fine art. The menu, crafted by Chef Thomas Kingsley, showcases the finest ingredients and innovative techniques, paired with a remarkable wine list for an unforgettable culinary journey. Course: Amuse-Bouche. Dish: Kumamoto oyster with cucumber mignonette and smoked caviar. Wine pairing influence: Dom Pérignon Vintage 2010. Let the plating, garnish, table surface, and background atmosphere quietly reflect the restaurant's cuisine and setting.",artifacts/recipe_images/new_pngs/recipe-image-230-parkview-elegance-amuse-bouche.png,gpt-image-2,1024x1024,medium
recipe-image-231-parkview-elegance-appetizer,Parkview Elegance,Chef Thomas Kingsley,"Four Seasons Skyscraper, New York City",Appetizer,"Butter-poached Maine lobster with parsnip purée, microgreens, and saffron beurre blanc","Butter-poached Maine lobster with parsnip purée, microgreens, and saffron beurre blanc","dish_pictures/Chef_Thomas_Kingsley-Parkview_Elegance-Appetizer-Butter-poached_Maine_lobster_with_parsnip_purée,_microgreens,_and_saffron_beurre_blanc.webp","Square 1024x1024 fine-dining editorial food photograph for a luxury digital tasting menu. Create a photorealistic plated dish with natural restaurant lighting, refined composition, crisp textures, appetizing color, shallow depth of field, and elegant negative space. No text, no logos, no watermarks, no hands, no utensils dominating the frame, no recipe card. Restaurant context: Parkview Elegance in Four Seasons Skyscraper, New York City, led by Chef Thomas Kingsley. Dining room mood: Parkview Elegance offers an exquisite dining experience in a sophisticated setting, high above the city on the 55th floor of the Four Seasons Skyscraper. The floor-to-ceiling windows provide breathtaking panoramic views of Central Park, while the opulent dining room features plush velvet seating, crystal chandeliers, and fine art. The menu, crafted by Chef Thomas Kingsley, showcases the finest ingredients and innovative techniques, paired with a remarkable wine list for an unforgettable culinary journey. Course: Appetizer. Dish: Butter-poached Maine lobster with parsnip purée, microgreens, and saffron beurre blanc. Wine pairing influence: Chardonnay Peter Michael Ma Belle-Fille 2018. Let the plating, garnish, table surface, and background atmosphere quietly reflect the restaurant's cuisine and setting.",artifacts/recipe_images/new_pngs/recipe-image-231-parkview-elegance-appetizer.png,gpt-image-2,1024x1024,medium
recipe-image-232-parkview-elegance-soup,Parkview Elegance,Chef Thomas Kingsley,"Four Seasons Skyscraper, New York City",Soup,Creamy wild mushroom bisque with black truffle foam and brioche croutons,Creamy wild mushroom bisque with black truffle foam and brioche croutons,dish_pictures/Chef_Thomas_Kingsley-Parkview_Elegance-Soup-Creamy_wild_mushroom_bisque_with_black_truffle_foam_and_brioche_croutons.webp,"Square 1024x1024 fine-dining editorial food photograph for a luxury digital tasting menu. Create a photorealistic plated dish with natural restaurant lighting, refined composition, crisp textures, appetizing color, shallow depth of field, and elegant negative space. No text, no logos, no watermarks, no hands, no utensils dominating the frame, no recipe card. Restaurant context: Parkview Elegance in Four Seasons Skyscraper, New York City, led by Chef Thomas Kingsley. Dining room mood: Parkview Elegance offers an exquisite dining experience in a sophisticated setting, high above the city on the 55th floor of the Four Seasons Skyscraper. The floor-to-ceiling windows provide breathtaking panoramic views of Central Park, while the opulent dining room features plush velvet seating, crystal chandeliers, and fine art. The menu, crafted by Chef Thomas Kingsley, showcases the finest ingredients and innovative techniques, paired with a remarkable wine list for an unforgettable culinary journey. Course: Soup. Dish: Creamy wild mushroom bisque with black truffle foam and brioche croutons. Wine pairing influence: Pinot Noir Kosta Browne Russian River Valley 2018. Let the plating, garnish, table surface, and background atmosphere quietly reflect the restaurant's cuisine and setting.",artifacts/recipe_images/new_pngs/recipe-image-232-parkview-elegance-soup.png,gpt-image-2,1024x1024,medium
recipe-image-233-parkview-elegance-fish,Parkview Elegance,Chef Thomas Kingsley,"Four Seasons Skyscraper, New York City",Fish,"Seared diver scallops with cauliflower purée, caviar, and Champagne beurre blanc","Seared diver scallops with cauliflower purée, caviar, and Champagne beurre blanc","dish_pictures/Chef_Thomas_Kingsley-Parkview_Elegance-Fish-Seared_diver_scallops_with_cauliflower_purée,_caviar,_and_Champagne_beurre_blanc.webp","Square 1024x1024 fine-dining editorial food photograph for a luxury digital tasting menu. Create a photorealistic plated dish with natural restaurant lighting, refined composition, crisp textures, appetizing color, shallow depth of field, and elegant negative space. No text, no logos, no watermarks, no hands, no utensils dominating the frame, no recipe card. Restaurant context: Parkview Elegance in Four Seasons Skyscraper, New York City, led by Chef Thomas Kingsley. Dining room mood: Parkview Elegance offers an exquisite dining experience in a sophisticated setting, high above the city on the 55th floor of the Four Seasons Skyscraper. The floor-to-ceiling windows provide breathtaking panoramic views of Central Park, while the opulent dining room features plush velvet seating, crystal chandeliers, and fine art. The menu, crafted by Chef Thomas Kingsley, showcases the finest ingredients and innovative techniques, paired with a remarkable wine list for an unforgettable culinary journey. Course: Fish. Dish: Seared diver scallops with cauliflower purée, caviar, and Champagne beurre blanc. Wine pairing influence: Puligny-Montrachet Domaine Leflaive Les Pucelles 2016. Let the plating, garnish, table surface, and background atmosphere quietly reflect the restaurant's cuisine and setting.",artifacts/recipe_images/new_pngs/recipe-image-233-parkview-elegance-fish.png,gpt-image-2,1024x1024,medium
recipe-image-234-parkview-elegance-meat,Parkview Elegance,Chef Thomas Kingsley,"Four Seasons Skyscraper, New York City",Meat,"Wagyu beef tenderloin with potato gratin, foie gras, and Perigord truffle jus","Wagyu beef tenderloin with potato gratin, foie gras, and Perigord truffle jus","dish_pictures/Chef_Thomas_Kingsley-Parkview_Elegance-Meat-Wagyu_beef_tenderloin_with_potato_gratin,_foie_gras,_and_Perigord_truffle_jus.webp","Square 1024x1024 fine-dining editorial food photograph for a luxury digital tasting menu. Create a photorealistic plated dish with natural restaurant lighting, refined composition, crisp textures, appetizing color, shallow depth of field, and elegant negative space. No text, no logos, no watermarks, no hands, no utensils dominating the frame, no recipe card. Restaurant context: Parkview Elegance in Four Seasons Skyscraper, New York City, led by Chef Thomas Kingsley. Dining room mood: Parkview Elegance offers an exquisite dining experience in a sophisticated setting, high above the city on the 55th floor of the Four Seasons Skyscraper. The floor-to-ceiling windows provide breathtaking panoramic views of Central Park, while the opulent dining room features plush velvet seating, crystal chandeliers, and fine art. The menu, crafted by Chef Thomas Kingsley, showcases the finest ingredients and innovative techniques, paired with a remarkable wine list for an unforgettable culinary journey. Course: Meat. Dish: Wagyu beef tenderloin with potato gratin, foie gras, and Perigord truffle jus. Wine pairing influence: Cabernet Sauvignon Harlan Estate 2014. Let the plating, garnish, table surface, and background atmosphere quietly reflect the restaurant's cuisine and setting.",artifacts/recipe_images/new_pngs/recipe-image-234-parkview-elegance-meat.png,gpt-image-2,1024x1024,medium
recipe-image-235-parkview-elegance-cheese,Parkview Elegance,Chef Thomas Kingsley,"Four Seasons Skyscraper, New York City",Cheese,"Selection of artisanal cheeses with fruit preserves, Marcona almonds, and walnut-raisin bread","Selection of artisanal cheeses with fruit preserves, Marcona almonds, and walnut-raisin bread","dish_pictures/Chef_Thomas_Kingsley-Parkview_Elegance-Cheese-Selection_of_artisanal_cheeses_with_fruit_preserves,_Marcona_almonds,_and_walnut-raisin_bread.webp","Square 1024x1024 fine-dining editorial food photograph for a luxury digital tasting menu. Create a photorealistic plated dish with natural restaurant lighting, refined composition, crisp textures, appetizing color, shallow depth of field, and elegant negative space. No text, no logos, no watermarks, no hands, no utensils dominating the frame, no recipe card. Restaurant context: Parkview Elegance in Four Seasons Skyscraper, New York City, led by Chef Thomas Kingsley. Dining room mood: Parkview Elegance offers an exquisite dining experience in a sophisticated setting, high above the city on the 55th floor of the Four Seasons Skyscraper. The floor-to-ceiling windows provide breathtaking panoramic views of Central Park, while the opulent dining room features plush velvet seating, crystal chandeliers, and fine art. The menu, crafted by Chef Thomas Kingsley, showcases the finest ingredients and innovative techniques, paired with a remarkable wine list for an unforgettable culinary journey. Course: Cheese. Dish: Selection of artisanal cheeses with fruit preserves, Marcona almonds, and walnut-raisin bread. Wine pairing influence: Château d'Yquem Sauternes 2009. Let the plating, garnish, table surface, and background atmosphere quietly reflect the restaurant's cuisine and setting.",artifacts/recipe_images/new_pngs/recipe-image-235-parkview-elegance-cheese.png,gpt-image-2,1024x1024,medium
recipe-image-236-parkview-elegance-dessert,Parkview Elegance,Chef Thomas Kingsley,"Four Seasons Skyscraper, New York City",Dessert,Dark chocolate soufflé with passion fruit coulis and Tahitian vanilla ice cream,Dark chocolate soufflé with passion fruit coulis and Tahitian vanilla ice cream,dish_pictures/Chef_Thomas_Kingsley-Parkview_Elegance-Dessert-Dark_chocolate_soufflé_with_passion_fruit_coulis_and_Tahitian_vanilla_ice_cream.webp,"Square 1024x1024 fine-dining editorial food photograph for a luxury digital tasting menu. Create a photorealistic plated dish with natural restaurant lighting, refined composition, crisp textures, appetizing color, shallow depth of field, and elegant negative space. No text, no logos, no watermarks, no hands, no utensils dominating the frame, no recipe card. Restaurant context: Parkview Elegance in Four Seasons Skyscraper, New York City, led by Chef Thomas Kingsley. Dining room mood: Parkview Elegance offers an exquisite dining experience in a sophisticated setting, high above the city on the 55th floor of the Four Seasons Skyscraper. The floor-to-ceiling windows provide breathtaking panoramic views of Central Park, while the opulent dining room features plush velvet seating, crystal chandeliers, and fine art. The menu, crafted by Chef Thomas Kingsley, showcases the finest ingredients and innovative techniques, paired with a remarkable wine list for an unforgettable culinary journey. Course: Dessert. Dish: Dark chocolate soufflé with passion fruit coulis and Tahitian vanilla ice cream. Wine pairing influence: Taylor Fladgate 20 Year Old Tawny Port. Let the plating, garnish, table surface, and background atmosphere quietly reflect the restaurant's cuisine and setting.",artifacts/recipe_images/new_pngs/recipe-image-236-parkview-elegance-dessert.png,gpt-image-2,1024x1024,medium
recipe-image-237-aurora-borealis-amuse-bouche,Aurora Borealis,Chef Hyeon Min-jun,"Four Seasons Ice and Geyser Palace, Iceland",Amuse-Bouche,Seared Arctic char tartare with gochujang aioli and crispy seaweed,Seared Arctic char tartare with gochujang aioli and crispy seaweed,dish_pictures/Chef_Hyeon_Min-jun-Aurora_Borealis-Amuse-Bouche-Seared_Arctic_char_tartare_with_gochujang_aioli_and_crispy_seaweed.webp,"Square 1024x1024 fine-dining editorial food photograph for a luxury digital tasting menu. Create a photorealistic plated dish with natural restaurant lighting, refined composition, crisp textures, appetizing color, shallow depth of field, and elegant negative space. No text, no logos, no watermarks, no hands, no utensils dominating the frame, no recipe card. Restaurant context: Aurora Borealis in Four Seasons Ice and Geyser Palace, Iceland, led by Chef Hyeon Min-jun. Dining room mood: Aurora Borealis is a breathtaking dining experience that combines the beauty of Icelandic nature with the bold flavors of Korean cuisine. Set within the enchanting Four Seasons Ice and Geyser Palace, the restaurant features a magnificent ice-carved chandelier, floor-to-ceiling windows overlooking geysers, and plush seating designed to reflect the Northern Lights. Chef Hyeon Min-jun masterfully blends the finest local ingredients with Korean culinary techniques for an unforgettable fusion feast. Course: Amuse-Bouche. Dish: Seared Arctic char tartare with gochujang aioli and crispy seaweed. Wine pairing influence: Champagne Billecart-Salmon Brut Réserve. Let the plating, garnish, table surface, and background atmosphere quietly reflect the restaurant's cuisine and setting.",artifacts/recipe_images/new_pngs/recipe-image-237-aurora-borealis-amuse-bouche.png,gpt-image-2,1024x1024,medium
recipe-image-238-aurora-borealis-appetizer,Aurora Borealis,Chef Hyeon Min-jun,"Four Seasons Ice and Geyser Palace, Iceland",Appetizer,Icelandic lamb mandu with fermented cabbage and doenjang dipping sauce,Icelandic lamb mandu with fermented cabbage and doenjang dipping sauce,dish_pictures/Chef_Hyeon_Min-jun-Aurora_Borealis-Appetizer-Icelandic_lamb_mandu_with_fermented_cabbage_and_doenjang_dipping_sauce.webp,"Square 1024x1024 fine-dining editorial food photograph for a luxury digital tasting menu. Create a photorealistic plated dish with natural restaurant lighting, refined composition, crisp textures, appetizing color, shallow depth of field, and elegant negative space. No text, no logos, no watermarks, no hands, no utensils dominating the frame, no recipe card. Restaurant context: Aurora Borealis in Four Seasons Ice and Geyser Palace, Iceland, led by Chef Hyeon Min-jun. Dining room mood: Aurora Borealis is a breathtaking dining experience that combines the beauty of Icelandic nature with the bold flavors of Korean cuisine. Set within the enchanting Four Seasons Ice and Geyser Palace, the restaurant features a magnificent ice-carved chandelier, floor-to-ceiling windows overlooking geysers, and plush seating designed to reflect the Northern Lights. Chef Hyeon Min-jun masterfully blends the finest local ingredients with Korean culinary techniques for an unforgettable fusion feast. Course: Appetizer. Dish: Icelandic lamb mandu with fermented cabbage and doenjang dipping sauce. Wine pairing influence: Riesling Egon Müller Scharzhofberger Kabinett 2019. Let the plating, garnish, table surface, and background atmosphere quietly reflect the restaurant's cuisine and setting.",artifacts/recipe_images/new_pngs/recipe-image-238-aurora-borealis-appetizer.png,gpt-image-2,1024x1024,medium
recipe-image-239-aurora-borealis-soup,Aurora Borealis,Chef Hyeon Min-jun,"Four Seasons Ice and Geyser Palace, Iceland",Soup,Miso and dulse seaweed soup with smoked tofu and wild mushrooms,Miso and dulse seaweed soup with smoked tofu and wild mushrooms,dish_pictures/Chef_Hyeon_Min-jun-Aurora_Borealis-Soup-Miso_and_dulse_seaweed_soup_with_smoked_tofu_and_wild_mushrooms.webp,"Square 1024x1024 fine-dining editorial food photograph for a luxury digital tasting menu. Create a photorealistic plated dish with natural restaurant lighting, refined composition, crisp textures, appetizing color, shallow depth of field, and elegant negative space. No text, no logos, no watermarks, no hands, no utensils dominating the frame, no recipe card. Restaurant context: Aurora Borealis in Four Seasons Ice and Geyser Palace, Iceland, led by Chef Hyeon Min-jun. Dining room mood: Aurora Borealis is a breathtaking dining experience that combines the beauty of Icelandic nature with the bold flavors of Korean cuisine. Set within the enchanting Four Seasons Ice and Geyser Palace, the restaurant features a magnificent ice-carved chandelier, floor-to-ceiling windows overlooking geysers, and plush seating designed to reflect the Northern Lights. Chef Hyeon Min-jun masterfully blends the finest local ingredients with Korean culinary techniques for an unforgettable fusion feast. Course: Soup. Dish: Miso and dulse seaweed soup with smoked tofu and wild mushrooms. Wine pairing influence: Gruner Veltliner Hirsch Kammern Heiligenstein 2018. Let the plating, garnish, table surface, and background atmosphere quietly reflect the restaurant's cuisine and setting.",artifacts/recipe_images/new_pngs/recipe-image-239-aurora-borealis-soup.png,gpt-image-2,1024x1024,medium
recipe-image-240-aurora-borealis-fish,Aurora Borealis,Chef Hyeon Min-jun,"Four Seasons Ice and Geyser Palace, Iceland",Fish,Pan-seared Atlantic cod with kimchi fried rice and pickled radish,Pan-seared Atlantic cod with kimchi fried rice and pickled radish,dish_pictures/Chef_Hyeon_Min-jun-Aurora_Borealis-Fish-Pan-seared_Atlantic_cod_with_kimchi_fried_rice_and_pickled_radish.webp,"Square 1024x1024 fine-dining editorial food photograph for a luxury digital tasting menu. Create a photorealistic plated dish with natural restaurant lighting, refined composition, crisp textures, appetizing color, shallow depth of field, and elegant negative space. No text, no logos, no watermarks, no hands, no utensils dominating the frame, no recipe card. Restaurant context: Aurora Borealis in Four Seasons Ice and Geyser Palace, Iceland, led by Chef Hyeon Min-jun. Dining room mood: Aurora Borealis is a breathtaking dining experience that combines the beauty of Icelandic nature with the bold flavors of Korean cuisine. Set within the enchanting Four Seasons Ice and Geyser Palace, the restaurant features a magnificent ice-carved chandelier, floor-to-ceiling windows overlooking geysers, and plush seating designed to reflect the Northern Lights. Chef Hyeon Min-jun masterfully blends the finest local ingredients with Korean culinary techniques for an unforgettable fusion feast. Course: Fish. Dish: Pan-seared Atlantic cod with kimchi fried rice and pickled radish. Wine pairing influence: Chardonnay Kistler Vine Hill Vineyard 2017. Let the plating, garnish, table surface, and background atmosphere quietly reflect the restaurant's cuisine and setting.",artifacts/recipe_images/new_pngs/recipe-image-240-aurora-borealis-fish.png,gpt-image-2,1024x1024,medium
recipe-image-241-aurora-borealis-meat,Aurora Borealis,Chef Hyeon Min-jun,"Four Seasons Ice and Geyser Palace, Iceland",Meat,Bulgogi-marinated reindeer with Icelandic barley risotto and ssamjang sauce,Bulgogi-marinated reindeer with Icelandic barley risotto and ssamjang sauce,dish_pictures/Chef_Hyeon_Min-jun-Aurora_Borealis-Meat-Bulgogi-marinated_reindeer_with_Icelandic_barley_risotto_and_ssamjang_sauce.webp,"Square 1024x1024 fine-dining editorial food photograph for a luxury digital tasting menu. Create a photorealistic plated dish with natural restaurant lighting, refined composition, crisp textures, appetizing color, shallow depth of field, and elegant negative space. No text, no logos, no watermarks, no hands, no utensils dominating the frame, no recipe card. Restaurant context: Aurora Borealis in Four Seasons Ice and Geyser Palace, Iceland, led by Chef Hyeon Min-jun. Dining room mood: Aurora Borealis is a breathtaking dining experience that combines the beauty of Icelandic nature with the bold flavors of Korean cuisine. Set within the enchanting Four Seasons Ice and Geyser Palace, the restaurant features a magnificent ice-carved chandelier, floor-to-ceiling windows overlooking geysers, and plush seating designed to reflect the Northern Lights. Chef Hyeon Min-jun masterfully blends the finest local ingredients with Korean culinary techniques for an unforgettable fusion feast. Course: Meat. Dish: Bulgogi-marinated reindeer with Icelandic barley risotto and ssamjang sauce. Wine pairing influence: Pinot Noir Domaine de la Romanée-Conti Echézeaux 2015. Let the plating, garnish, table surface, and background atmosphere quietly reflect the restaurant's cuisine and setting.",artifacts/recipe_images/new_pngs/recipe-image-241-aurora-borealis-meat.png,gpt-image-2,1024x1024,medium
recipe-image-242-aurora-borealis-dessert,Aurora Borealis,Chef Hyeon Min-jun,"Four Seasons Ice and Geyser Palace, Iceland",Dessert,Yuzu-infused Skyr mousse with honeycomb and mixed berry coulis,Yuzu-infused Skyr mousse with honeycomb and mixed berry coulis,dish_pictures/Chef_Hyeon_Min-jun-Aurora_Borealis-Dessert-Yuzu-infused_Skyr_mousse_with_honeycomb_and_mixed_berry_coulis.webp,"Square 1024x1024 fine-dining editorial food photograph for a luxury digital tasting menu. Create a photorealistic plated dish with natural restaurant lighting, refined composition, crisp textures, appetizing color, shallow depth of field, and elegant negative space. No text, no logos, no watermarks, no hands, no utensils dominating the frame, no recipe card. Restaurant context: Aurora Borealis in Four Seasons Ice and Geyser Palace, Iceland, led by Chef Hyeon Min-jun. Dining room mood: Aurora Borealis is a breathtaking dining experience that combines the beauty of Icelandic nature with the bold flavors of Korean cuisine. Set within the enchanting Four Seasons Ice and Geyser Palace, the restaurant features a magnificent ice-carved chandelier, floor-to-ceiling windows overlooking geysers, and plush seating designed to reflect the Northern Lights. Chef Hyeon Min-jun masterfully blends the finest local ingredients with Korean culinary techniques for an unforgettable fusion feast. Course: Dessert. Dish: Yuzu-infused Skyr mousse with honeycomb and mixed berry coulis. Wine pairing influence: Tokaji Aszú 6 Puttonyos Oremus 2013. Let the plating, garnish, table surface, and background atmosphere quietly reflect the restaurant's cuisine and setting.",artifacts/recipe_images/new_pngs/recipe-image-242-aurora-borealis-dessert.png,gpt-image-2,1024x1024,medium
recipe-image-243-aurora-borealis-petit-fours,Aurora Borealis,Chef Hyeon Min-jun,"Four Seasons Ice and Geyser Palace, Iceland",Petit Fours,Matcha-dusted Icelandic chocolate truffles and sesame-honey brittle,Matcha-dusted Icelandic chocolate truffles and sesame-honey brittle,dish_pictures/Chef_Hyeon_Min-jun-Aurora_Borealis-Petit_Fours-Matcha-dusted_Icelandic_chocolate_truffles_and_sesame-honey_brittle.webp,"Square 1024x1024 fine-dining editorial food photograph for a luxury digital tasting menu. Create a photorealistic plated dish with natural restaurant lighting, refined composition, crisp textures, appetizing color, shallow depth of field, and elegant negative space. No text, no logos, no watermarks, no hands, no utensils dominating the frame, no recipe card. Restaurant context: Aurora Borealis in Four Seasons Ice and Geyser Palace, Iceland, led by Chef Hyeon Min-jun. Dining room mood: Aurora Borealis is a breathtaking dining experience that combines the beauty of Icelandic nature with the bold flavors of Korean cuisine. Set within the enchanting Four Seasons Ice and Geyser Palace, the restaurant features a magnificent ice-carved chandelier, floor-to-ceiling windows overlooking geysers, and plush seating designed to reflect the Northern Lights. Chef Hyeon Min-jun masterfully blends the finest local ingredients with Korean culinary techniques for an unforgettable fusion feast. Course: Petit Fours. Dish: Matcha-dusted Icelandic chocolate truffles and sesame-honey brittle. Wine pairing influence: Sauternes Château Coutet 2016. Let the plating, garnish, table surface, and background atmosphere quietly reflect the restaurant's cuisine and setting.",artifacts/recipe_images/new_pngs/recipe-image-243-aurora-borealis-petit-fours.png,gpt-image-2,1024x1024,medium
recipe-image-244-pescado-sagrado-amuse-bouche,Pescado Sagrado,Chef Alejandro Torres,"Four Seasons Jungle Retreat, South America",Amuse-Bouche,"Wild-caught Amazonian shrimp ceviche with lime, mango, and aji amarillo","Wild-caught Amazonian shrimp ceviche with lime, mango, and aji amarillo","dish_pictures/Chef_Alejandro_Torres-Pescado_Sagrado-Amuse-Bouche-Wild-caught_Amazonian_shrimp_ceviche_with_lime,_mango,_and_aji_amarillo.webp","Square 1024x1024 fine-dining editorial food photograph for a luxury digital tasting menu. Create a photorealistic plated dish with natural restaurant lighting, refined composition, crisp textures, appetizing color, shallow depth of field, and elegant negative space. No text, no logos, no watermarks, no hands, no utensils dominating the frame, no recipe card. Restaurant context: Pescado Sagrado in Four Seasons Jungle Retreat, South America, led by Chef Alejandro Torres. Dining room mood: Pescado Sagrado offers an unparalleled dining experience in the heart of the South American jungle, accessible only by helicopter. This exclusive Four Seasons Jungle Retreat restaurant blends modern culinary techniques with the rich history and flavors of indigenous culture. The elegantly designed dining room features floor-to-ceiling windows that immerse guests in the lush jungle surroundings, while the open-air terrace provides a unique opportunity to dine under the stars. Course: Amuse-Bouche. Dish: Wild-caught Amazonian shrimp ceviche with lime, mango, and aji amarillo. Wine pairing influence: Champagne Dom Pérignon Vintage 2010. Let the plating, garnish, table surface, and background atmosphere quietly reflect the restaurant's cuisine and setting.",artifacts/recipe_images/new_pngs/recipe-image-244-pescado-sagrado-amuse-bouche.png,gpt-image-2,1024x1024,medium
recipe-image-245-pescado-sagrado-appetizer,Pescado Sagrado,Chef Alejandro Torres,"Four Seasons Jungle Retreat, South America",Appetizer,Tiradito of sustainably caught sea bass with avocado mousse and passion fruit vinaigrette,Tiradito of sustainably caught sea bass with avocado mousse and passion fruit vinaigrette,dish_pictures/Chef_Alejandro_Torres-Pescado_Sagrado-Appetizer-Tiradito_of_sustainably_caught_sea_bass_with_avocado_mousse_and_passion_fruit_vinaigrette.webp,"Square 1024x1024 fine-dining editorial food photograph for a luxury digital tasting menu. Create a photorealistic plated dish with natural restaurant lighting, refined composition, crisp textures, appetizing color, shallow depth of field, and elegant negative space. No text, no logos, no watermarks, no hands, no utensils dominating the frame, no recipe card. Restaurant context: Pescado Sagrado in Four Seasons Jungle Retreat, South America, led by Chef Alejandro Torres. Dining room mood: Pescado Sagrado offers an unparalleled dining experience in the heart of the South American jungle, accessible only by helicopter. This exclusive Four Seasons Jungle Retreat restaurant blends modern culinary techniques with the rich history and flavors of indigenous culture. The elegantly designed dining room features floor-to-ceiling windows that immerse guests in the lush jungle surroundings, while the open-air terrace provides a unique opportunity to dine under the stars. Course: Appetizer. Dish: Tiradito of sustainably caught sea bass with avocado mousse and passion fruit vinaigrette. Wine pairing influence: Albariño Pazo Señorans Selección de Añada 2015. Let the plating, garnish, table surface, and background atmosphere quietly reflect the restaurant's cuisine and setting.",artifacts/recipe_images/new_pngs/recipe-image-245-pescado-sagrado-appetizer.png,gpt-image-2,1024x1024,medium
recipe-image-246-pescado-sagrado-salad,Pescado Sagrado,Chef Alejandro Torres,"Four Seasons Jungle Retreat, South America",Salad,Heart of palm and quinoa salad with pomegranate seeds and chia-lime dressing,Heart of palm and quinoa salad with pomegranate seeds and chia-lime dressing,dish_pictures/Chef_Alejandro_Torres-Pescado_Sagrado-Salad-Heart_of_palm_and_quinoa_salad_with_pomegranate_seeds_and_chia-lime_dressing.webp,"Square 1024x1024 fine-dining editorial food photograph for a luxury digital tasting menu. Create a photorealistic plated dish with natural restaurant lighting, refined composition, crisp textures, appetizing color, shallow depth of field, and elegant negative space. No text, no logos, no watermarks, no hands, no utensils dominating the frame, no recipe card. Restaurant context: Pescado Sagrado in Four Seasons Jungle Retreat, South America, led by Chef Alejandro Torres. Dining room mood: Pescado Sagrado offers an unparalleled dining experience in the heart of the South American jungle, accessible only by helicopter. This exclusive Four Seasons Jungle Retreat restaurant blends modern culinary techniques with the rich history and flavors of indigenous culture. The elegantly designed dining room features floor-to-ceiling windows that immerse guests in the lush jungle surroundings, while the open-air terrace provides a unique opportunity to dine under the stars. Course: Salad. Dish: Heart of palm and quinoa salad with pomegranate seeds and chia-lime dressing. Wine pairing influence: Sauvignon Blanc Cloudy Bay Te Koko 2017. Let the plating, garnish, table surface, and background atmosphere quietly reflect the restaurant's cuisine and setting.",artifacts/recipe_images/new_pngs/recipe-image-246-pescado-sagrado-salad.png,gpt-image-2,1024x1024,medium
recipe-image-247-pescado-sagrado-fish,Pescado Sagrado,Chef Alejandro Torres,"Four Seasons Jungle Retreat, South America",Fish,Cured Patagonian toothfish with chile-infused tapioca pearls and tamarillo sauce,Cured Patagonian toothfish with chile-infused tapioca pearls and tamarillo sauce,dish_pictures/Chef_Alejandro_Torres-Pescado_Sagrado-Fish-Cured_Patagonian_toothfish_with_chile-infused_tapioca_pearls_and_tamarillo_sauce.webp,"Square 1024x1024 fine-dining editorial food photograph for a luxury digital tasting menu. Create a photorealistic plated dish with natural restaurant lighting, refined composition, crisp textures, appetizing color, shallow depth of field, and elegant negative space. No text, no logos, no watermarks, no hands, no utensils dominating the frame, no recipe card. Restaurant context: Pescado Sagrado in Four Seasons Jungle Retreat, South America, led by Chef Alejandro Torres. Dining room mood: Pescado Sagrado offers an unparalleled dining experience in the heart of the South American jungle, accessible only by helicopter. This exclusive Four Seasons Jungle Retreat restaurant blends modern culinary techniques with the rich history and flavors of indigenous culture. The elegantly designed dining room features floor-to-ceiling windows that immerse guests in the lush jungle surroundings, while the open-air terrace provides a unique opportunity to dine under the stars. Course: Fish. Dish: Cured Patagonian toothfish with chile-infused tapioca pearls and tamarillo sauce. Wine pairing influence: Chardonnay Catena Zapata Adrianna Vineyard White Bones 2018. Let the plating, garnish, table surface, and background atmosphere quietly reflect the restaurant's cuisine and setting.",artifacts/recipe_images/new_pngs/recipe-image-247-pescado-sagrado-fish.png,gpt-image-2,1024x1024,medium
recipe-image-248-pescado-sagrado-main-course,Pescado Sagrado,Chef Alejandro Torres,"Four Seasons Jungle Retreat, South America",Main Course,Amazonian catfish sashimi with heirloom tomato salsa and a side of purple corn arepas,Amazonian catfish sashimi with heirloom tomato salsa and a side of purple corn arepas,dish_pictures/Chef_Alejandro_Torres-Pescado_Sagrado-Main_Course-Amazonian_catfish_sashimi_with_heirloom_tomato_salsa_and_a_side_of_purple_corn_arepas.webp,"Square 1024x1024 fine-dining editorial food photograph for a luxury digital tasting menu. Create a photorealistic plated dish with natural restaurant lighting, refined composition, crisp textures, appetizing color, shallow depth of field, and elegant negative space. No text, no logos, no watermarks, no hands, no utensils dominating the frame, no recipe card. Restaurant context: Pescado Sagrado in Four Seasons Jungle Retreat, South America, led by Chef Alejandro Torres. Dining room mood: Pescado Sagrado offers an unparalleled dining experience in the heart of the South American jungle, accessible only by helicopter. This exclusive Four Seasons Jungle Retreat restaurant blends modern culinary techniques with the rich history and flavors of indigenous culture. The elegantly designed dining room features floor-to-ceiling windows that immerse guests in the lush jungle surroundings, while the open-air terrace provides a unique opportunity to dine under the stars. Course: Main Course. Dish: Amazonian catfish sashimi with heirloom tomato salsa and a side of purple corn arepas. Wine pairing influence: Chenin Blanc François Chidaine Montlouis-sur-Loire Les Bournais 2016. Let the plating, garnish, table surface, and background atmosphere quietly reflect the restaurant's cuisine and setting.",artifacts/recipe_images/new_pngs/recipe-image-248-pescado-sagrado-main-course.png,gpt-image-2,1024x1024,medium
recipe-image-249-pescado-sagrado-pre-dessert,Pescado Sagrado,Chef Alejandro Torres,"Four Seasons Jungle Retreat, South America",Pre-Dessert,Acai sorbet with cacao nibs and an edible flower garnish,Acai sorbet with cacao nibs and an edible flower garnish,dish_pictures/Chef_Alejandro_Torres-Pescado_Sagrado-Pre-Dessert-Acai_sorbet_with_cacao_nibs_and_an_edible_flower_garnish.webp,"Square 1024x1024 fine-dining editorial food photograph for a luxury digital tasting menu. Create a photorealistic plated dish with natural restaurant lighting, refined composition, crisp textures, appetizing color, shallow depth of field, and elegant negative space. No text, no logos, no watermarks, no hands, no utensils dominating the frame, no recipe card. Restaurant context: Pescado Sagrado in Four Seasons Jungle Retreat, South America, led by Chef Alejandro Torres. Dining room mood: Pescado Sagrado offers an unparalleled dining experience in the heart of the South American jungle, accessible only by helicopter. This exclusive Four Seasons Jungle Retreat restaurant blends modern culinary techniques with the rich history and flavors of indigenous culture. The elegantly designed dining room features floor-to-ceiling windows that immerse guests in the lush jungle surroundings, while the open-air terrace provides a unique opportunity to dine under the stars. Course: Pre-Dessert. Dish: Acai sorbet with cacao nibs and an edible flower garnish. Wine pairing influence: Moscato d'Asti Elio Perrone Sourgal 2020. Let the plating, garnish, table surface, and background atmosphere quietly reflect the restaurant's cuisine and setting.",artifacts/recipe_images/new_pngs/recipe-image-249-pescado-sagrado-pre-dessert.png,gpt-image-2,1024x1024,medium
recipe-image-250-pescado-sagrado-dessert,Pescado Sagrado,Chef Alejandro Torres,"Four Seasons Jungle Retreat, South America",Dessert,Grilled pineapple carpaccio with coconut foam and guava coulis,Grilled pineapple carpaccio with coconut foam and guava coulis,dish_pictures/Chef_Alejandro_Torres-Pescado_Sagrado-Dessert-Grilled_pineapple_carpaccio_with_coconut_foam_and_guava_coulis.webp,"Square 1024x1024 fine-dining editorial food photograph for a luxury digital tasting menu. Create a photorealistic plated dish with natural restaurant lighting, refined composition, crisp textures, appetizing color, shallow depth of field, and elegant negative space. No text, no logos, no watermarks, no hands, no utensils dominating the frame, no recipe card. Restaurant context: Pescado Sagrado in Four Seasons Jungle Retreat, South America, led by Chef Alejandro Torres. Dining room mood: Pescado Sagrado offers an unparalleled dining experience in the heart of the South American jungle, accessible only by helicopter. This exclusive Four Seasons Jungle Retreat restaurant blends modern culinary techniques with the rich history and flavors of indigenous culture. The elegantly designed dining room features floor-to-ceiling windows that immerse guests in the lush jungle surroundings, while the open-air terrace provides a unique opportunity to dine under the stars. Course: Dessert. Dish: Grilled pineapple carpaccio with coconut foam and guava coulis. Wine pairing influence: Sauternes Château d'Yquem 2011. Let the plating, garnish, table surface, and background atmosphere quietly reflect the restaurant's cuisine and setting.",artifacts/recipe_images/new_pngs/recipe-image-250-pescado-sagrado-dessert.png,gpt-image-2,1024x1024,medium
recipe-image-251-sol-y-sakura-amuse-bouche,Sol y Sakura,Chef Isabella Sánchez,"Four Seasons Hotel, San Francisco",Amuse-Bouche,Tuna and piquillo pepper temaki with shiso and Spanish olive oil,Tuna and piquillo pepper temaki with shiso and Spanish olive oil,dish_pictures/Chef_Isabella_Sánchez-Sol_y_Sakura-Amuse-Bouche-Tuna_and_piquillo_pepper_temaki_with_shiso_and_Spanish_olive_oil.webp,"Square 1024x1024 fine-dining editorial food photograph for a luxury digital tasting menu. Create a photorealistic plated dish with natural restaurant lighting, refined composition, crisp textures, appetizing color, shallow depth of field, and elegant negative space. No text, no logos, no watermarks, no hands, no utensils dominating the frame, no recipe card. Restaurant context: Sol y Sakura in Four Seasons Hotel, San Francisco, led by Chef Isabella Sánchez. Dining room mood: Sol y Sakura presents a stunning fusion of Spanish and Japanese cuisines in the heart of San Francisco at the luxurious Four Seasons Hotel. The elegant dining room showcases breathtaking views of the San Francisco Bay through its expansive windows, while a stylish outdoor terrace allows guests to enjoy the city's renowned skyline. The restaurant's unique menu, designed by acclaimed Chef Isabella Sánchez, offers a harmonious blend of flavors that will transport diners on a remarkable culinary journey. Course: Amuse-Bouche. Dish: Tuna and piquillo pepper temaki with shiso and Spanish olive oil. Wine pairing influence: Cava Recaredo Brut Nature Gran Reserva 2015. Let the plating, garnish, table surface, and background atmosphere quietly reflect the restaurant's cuisine and setting.",artifacts/recipe_images/new_pngs/recipe-image-251-sol-y-sakura-amuse-bouche.png,gpt-image-2,1024x1024,medium
recipe-image-252-sol-y-sakura-appetizer,Sol y Sakura,Chef Isabella Sánchez,"Four Seasons Hotel, San Francisco",Appetizer,Seared scallops with jamón ibérico and yuzu miso sauce,Seared scallops with jamón ibérico and yuzu miso sauce,dish_pictures/Chef_Isabella_Sánchez-Sol_y_Sakura-Appetizer-Seared_scallops_with_jamón_ibérico_and_yuzu_miso_sauce.webp,"Square 1024x1024 fine-dining editorial food photograph for a luxury digital tasting menu. Create a photorealistic plated dish with natural restaurant lighting, refined composition, crisp textures, appetizing color, shallow depth of field, and elegant negative space. No text, no logos, no watermarks, no hands, no utensils dominating the frame, no recipe card. Restaurant context: Sol y Sakura in Four Seasons Hotel, San Francisco, led by Chef Isabella Sánchez. Dining room mood: Sol y Sakura presents a stunning fusion of Spanish and Japanese cuisines in the heart of San Francisco at the luxurious Four Seasons Hotel. The elegant dining room showcases breathtaking views of the San Francisco Bay through its expansive windows, while a stylish outdoor terrace allows guests to enjoy the city's renowned skyline. The restaurant's unique menu, designed by acclaimed Chef Isabella Sánchez, offers a harmonious blend of flavors that will transport diners on a remarkable culinary journey. Course: Appetizer. Dish: Seared scallops with jamón ibérico and yuzu miso sauce. Wine pairing influence: Albariño Do Ferreiro Cepas Vellas 2019. Let the plating, garnish, table surface, and background atmosphere quietly reflect the restaurant's cuisine and setting.",artifacts/recipe_images/new_pngs/recipe-image-252-sol-y-sakura-appetizer.png,gpt-image-2,1024x1024,medium
recipe-image-253-sol-y-sakura-soup,Sol y Sakura,Chef Isabella Sánchez,"Four Seasons Hotel, San Francisco",Soup,"Gazpacho with uni, daikon radish, and wasabi oil","Gazpacho with uni, daikon radish, and wasabi oil","dish_pictures/Chef_Isabella_Sánchez-Sol_y_Sakura-Soup-Gazpacho_with_uni,_daikon_radish,_and_wasabi_oil.webp","Square 1024x1024 fine-dining editorial food photograph for a luxury digital tasting menu. Create a photorealistic plated dish with natural restaurant lighting, refined composition, crisp textures, appetizing color, shallow depth of field, and elegant negative space. No text, no logos, no watermarks, no hands, no utensils dominating the frame, no recipe card. Restaurant context: Sol y Sakura in Four Seasons Hotel, San Francisco, led by Chef Isabella Sánchez. Dining room mood: Sol y Sakura presents a stunning fusion of Spanish and Japanese cuisines in the heart of San Francisco at the luxurious Four Seasons Hotel. The elegant dining room showcases breathtaking views of the San Francisco Bay through its expansive windows, while a stylish outdoor terrace allows guests to enjoy the city's renowned skyline. The restaurant's unique menu, designed by acclaimed Chef Isabella Sánchez, offers a harmonious blend of flavors that will transport diners on a remarkable culinary journey. Course: Soup. Dish: Gazpacho with uni, daikon radish, and wasabi oil. Wine pairing influence: Sancerre Domaine Vacheron Belle Dame 2018. Let the plating, garnish, table surface, and background atmosphere quietly reflect the restaurant's cuisine and setting.",artifacts/recipe_images/new_pngs/recipe-image-253-sol-y-sakura-soup.png,gpt-image-2,1024x1024,medium
recipe-image-254-sol-y-sakura-fish,Sol y Sakura,Chef Isabella Sánchez,"Four Seasons Hotel, San Francisco",Fish,"Grilled octopus with shishito peppers, sake-glazed eggplant, and romesco sauce","Grilled octopus with shishito peppers, sake-glazed eggplant, and romesco sauce","dish_pictures/Chef_Isabella_Sánchez-Sol_y_Sakura-Fish-Grilled_octopus_with_shishito_peppers,_sake-glazed_eggplant,_and_romesco_sauce.webp","Square 1024x1024 fine-dining editorial food photograph for a luxury digital tasting menu. Create a photorealistic plated dish with natural restaurant lighting, refined composition, crisp textures, appetizing color, shallow depth of field, and elegant negative space. No text, no logos, no watermarks, no hands, no utensils dominating the frame, no recipe card. Restaurant context: Sol y Sakura in Four Seasons Hotel, San Francisco, led by Chef Isabella Sánchez. Dining room mood: Sol y Sakura presents a stunning fusion of Spanish and Japanese cuisines in the heart of San Francisco at the luxurious Four Seasons Hotel. The elegant dining room showcases breathtaking views of the San Francisco Bay through its expansive windows, while a stylish outdoor terrace allows guests to enjoy the city's renowned skyline. The restaurant's unique menu, designed by acclaimed Chef Isabella Sánchez, offers a harmonious blend of flavors that will transport diners on a remarkable culinary journey. Course: Fish. Dish: Grilled octopus with shishito peppers, sake-glazed eggplant, and romesco sauce. Wine pairing influence: Verdejo Belondrade y Lurton 2018. Let the plating, garnish, table surface, and background atmosphere quietly reflect the restaurant's cuisine and setting.",artifacts/recipe_images/new_pngs/recipe-image-254-sol-y-sakura-fish.png,gpt-image-2,1024x1024,medium
recipe-image-255-sol-y-sakura-meat,Sol y Sakura,Chef Isabella Sánchez,"Four Seasons Hotel, San Francisco",Meat,"Wagyu beef tataki with pimientos de Padrón, garlic chips, and ponzu reduction","Wagyu beef tataki with pimientos de Padrón, garlic chips, and ponzu reduction","dish_pictures/Chef_Isabella_Sánchez-Sol_y_Sakura-Meat-Wagyu_beef_tataki_with_pimientos_de_Padrón,_garlic_chips,_and_ponzu_reduction.webp","Square 1024x1024 fine-dining editorial food photograph for a luxury digital tasting menu. Create a photorealistic plated dish with natural restaurant lighting, refined composition, crisp textures, appetizing color, shallow depth of field, and elegant negative space. No text, no logos, no watermarks, no hands, no utensils dominating the frame, no recipe card. Restaurant context: Sol y Sakura in Four Seasons Hotel, San Francisco, led by Chef Isabella Sánchez. Dining room mood: Sol y Sakura presents a stunning fusion of Spanish and Japanese cuisines in the heart of San Francisco at the luxurious Four Seasons Hotel. The elegant dining room showcases breathtaking views of the San Francisco Bay through its expansive windows, while a stylish outdoor terrace allows guests to enjoy the city's renowned skyline. The restaurant's unique menu, designed by acclaimed Chef Isabella Sánchez, offers a harmonious blend of flavors that will transport diners on a remarkable culinary journey. Course: Meat. Dish: Wagyu beef tataki with pimientos de Padrón, garlic chips, and ponzu reduction. Wine pairing influence: Rioja Roda I Reserva 2012. Let the plating, garnish, table surface, and background atmosphere quietly reflect the restaurant's cuisine and setting.",artifacts/recipe_images/new_pngs/recipe-image-255-sol-y-sakura-meat.png,gpt-image-2,1024x1024,medium
recipe-image-256-sol-y-sakura-rice,Sol y Sakura,Chef Isabella Sánchez,"Four Seasons Hotel, San Francisco",Rice,Saffron-infused sushi rice with roasted Mediterranean vegetables and crispy nori,Saffron-infused sushi rice with roasted Mediterranean vegetables and crispy nori,dish_pictures/Chef_Isabella_Sánchez-Sol_y_Sakura-Rice-Saffron-infused_sushi_rice_with_roasted_Mediterranean_vegetables_and_crispy_nori.webp,"Square 1024x1024 fine-dining editorial food photograph for a luxury digital tasting menu. Create a photorealistic plated dish with natural restaurant lighting, refined composition, crisp textures, appetizing color, shallow depth of field, and elegant negative space. No text, no logos, no watermarks, no hands, no utensils dominating the frame, no recipe card. Restaurant context: Sol y Sakura in Four Seasons Hotel, San Francisco, led by Chef Isabella Sánchez. Dining room mood: Sol y Sakura presents a stunning fusion of Spanish and Japanese cuisines in the heart of San Francisco at the luxurious Four Seasons Hotel. The elegant dining room showcases breathtaking views of the San Francisco Bay through its expansive windows, while a stylish outdoor terrace allows guests to enjoy the city's renowned skyline. The restaurant's unique menu, designed by acclaimed Chef Isabella Sánchez, offers a harmonious blend of flavors that will transport diners on a remarkable culinary journey. Course: Rice. Dish: Saffron-infused sushi rice with roasted Mediterranean vegetables and crispy nori. Wine pairing influence: Chardonnay Marimar Estate La Màsía 2018. Let the plating, garnish, table surface, and background atmosphere quietly reflect the restaurant's cuisine and setting.",artifacts/recipe_images/new_pngs/recipe-image-256-sol-y-sakura-rice.png,gpt-image-2,1024x1024,medium
recipe-image-257-sol-y-sakura-dessert,Sol y Sakura,Chef Isabella Sánchez,"Four Seasons Hotel, San Francisco",Dessert,Green tea and pistachio crème brûlée with a sesame brittle,Green tea and pistachio crème brûlée with a sesame brittle,dish_pictures/Chef_Isabella_Sánchez-Sol_y_Sakura-Dessert-Green_tea_and_pistachio_crème_brûlée_with_a_sesame_brittle.webp,"Square 1024x1024 fine-dining editorial food photograph for a luxury digital tasting menu. Create a photorealistic plated dish with natural restaurant lighting, refined composition, crisp textures, appetizing color, shallow depth of field, and elegant negative space. No text, no logos, no watermarks, no hands, no utensils dominating the frame, no recipe card. Restaurant context: Sol y Sakura in Four Seasons Hotel, San Francisco, led by Chef Isabella Sánchez. Dining room mood: Sol y Sakura presents a stunning fusion of Spanish and Japanese cuisines in the heart of San Francisco at the luxurious Four Seasons Hotel. The elegant dining room showcases breathtaking views of the San Francisco Bay through its expansive windows, while a stylish outdoor terrace allows guests to enjoy the city's renowned skyline. The restaurant's unique menu, designed by acclaimed Chef Isabella Sánchez, offers a harmonious blend of flavors that will transport diners on a remarkable culinary journey. Course: Dessert. Dish: Green tea and pistachio crème brûlée with a sesame brittle. Wine pairing influence: Pedro Ximénez Toro Albala Don PX Gran Reserva 1987. Let the plating, garnish, table surface, and background atmosphere quietly reflect the restaurant's cuisine and setting.",artifacts/recipe_images/new_pngs/recipe-image-257-sol-y-sakura-dessert.png,gpt-image-2,1024x1024,medium
recipe-image-258-le-papillon-d-or-amuse-bouche,Le Papillon d'Or,Chef Claude Martin,"Four Seasons Hotel, Reims",Amuse-Bouche,Smoked salmon mousse on blinis with caviar and chives,Smoked salmon mousse on blinis with caviar and chives,dish_pictures/Chef_Claude_Martin-Le_Papillon_d'Or-Amuse-Bouche-Smoked_salmon_mousse_on_blinis_with_caviar_and_chives.webp,"Square 1024x1024 fine-dining editorial food photograph for a luxury digital tasting menu. Create a photorealistic plated dish with natural restaurant lighting, refined composition, crisp textures, appetizing color, shallow depth of field, and elegant negative space. No text, no logos, no watermarks, no hands, no utensils dominating the frame, no recipe card. Restaurant context: Le Papillon d'Or in Four Seasons Hotel, Reims, led by Chef Claude Martin. Dining room mood: Le Papillon d'Or is an iconic Four Seasons restaurant located in the heart of Reims, adorned with exquisite Art Nouveau details and luxurious furnishings. The restaurant offers an exceptional dining experience, featuring a menu of traditional French cuisine expertly paired with a selection of both prestigious and affordable champagnes. The elegant atmosphere and extraordinary service make Le Papillon d'Or the perfect destination for a truly unforgettable evening. Course: Amuse-Bouche. Dish: Smoked salmon mousse on blinis with caviar and chives. Wine pairing influence: Taittinger Brut Réserve. Let the plating, garnish, table surface, and background atmosphere quietly reflect the restaurant's cuisine and setting.",artifacts/recipe_images/new_pngs/recipe-image-258-le-papillon-d-or-amuse-bouche.png,gpt-image-2,1024x1024,medium
recipe-image-259-le-papillon-d-or-appetizer,Le Papillon d'Or,Chef Claude Martin,"Four Seasons Hotel, Reims",Appetizer,Seared foie gras with poached pear and brioche toast,Seared foie gras with poached pear and brioche toast,dish_pictures/Chef_Claude_Martin-Le_Papillon_d'Or-Appetizer-Seared_foie_gras_with_poached_pear_and_brioche_toast.webp,"Square 1024x1024 fine-dining editorial food photograph for a luxury digital tasting menu. Create a photorealistic plated dish with natural restaurant lighting, refined composition, crisp textures, appetizing color, shallow depth of field, and elegant negative space. No text, no logos, no watermarks, no hands, no utensils dominating the frame, no recipe card. Restaurant context: Le Papillon d'Or in Four Seasons Hotel, Reims, led by Chef Claude Martin. Dining room mood: Le Papillon d'Or is an iconic Four Seasons restaurant located in the heart of Reims, adorned with exquisite Art Nouveau details and luxurious furnishings. The restaurant offers an exceptional dining experience, featuring a menu of traditional French cuisine expertly paired with a selection of both prestigious and affordable champagnes. The elegant atmosphere and extraordinary service make Le Papillon d'Or the perfect destination for a truly unforgettable evening. Course: Appetizer. Dish: Seared foie gras with poached pear and brioche toast. Wine pairing influence: Billecart-Salmon Cuvée Nicolas François Billecart 2006. Let the plating, garnish, table surface, and background atmosphere quietly reflect the restaurant's cuisine and setting.",artifacts/recipe_images/new_pngs/recipe-image-259-le-papillon-d-or-appetizer.png,gpt-image-2,1024x1024,medium
recipe-image-260-le-papillon-d-or-fish,Le Papillon d'Or,Chef Claude Martin,"Four Seasons Hotel, Reims",Fish,"Sole meunière with brown butter, capers, and lemon","Sole meunière with brown butter, capers, and lemon","dish_pictures/Chef_Claude_Martin-Le_Papillon_d'Or-Fish-Sole_meunière_with_brown_butter,_capers,_and_lemon.webp","Square 1024x1024 fine-dining editorial food photograph for a luxury digital tasting menu. Create a photorealistic plated dish with natural restaurant lighting, refined composition, crisp textures, appetizing color, shallow depth of field, and elegant negative space. No text, no logos, no watermarks, no hands, no utensils dominating the frame, no recipe card. Restaurant context: Le Papillon d'Or in Four Seasons Hotel, Reims, led by Chef Claude Martin. Dining room mood: Le Papillon d'Or is an iconic Four Seasons restaurant located in the heart of Reims, adorned with exquisite Art Nouveau details and luxurious furnishings. The restaurant offers an exceptional dining experience, featuring a menu of traditional French cuisine expertly paired with a selection of both prestigious and affordable champagnes. The elegant atmosphere and extraordinary service make Le Papillon d'Or the perfect destination for a truly unforgettable evening. Course: Fish. Dish: Sole meunière with brown butter, capers, and lemon. Wine pairing influence: Louis Roederer Cristal Brut 2012. Let the plating, garnish, table surface, and background atmosphere quietly reflect the restaurant's cuisine and setting.",artifacts/recipe_images/new_pngs/recipe-image-260-le-papillon-d-or-fish.png,gpt-image-2,1024x1024,medium
recipe-image-261-le-papillon-d-or-meat,Le Papillon d'Or,Chef Claude Martin,"Four Seasons Hotel, Reims",Meat,Roasted rack of lamb with ratatouille and rosemary jus,Roasted rack of lamb with ratatouille and rosemary jus,dish_pictures/Chef_Claude_Martin-Le_Papillon_d'Or-Meat-Roasted_rack_of_lamb_with_ratatouille_and_rosemary_jus.webp,"Square 1024x1024 fine-dining editorial food photograph for a luxury digital tasting menu. Create a photorealistic plated dish with natural restaurant lighting, refined composition, crisp textures, appetizing color, shallow depth of field, and elegant negative space. No text, no logos, no watermarks, no hands, no utensils dominating the frame, no recipe card. Restaurant context: Le Papillon d'Or in Four Seasons Hotel, Reims, led by Chef Claude Martin. Dining room mood: Le Papillon d'Or is an iconic Four Seasons restaurant located in the heart of Reims, adorned with exquisite Art Nouveau details and luxurious furnishings. The restaurant offers an exceptional dining experience, featuring a menu of traditional French cuisine expertly paired with a selection of both prestigious and affordable champagnes. The elegant atmosphere and extraordinary service make Le Papillon d'Or the perfect destination for a truly unforgettable evening. Course: Meat. Dish: Roasted rack of lamb with ratatouille and rosemary jus. Wine pairing influence: Moët & Chandon Grand Vintage Rosé 2013. Let the plating, garnish, table surface, and background atmosphere quietly reflect the restaurant's cuisine and setting.",artifacts/recipe_images/new_pngs/recipe-image-261-le-papillon-d-or-meat.png,gpt-image-2,1024x1024,medium
recipe-image-262-le-papillon-d-or-cheese,Le Papillon d'Or,Chef Claude Martin,"Four Seasons Hotel, Reims",Cheese,Selection of regional French cheeses with fruit compote and walnut bread,Selection of regional French cheeses with fruit compote and walnut bread,dish_pictures/Chef_Claude_Martin-Le_Papillon_d'Or-Cheese-Selection_of_regional_French_cheeses_with_fruit_compote_and_walnut_bread.webp,"Square 1024x1024 fine-dining editorial food photograph for a luxury digital tasting menu. Create a photorealistic plated dish with natural restaurant lighting, refined composition, crisp textures, appetizing color, shallow depth of field, and elegant negative space. No text, no logos, no watermarks, no hands, no utensils dominating the frame, no recipe card. Restaurant context: Le Papillon d'Or in Four Seasons Hotel, Reims, led by Chef Claude Martin. Dining room mood: Le Papillon d'Or is an iconic Four Seasons restaurant located in the heart of Reims, adorned with exquisite Art Nouveau details and luxurious furnishings. The restaurant offers an exceptional dining experience, featuring a menu of traditional French cuisine expertly paired with a selection of both prestigious and affordable champagnes. The elegant atmosphere and extraordinary service make Le Papillon d'Or the perfect destination for a truly unforgettable evening. Course: Cheese. Dish: Selection of regional French cheeses with fruit compote and walnut bread. Wine pairing influence: Pol Roger Brut Vintage 2012. Let the plating, garnish, table surface, and background atmosphere quietly reflect the restaurant's cuisine and setting.",artifacts/recipe_images/new_pngs/recipe-image-262-le-papillon-d-or-cheese.png,gpt-image-2,1024x1024,medium
recipe-image-263-le-papillon-d-or-dessert,Le Papillon d'Or,Chef Claude Martin,"Four Seasons Hotel, Reims",Dessert,Tarte Tatin with crème fraîche and caramel sauce,Tarte Tatin with crème fraîche and caramel sauce,dish_pictures/Chef_Claude_Martin-Le_Papillon_d'Or-Dessert-Tarte_Tatin_with_crème_fraîche_and_caramel_sauce.webp,"Square 1024x1024 fine-dining editorial food photograph for a luxury digital tasting menu. Create a photorealistic plated dish with natural restaurant lighting, refined composition, crisp textures, appetizing color, shallow depth of field, and elegant negative space. No text, no logos, no watermarks, no hands, no utensils dominating the frame, no recipe card. Restaurant context: Le Papillon d'Or in Four Seasons Hotel, Reims, led by Chef Claude Martin. Dining room mood: Le Papillon d'Or is an iconic Four Seasons restaurant located in the heart of Reims, adorned with exquisite Art Nouveau details and luxurious furnishings. The restaurant offers an exceptional dining experience, featuring a menu of traditional French cuisine expertly paired with a selection of both prestigious and affordable champagnes. The elegant atmosphere and extraordinary service make Le Papillon d'Or the perfect destination for a truly unforgettable evening. Course: Dessert. Dish: Tarte Tatin with crème fraîche and caramel sauce. Wine pairing influence: Veuve Clicquot Demi-Sec. Let the plating, garnish, table surface, and background atmosphere quietly reflect the restaurant's cuisine and setting.",artifacts/recipe_images/new_pngs/recipe-image-263-le-papillon-d-or-dessert.png,gpt-image-2,1024x1024,medium
recipe-image-264-le-château-des-choux-amuse-bouche,Le Château des Choux,Chef Marie Dubois,"Four Seasons Hotel, Paris",Amuse-Bouche,Mini gougères with Comté cheese and fresh herbs,Mini gougères with Comté cheese and fresh herbs,dish_pictures/Chef_Marie_Dubois-Le_Château_des_Choux-Amuse-Bouche-Mini_gougères_with_Comté_cheese_and_fresh_herbs.webp,"Square 1024x1024 fine-dining editorial food photograph for a luxury digital tasting menu. Create a photorealistic plated dish with natural restaurant lighting, refined composition, crisp textures, appetizing color, shallow depth of field, and elegant negative space. No text, no logos, no watermarks, no hands, no utensils dominating the frame, no recipe card. Restaurant context: Le Château des Choux in Four Seasons Hotel, Paris, led by Chef Marie Dubois. Dining room mood: Le Château des Choux, nestled within a lavish Parisian palace, is a truly unique dining experience that highlights the exquisite art of cream puff pastry. The elegant setting, with its opulent chandeliers and plush velvet seating, provides the perfect backdrop for Chef Marie Dubois's innovative savory and sweet creations. Each dish is thoughtfully paired with a wine from various French regions, showcasing the diverse flavors of the country's rich culinary heritage. Course: Amuse-Bouche. Dish: Mini gougères with Comté cheese and fresh herbs. Wine pairing influence: Champagne Bollinger Special Cuvée Brut. Let the plating, garnish, table surface, and background atmosphere quietly reflect the restaurant's cuisine and setting.",artifacts/recipe_images/new_pngs/recipe-image-264-le-château-des-choux-amuse-bouche.png,gpt-image-2,1024x1024,medium
recipe-image-265-le-château-des-choux-appetizer,Le Château des Choux,Chef Marie Dubois,"Four Seasons Hotel, Paris",Appetizer,"Savory éclair filled with goat cheese mousse, sun-dried tomatoes, and basil","Savory éclair filled with goat cheese mousse, sun-dried tomatoes, and basil","dish_pictures/Chef_Marie_Dubois-Le_Château_des_Choux-Appetizer-Savory_éclair_filled_with_goat_cheese_mousse,_sun-dried_tomatoes,_and_basil.webp","Square 1024x1024 fine-dining editorial food photograph for a luxury digital tasting menu. Create a photorealistic plated dish with natural restaurant lighting, refined composition, crisp textures, appetizing color, shallow depth of field, and elegant negative space. No text, no logos, no watermarks, no hands, no utensils dominating the frame, no recipe card. Restaurant context: Le Château des Choux in Four Seasons Hotel, Paris, led by Chef Marie Dubois. Dining room mood: Le Château des Choux, nestled within a lavish Parisian palace, is a truly unique dining experience that highlights the exquisite art of cream puff pastry. The elegant setting, with its opulent chandeliers and plush velvet seating, provides the perfect backdrop for Chef Marie Dubois's innovative savory and sweet creations. Each dish is thoughtfully paired with a wine from various French regions, showcasing the diverse flavors of the country's rich culinary heritage. Course: Appetizer. Dish: Savory éclair filled with goat cheese mousse, sun-dried tomatoes, and basil. Wine pairing influence: Sancerre Domaine Vacheron 2020. Let the plating, garnish, table surface, and background atmosphere quietly reflect the restaurant's cuisine and setting.",artifacts/recipe_images/new_pngs/recipe-image-265-le-château-des-choux-appetizer.png,gpt-image-2,1024x1024,medium
recipe-image-266-le-château-des-choux-fish,Le Château des Choux,Chef Marie Dubois,"Four Seasons Hotel, Paris",Fish,Salmon mousse-filled profiteroles with dill cream sauce,Salmon mousse-filled profiteroles with dill cream sauce,dish_pictures/Chef_Marie_Dubois-Le_Château_des_Choux-Fish-Salmon_mousse-filled_profiteroles_with_dill_cream_sauce.webp,"Square 1024x1024 fine-dining editorial food photograph for a luxury digital tasting menu. Create a photorealistic plated dish with natural restaurant lighting, refined composition, crisp textures, appetizing color, shallow depth of field, and elegant negative space. No text, no logos, no watermarks, no hands, no utensils dominating the frame, no recipe card. Restaurant context: Le Château des Choux in Four Seasons Hotel, Paris, led by Chef Marie Dubois. Dining room mood: Le Château des Choux, nestled within a lavish Parisian palace, is a truly unique dining experience that highlights the exquisite art of cream puff pastry. The elegant setting, with its opulent chandeliers and plush velvet seating, provides the perfect backdrop for Chef Marie Dubois's innovative savory and sweet creations. Each dish is thoughtfully paired with a wine from various French regions, showcasing the diverse flavors of the country's rich culinary heritage. Course: Fish. Dish: Salmon mousse-filled profiteroles with dill cream sauce. Wine pairing influence: Chablis Domaine William Fèvre 2019. Let the plating, garnish, table surface, and background atmosphere quietly reflect the restaurant's cuisine and setting.",artifacts/recipe_images/new_pngs/recipe-image-266-le-château-des-choux-fish.png,gpt-image-2,1024x1024,medium
recipe-image-267-le-château-des-choux-meat,Le Château des Choux,Chef Marie Dubois,"Four Seasons Hotel, Paris",Meat,"Savory religieuse with duck confit and foie gras mousse, topped with truffle glaze","Savory religieuse with duck confit and foie gras mousse, topped with truffle glaze","dish_pictures/Chef_Marie_Dubois-Le_Château_des_Choux-Meat-Savory_religieuse_with_duck_confit_and_foie_gras_mousse,_topped_with_truffle_glaze.webp","Square 1024x1024 fine-dining editorial food photograph for a luxury digital tasting menu. Create a photorealistic plated dish with natural restaurant lighting, refined composition, crisp textures, appetizing color, shallow depth of field, and elegant negative space. No text, no logos, no watermarks, no hands, no utensils dominating the frame, no recipe card. Restaurant context: Le Château des Choux in Four Seasons Hotel, Paris, led by Chef Marie Dubois. Dining room mood: Le Château des Choux, nestled within a lavish Parisian palace, is a truly unique dining experience that highlights the exquisite art of cream puff pastry. The elegant setting, with its opulent chandeliers and plush velvet seating, provides the perfect backdrop for Chef Marie Dubois's innovative savory and sweet creations. Each dish is thoughtfully paired with a wine from various French regions, showcasing the diverse flavors of the country's rich culinary heritage. Course: Meat. Dish: Savory religieuse with duck confit and foie gras mousse, topped with truffle glaze. Wine pairing influence: Saint-Émilion Château Figeac 2015. Let the plating, garnish, table surface, and background atmosphere quietly reflect the restaurant's cuisine and setting.",artifacts/recipe_images/new_pngs/recipe-image-267-le-château-des-choux-meat.png,gpt-image-2,1024x1024,medium
recipe-image-268-le-château-des-choux-pre-dessert,Le Château des Choux,Chef Marie Dubois,"Four Seasons Hotel, Paris",Pre-Dessert,Lemon meringue éclair with tangy lemon curd filling and torched meringue,Lemon meringue éclair with tangy lemon curd filling and torched meringue,dish_pictures/Chef_Marie_Dubois-Le_Château_des_Choux-Pre-Dessert-Lemon_meringue_éclair_with_tangy_lemon_curd_filling_and_torched_meringue.webp,"Square 1024x1024 fine-dining editorial food photograph for a luxury digital tasting menu. Create a photorealistic plated dish with natural restaurant lighting, refined composition, crisp textures, appetizing color, shallow depth of field, and elegant negative space. No text, no logos, no watermarks, no hands, no utensils dominating the frame, no recipe card. Restaurant context: Le Château des Choux in Four Seasons Hotel, Paris, led by Chef Marie Dubois. Dining room mood: Le Château des Choux, nestled within a lavish Parisian palace, is a truly unique dining experience that highlights the exquisite art of cream puff pastry. The elegant setting, with its opulent chandeliers and plush velvet seating, provides the perfect backdrop for Chef Marie Dubois's innovative savory and sweet creations. Each dish is thoughtfully paired with a wine from various French regions, showcasing the diverse flavors of the country's rich culinary heritage. Course: Pre-Dessert. Dish: Lemon meringue éclair with tangy lemon curd filling and torched meringue. Wine pairing influence: Muscat de Beaumes-de-Venise Domaine de Durban 2018. Let the plating, garnish, table surface, and background atmosphere quietly reflect the restaurant's cuisine and setting.",artifacts/recipe_images/new_pngs/recipe-image-268-le-château-des-choux-pre-dessert.png,gpt-image-2,1024x1024,medium
recipe-image-269-le-château-des-choux-dessert,Le Château des Choux,Chef Marie Dubois,"Four Seasons Hotel, Paris",Dessert,Classic chocolate éclair with rich Valrhona chocolate cream and chocolate glaze,Classic chocolate éclair with rich Valrhona chocolate cream and chocolate glaze,dish_pictures/Chef_Marie_Dubois-Le_Château_des_Choux-Dessert-Classic_chocolate_éclair_with_rich_Valrhona_chocolate_cream_and_chocolate_glaze.webp,"Square 1024x1024 fine-dining editorial food photograph for a luxury digital tasting menu. Create a photorealistic plated dish with natural restaurant lighting, refined composition, crisp textures, appetizing color, shallow depth of field, and elegant negative space. No text, no logos, no watermarks, no hands, no utensils dominating the frame, no recipe card. Restaurant context: Le Château des Choux in Four Seasons Hotel, Paris, led by Chef Marie Dubois. Dining room mood: Le Château des Choux, nestled within a lavish Parisian palace, is a truly unique dining experience that highlights the exquisite art of cream puff pastry. The elegant setting, with its opulent chandeliers and plush velvet seating, provides the perfect backdrop for Chef Marie Dubois's innovative savory and sweet creations. Each dish is thoughtfully paired with a wine from various French regions, showcasing the diverse flavors of the country's rich culinary heritage. Course: Dessert. Dish: Classic chocolate éclair with rich Valrhona chocolate cream and chocolate glaze. Wine pairing influence: Banyuls Domaine La Tour Vieille 2018. Let the plating, garnish, table surface, and background atmosphere quietly reflect the restaurant's cuisine and setting.",artifacts/recipe_images/new_pngs/recipe-image-269-le-château-des-choux-dessert.png,gpt-image-2,1024x1024,medium
recipe-image-270-le-château-des-choux-petit-four,Le Château des Choux,Chef Marie Dubois,"Four Seasons Hotel, Paris",Petit Four,Raspberry and pistachio religieuse with raspberry cream and pistachio mousseline,Raspberry and pistachio religieuse with raspberry cream and pistachio mousseline,dish_pictures/Chef_Marie_Dubois-Le_Château_des_Choux-Petit_Four-Raspberry_and_pistachio_religieuse_with_raspberry_cream_and_pistachio_mousseline.webp,"Square 1024x1024 fine-dining editorial food photograph for a luxury digital tasting menu. Create a photorealistic plated dish with natural restaurant lighting, refined composition, crisp textures, appetizing color, shallow depth of field, and elegant negative space. No text, no logos, no watermarks, no hands, no utensils dominating the frame, no recipe card. Restaurant context: Le Château des Choux in Four Seasons Hotel, Paris, led by Chef Marie Dubois. Dining room mood: Le Château des Choux, nestled within a lavish Parisian palace, is a truly unique dining experience that highlights the exquisite art of cream puff pastry. The elegant setting, with its opulent chandeliers and plush velvet seating, provides the perfect backdrop for Chef Marie Dubois's innovative savory and sweet creations. Each dish is thoughtfully paired with a wine from various French regions, showcasing the diverse flavors of the country's rich culinary heritage. Course: Petit Four. Dish: Raspberry and pistachio religieuse with raspberry cream and pistachio mousseline. Wine pairing influence: Loupiac Château du Cros 2016. Let the plating, garnish, table surface, and background atmosphere quietly reflect the restaurant's cuisine and setting.",artifacts/recipe_images/new_pngs/recipe-image-270-le-château-des-choux-petit-four.png,gpt-image-2,1024x1024,medium
recipe-image-271-la-esencia-amuse-bouche,La Esencia,Chef Alejandro Torres,"Four Seasons Hotel, Malaga, Spain",Amuse-Bouche,Jamon Iberico with pan con tomate,Jamon Iberico with pan con tomate,dish_pictures/Chef_Alejandro_Torres-La_Esencia-Amuse-Bouche-Jamon_Iberico_with_pan_con_tomate.webp,"Square 1024x1024 fine-dining editorial food photograph for a luxury digital tasting menu. Create a photorealistic plated dish with natural restaurant lighting, refined composition, crisp textures, appetizing color, shallow depth of field, and elegant negative space. No text, no logos, no watermarks, no hands, no utensils dominating the frame, no recipe card. Restaurant context: La Esencia in Four Seasons Hotel, Malaga, Spain, led by Chef Alejandro Torres. Dining room mood: La Esencia, located in the heart of Malaga, showcases the rich flavors of Spanish cuisine, combining time-honored recipes with modern culinary techniques. The elegant dining room features warm colors, rustic wooden accents, and vibrant Spanish artwork. The stunning views of the Mediterranean Sea provide a breathtaking backdrop for an unforgettable gastronomic experience, enhanced by a selection of the finest Spanish wines and cava. Course: Amuse-Bouche. Dish: Jamon Iberico with pan con tomate. Wine pairing influence: Cava Gramona Imperial Gran Reserva Brut 2016. Let the plating, garnish, table surface, and background atmosphere quietly reflect the restaurant's cuisine and setting.",artifacts/recipe_images/new_pngs/recipe-image-271-la-esencia-amuse-bouche.png,gpt-image-2,1024x1024,medium
recipe-image-272-la-esencia-appetizer,La Esencia,Chef Alejandro Torres,"Four Seasons Hotel, Malaga, Spain",Appetizer,Salmorejo with quail egg and crispy Serrano ham,Salmorejo with quail egg and crispy Serrano ham,dish_pictures/Chef_Alejandro_Torres-La_Esencia-Appetizer-Salmorejo_with_quail_egg_and_crispy_Serrano_ham.webp,"Square 1024x1024 fine-dining editorial food photograph for a luxury digital tasting menu. Create a photorealistic plated dish with natural restaurant lighting, refined composition, crisp textures, appetizing color, shallow depth of field, and elegant negative space. No text, no logos, no watermarks, no hands, no utensils dominating the frame, no recipe card. Restaurant context: La Esencia in Four Seasons Hotel, Malaga, Spain, led by Chef Alejandro Torres. Dining room mood: La Esencia, located in the heart of Malaga, showcases the rich flavors of Spanish cuisine, combining time-honored recipes with modern culinary techniques. The elegant dining room features warm colors, rustic wooden accents, and vibrant Spanish artwork. The stunning views of the Mediterranean Sea provide a breathtaking backdrop for an unforgettable gastronomic experience, enhanced by a selection of the finest Spanish wines and cava. Course: Appetizer. Dish: Salmorejo with quail egg and crispy Serrano ham. Wine pairing influence: Albariño Pazo de Señoráns 2020. Let the plating, garnish, table surface, and background atmosphere quietly reflect the restaurant's cuisine and setting.",artifacts/recipe_images/new_pngs/recipe-image-272-la-esencia-appetizer.png,gpt-image-2,1024x1024,medium
recipe-image-273-la-esencia-fish,La Esencia,Chef Alejandro Torres,"Four Seasons Hotel, Malaga, Spain",Fish,Grilled octopus with potato cream and smoked paprika,Grilled octopus with potato cream and smoked paprika,dish_pictures/Chef_Alejandro_Torres-La_Esencia-Fish-Grilled_octopus_with_potato_cream_and_smoked_paprika.webp,"Square 1024x1024 fine-dining editorial food photograph for a luxury digital tasting menu. Create a photorealistic plated dish with natural restaurant lighting, refined composition, crisp textures, appetizing color, shallow depth of field, and elegant negative space. No text, no logos, no watermarks, no hands, no utensils dominating the frame, no recipe card. Restaurant context: La Esencia in Four Seasons Hotel, Malaga, Spain, led by Chef Alejandro Torres. Dining room mood: La Esencia, located in the heart of Malaga, showcases the rich flavors of Spanish cuisine, combining time-honored recipes with modern culinary techniques. The elegant dining room features warm colors, rustic wooden accents, and vibrant Spanish artwork. The stunning views of the Mediterranean Sea provide a breathtaking backdrop for an unforgettable gastronomic experience, enhanced by a selection of the finest Spanish wines and cava. Course: Fish. Dish: Grilled octopus with potato cream and smoked paprika. Wine pairing influence: Godello Bodegas Avancia 2019. Let the plating, garnish, table surface, and background atmosphere quietly reflect the restaurant's cuisine and setting.",artifacts/recipe_images/new_pngs/recipe-image-273-la-esencia-fish.png,gpt-image-2,1024x1024,medium
recipe-image-274-la-esencia-meat,La Esencia,Chef Alejandro Torres,"Four Seasons Hotel, Malaga, Spain",Meat,"Cordero al Chilindrón – Slow-cooked lamb with red pepper, tomato, and onion sauce","Cordero al Chilindrón – Slow-cooked lamb with red pepper, tomato, and onion sauce","dish_pictures/Chef_Alejandro_Torres-La_Esencia-Meat-Cordero_al_Chilindrón_–_Slow-cooked_lamb_with_red_pepper,_tomato,_and_onion_sauce.webp","Square 1024x1024 fine-dining editorial food photograph for a luxury digital tasting menu. Create a photorealistic plated dish with natural restaurant lighting, refined composition, crisp textures, appetizing color, shallow depth of field, and elegant negative space. No text, no logos, no watermarks, no hands, no utensils dominating the frame, no recipe card. Restaurant context: La Esencia in Four Seasons Hotel, Malaga, Spain, led by Chef Alejandro Torres. Dining room mood: La Esencia, located in the heart of Malaga, showcases the rich flavors of Spanish cuisine, combining time-honored recipes with modern culinary techniques. The elegant dining room features warm colors, rustic wooden accents, and vibrant Spanish artwork. The stunning views of the Mediterranean Sea provide a breathtaking backdrop for an unforgettable gastronomic experience, enhanced by a selection of the finest Spanish wines and cava. Course: Meat. Dish: Cordero al Chilindrón – Slow-cooked lamb with red pepper, tomato, and onion sauce. Wine pairing influence: Rioja Marqués de Riscal Reserva 2015. Let the plating, garnish, table surface, and background atmosphere quietly reflect the restaurant's cuisine and setting.",artifacts/recipe_images/new_pngs/recipe-image-274-la-esencia-meat.png,gpt-image-2,1024x1024,medium
recipe-image-275-la-esencia-cheese,La Esencia,Chef Alejandro Torres,"Four Seasons Hotel, Malaga, Spain",Cheese,"Spanish cheese selection with quince paste, Marcona almonds, and olive oil crackers","Spanish cheese selection with quince paste, Marcona almonds, and olive oil crackers","dish_pictures/Chef_Alejandro_Torres-La_Esencia-Cheese-Spanish_cheese_selection_with_quince_paste,_Marcona_almonds,_and_olive_oil_crackers.webp","Square 1024x1024 fine-dining editorial food photograph for a luxury digital tasting menu. Create a photorealistic plated dish with natural restaurant lighting, refined composition, crisp textures, appetizing color, shallow depth of field, and elegant negative space. No text, no logos, no watermarks, no hands, no utensils dominating the frame, no recipe card. Restaurant context: La Esencia in Four Seasons Hotel, Malaga, Spain, led by Chef Alejandro Torres. Dining room mood: La Esencia, located in the heart of Malaga, showcases the rich flavors of Spanish cuisine, combining time-honored recipes with modern culinary techniques. The elegant dining room features warm colors, rustic wooden accents, and vibrant Spanish artwork. The stunning views of the Mediterranean Sea provide a breathtaking backdrop for an unforgettable gastronomic experience, enhanced by a selection of the finest Spanish wines and cava. Course: Cheese. Dish: Spanish cheese selection with quince paste, Marcona almonds, and olive oil crackers. Wine pairing influence: Priorat Clos Mogador 2017. Let the plating, garnish, table surface, and background atmosphere quietly reflect the restaurant's cuisine and setting.",artifacts/recipe_images/new_pngs/recipe-image-275-la-esencia-cheese.png,gpt-image-2,1024x1024,medium
recipe-image-276-la-esencia-dessert,La Esencia,Chef Alejandro Torres,"Four Seasons Hotel, Malaga, Spain",Dessert,"Torrijas – Caramelized brioche soaked in cinnamon-infused milk, served with vanilla ice cream","Torrijas – Caramelized brioche soaked in cinnamon-infused milk, served with vanilla ice cream","dish_pictures/Chef_Alejandro_Torres-La_Esencia-Dessert-Torrijas_–_Caramelized_brioche_soaked_in_cinnamon-infused_milk,_served_with_vanilla_ice_cream.webp","Square 1024x1024 fine-dining editorial food photograph for a luxury digital tasting menu. Create a photorealistic plated dish with natural restaurant lighting, refined composition, crisp textures, appetizing color, shallow depth of field, and elegant negative space. No text, no logos, no watermarks, no hands, no utensils dominating the frame, no recipe card. Restaurant context: La Esencia in Four Seasons Hotel, Malaga, Spain, led by Chef Alejandro Torres. Dining room mood: La Esencia, located in the heart of Malaga, showcases the rich flavors of Spanish cuisine, combining time-honored recipes with modern culinary techniques. The elegant dining room features warm colors, rustic wooden accents, and vibrant Spanish artwork. The stunning views of the Mediterranean Sea provide a breathtaking backdrop for an unforgettable gastronomic experience, enhanced by a selection of the finest Spanish wines and cava. Course: Dessert. Dish: Torrijas – Caramelized brioche soaked in cinnamon-infused milk, served with vanilla ice cream. Wine pairing influence: Pedro Ximénez Bodegas Toro Albala Don PX Gran Reserva 1987. Let the plating, garnish, table surface, and background atmosphere quietly reflect the restaurant's cuisine and setting.",artifacts/recipe_images/new_pngs/recipe-image-276-la-esencia-dessert.png,gpt-image-2,1024x1024,medium
recipe-image-277-la-dame-de-pic-amuse-bouche,La Dame de Pic,Chef Anne-Sophie Pic,Four Seasons Hotel London at Ten Trinity Square,Amuse-Bouche,Red pepper and raspberry gazpacho with basil and coriander,Red pepper and raspberry gazpacho with basil and coriander,dish_pictures/Chef_Anne-Sophie_Pic-La_Dame_de_Pic-Amuse-Bouche-Red_pepper_and_raspberry_gazpacho_with_basil_and_coriander.webp,"Square 1024x1024 fine-dining editorial food photograph for a luxury digital tasting menu. Create a photorealistic plated dish with natural restaurant lighting, refined composition, crisp textures, appetizing color, shallow depth of field, and elegant negative space. No text, no logos, no watermarks, no hands, no utensils dominating the frame, no recipe card. Restaurant context: La Dame de Pic in Four Seasons Hotel London at Ten Trinity Square, led by Chef Anne-Sophie Pic. Dining room mood: La Dame de Pic, a Michelin-starred French restaurant, offers an exquisite culinary experience in the heart of London. The elegant dining room features soft lighting, warm colors, and luxurious furnishings, creating a serene atmosphere for guests to enjoy. Chef Anne-Sophie Pic's contemporary cuisine focuses on aromatic herbs and spices, beautifully showcasing her passion for creating memorable, harmonious dishes. Each course is paired with a carefully selected wine, enhancing the flavors and providing a truly unforgettable dining experience. Course: Amuse-Bouche. Dish: Red pepper and raspberry gazpacho with basil and coriander. Wine pairing influence: Champagne Krug Grande Cuvée. Let the plating, garnish, table surface, and background atmosphere quietly reflect the restaurant's cuisine and setting.",artifacts/recipe_images/new_pngs/recipe-image-277-la-dame-de-pic-amuse-bouche.png,gpt-image-2,1024x1024,medium
recipe-image-278-la-dame-de-pic-appetizer,La Dame de Pic,Chef Anne-Sophie Pic,Four Seasons Hotel London at Ten Trinity Square,Appetizer,"Smoked eel with beetroot, horseradish, and granny smith apple","Smoked eel with beetroot, horseradish, and granny smith apple","dish_pictures/Chef_Anne-Sophie_Pic-La_Dame_de_Pic-Appetizer-Smoked_eel_with_beetroot,_horseradish,_and_granny_smith_apple.webp","Square 1024x1024 fine-dining editorial food photograph for a luxury digital tasting menu. Create a photorealistic plated dish with natural restaurant lighting, refined composition, crisp textures, appetizing color, shallow depth of field, and elegant negative space. No text, no logos, no watermarks, no hands, no utensils dominating the frame, no recipe card. Restaurant context: La Dame de Pic in Four Seasons Hotel London at Ten Trinity Square, led by Chef Anne-Sophie Pic. Dining room mood: La Dame de Pic, a Michelin-starred French restaurant, offers an exquisite culinary experience in the heart of London. The elegant dining room features soft lighting, warm colors, and luxurious furnishings, creating a serene atmosphere for guests to enjoy. Chef Anne-Sophie Pic's contemporary cuisine focuses on aromatic herbs and spices, beautifully showcasing her passion for creating memorable, harmonious dishes. Each course is paired with a carefully selected wine, enhancing the flavors and providing a truly unforgettable dining experience. Course: Appetizer. Dish: Smoked eel with beetroot, horseradish, and granny smith apple. Wine pairing influence: Sancerre François Cotat Les Monts Damnés 2019. Let the plating, garnish, table surface, and background atmosphere quietly reflect the restaurant's cuisine and setting.",artifacts/recipe_images/new_pngs/recipe-image-278-la-dame-de-pic-appetizer.png,gpt-image-2,1024x1024,medium
recipe-image-279-la-dame-de-pic-fish,La Dame de Pic,Chef Anne-Sophie Pic,Four Seasons Hotel London at Ten Trinity Square,Fish,"Pan-seared scallops with cauliflower, brown butter, and curry leaf","Pan-seared scallops with cauliflower, brown butter, and curry leaf","dish_pictures/Chef_Anne-Sophie_Pic-La_Dame_de_Pic-Fish-Pan-seared_scallops_with_cauliflower,_brown_butter,_and_curry_leaf.webp","Square 1024x1024 fine-dining editorial food photograph for a luxury digital tasting menu. Create a photorealistic plated dish with natural restaurant lighting, refined composition, crisp textures, appetizing color, shallow depth of field, and elegant negative space. No text, no logos, no watermarks, no hands, no utensils dominating the frame, no recipe card. Restaurant context: La Dame de Pic in Four Seasons Hotel London at Ten Trinity Square, led by Chef Anne-Sophie Pic. Dining room mood: La Dame de Pic, a Michelin-starred French restaurant, offers an exquisite culinary experience in the heart of London. The elegant dining room features soft lighting, warm colors, and luxurious furnishings, creating a serene atmosphere for guests to enjoy. Chef Anne-Sophie Pic's contemporary cuisine focuses on aromatic herbs and spices, beautifully showcasing her passion for creating memorable, harmonious dishes. Each course is paired with a carefully selected wine, enhancing the flavors and providing a truly unforgettable dining experience. Course: Fish. Dish: Pan-seared scallops with cauliflower, brown butter, and curry leaf. Wine pairing influence: Chablis Domaine William Fèvre Grand Cru Les Clos 2018. Let the plating, garnish, table surface, and background atmosphere quietly reflect the restaurant's cuisine and setting.",artifacts/recipe_images/new_pngs/recipe-image-279-la-dame-de-pic-fish.png,gpt-image-2,1024x1024,medium
recipe-image-280-la-dame-de-pic-meat,La Dame de Pic,Chef Anne-Sophie Pic,Four Seasons Hotel London at Ten Trinity Square,Meat,"Venison with chestnuts, juniper berries, and parsnip purée","Venison with chestnuts, juniper berries, and parsnip purée","dish_pictures/Chef_Anne-Sophie_Pic-La_Dame_de_Pic-Meat-Venison_with_chestnuts,_juniper_berries,_and_parsnip_purée.webp","Square 1024x1024 fine-dining editorial food photograph for a luxury digital tasting menu. Create a photorealistic plated dish with natural restaurant lighting, refined composition, crisp textures, appetizing color, shallow depth of field, and elegant negative space. No text, no logos, no watermarks, no hands, no utensils dominating the frame, no recipe card. Restaurant context: La Dame de Pic in Four Seasons Hotel London at Ten Trinity Square, led by Chef Anne-Sophie Pic. Dining room mood: La Dame de Pic, a Michelin-starred French restaurant, offers an exquisite culinary experience in the heart of London. The elegant dining room features soft lighting, warm colors, and luxurious furnishings, creating a serene atmosphere for guests to enjoy. Chef Anne-Sophie Pic's contemporary cuisine focuses on aromatic herbs and spices, beautifully showcasing her passion for creating memorable, harmonious dishes. Each course is paired with a carefully selected wine, enhancing the flavors and providing a truly unforgettable dining experience. Course: Meat. Dish: Venison with chestnuts, juniper berries, and parsnip purée. Wine pairing influence: Pomerol Château Gazin 2016. Let the plating, garnish, table surface, and background atmosphere quietly reflect the restaurant's cuisine and setting.",artifacts/recipe_images/new_pngs/recipe-image-280-la-dame-de-pic-meat.png,gpt-image-2,1024x1024,medium
recipe-image-281-la-dame-de-pic-cheese,La Dame de Pic,Chef Anne-Sophie Pic,Four Seasons Hotel London at Ten Trinity Square,Cheese,Selection of French cheeses with fig jam and walnut bread,Selection of French cheeses with fig jam and walnut bread,dish_pictures/Chef_Anne-Sophie_Pic-La_Dame_de_Pic-Cheese-Selection_of_French_cheeses_with_fig_jam_and_walnut_bread.webp,"Square 1024x1024 fine-dining editorial food photograph for a luxury digital tasting menu. Create a photorealistic plated dish with natural restaurant lighting, refined composition, crisp textures, appetizing color, shallow depth of field, and elegant negative space. No text, no logos, no watermarks, no hands, no utensils dominating the frame, no recipe card. Restaurant context: La Dame de Pic in Four Seasons Hotel London at Ten Trinity Square, led by Chef Anne-Sophie Pic. Dining room mood: La Dame de Pic, a Michelin-starred French restaurant, offers an exquisite culinary experience in the heart of London. The elegant dining room features soft lighting, warm colors, and luxurious furnishings, creating a serene atmosphere for guests to enjoy. Chef Anne-Sophie Pic's contemporary cuisine focuses on aromatic herbs and spices, beautifully showcasing her passion for creating memorable, harmonious dishes. Each course is paired with a carefully selected wine, enhancing the flavors and providing a truly unforgettable dining experience. Course: Cheese. Dish: Selection of French cheeses with fig jam and walnut bread. Wine pairing influence: Gevrey-Chambertin Domaine Fourrier Vieilles Vignes 2017. Let the plating, garnish, table surface, and background atmosphere quietly reflect the restaurant's cuisine and setting.",artifacts/recipe_images/new_pngs/recipe-image-281-la-dame-de-pic-cheese.png,gpt-image-2,1024x1024,medium
recipe-image-282-la-dame-de-pic-dessert,La Dame de Pic,Chef Anne-Sophie Pic,Four Seasons Hotel London at Ten Trinity Square,Dessert,"Chocolate with passion fruit, ginger, and hazelnut crumble","Chocolate with passion fruit, ginger, and hazelnut crumble","dish_pictures/Chef_Anne-Sophie_Pic-La_Dame_de_Pic-Dessert-Chocolate_with_passion_fruit,_ginger,_and_hazelnut_crumble.webp","Square 1024x1024 fine-dining editorial food photograph for a luxury digital tasting menu. Create a photorealistic plated dish with natural restaurant lighting, refined composition, crisp textures, appetizing color, shallow depth of field, and elegant negative space. No text, no logos, no watermarks, no hands, no utensils dominating the frame, no recipe card. Restaurant context: La Dame de Pic in Four Seasons Hotel London at Ten Trinity Square, led by Chef Anne-Sophie Pic. Dining room mood: La Dame de Pic, a Michelin-starred French restaurant, offers an exquisite culinary experience in the heart of London. The elegant dining room features soft lighting, warm colors, and luxurious furnishings, creating a serene atmosphere for guests to enjoy. Chef Anne-Sophie Pic's contemporary cuisine focuses on aromatic herbs and spices, beautifully showcasing her passion for creating memorable, harmonious dishes. Each course is paired with a carefully selected wine, enhancing the flavors and providing a truly unforgettable dining experience. Course: Dessert. Dish: Chocolate with passion fruit, ginger, and hazelnut crumble. Wine pairing influence: Banyuls Domaine La Tour Vieille Rimage 2018. Let the plating, garnish, table surface, and background atmosphere quietly reflect the restaurant's cuisine and setting.",artifacts/recipe_images/new_pngs/recipe-image-282-la-dame-de-pic-dessert.png,gpt-image-2,1024x1024,medium
recipe-image-283-the-imperial-room-amuse-bouche,The Imperial Room,Chef Pierre Gagnaire,"Four Seasons Hotel George V, Paris",Amuse-Bouche,Caviar with blinis and crème fraîche,Caviar with blinis and crème fraîche,dish_pictures/Chef_Pierre_Gagnaire-The_Imperial_Room-Amuse-Bouche-Caviar_with_blinis_and_crème_fraîche.webp,"Square 1024x1024 fine-dining editorial food photograph for a luxury digital tasting menu. Create a photorealistic plated dish with natural restaurant lighting, refined composition, crisp textures, appetizing color, shallow depth of field, and elegant negative space. No text, no logos, no watermarks, no hands, no utensils dominating the frame, no recipe card. Restaurant context: The Imperial Room in Four Seasons Hotel George V, Paris, led by Chef Pierre Gagnaire. Dining room mood: The Imperial Room is a luxurious restaurant located within the Four Seasons Hotel George V in Paris. Known for its opulent décor and historic charm, the restaurant features hand-painted silk walls, ornate plasterwork ceilings, polished wood tables, and plush velvet chairs. A grand chandelier made of crystal and gold serves as the centerpiece of this classic, elegant dining space. The sophisticated menu, created by Chef Pierre Gagnaire, showcases classic French cuisine with a modern twist, using the finest ingredients like caviar, truffles, and foie gras. The impeccable, attentive service and extensive wine list, including rare vintages and exclusive labels, complete the unforgettable dining experience at The Imperial Room. Course: Amuse-Bouche. Dish: Caviar with blinis and crème fraîche. Wine pairing influence: Dom Pérignon Vintage 2010. Let the plating, garnish, table surface, and background atmosphere quietly reflect the restaurant's cuisine and setting.",artifacts/recipe_images/new_pngs/recipe-image-283-the-imperial-room-amuse-bouche.png,gpt-image-2,1024x1024,medium
recipe-image-284-the-imperial-room-appetizer,The Imperial Room,Chef Pierre Gagnaire,"Four Seasons Hotel George V, Paris",Appetizer,Seared scallops with black truffle and Jerusalem artichoke purée,Seared scallops with black truffle and Jerusalem artichoke purée,dish_pictures/Chef_Pierre_Gagnaire-The_Imperial_Room-Appetizer-Seared_scallops_with_black_truffle_and_Jerusalem_artichoke_purée.webp,"Square 1024x1024 fine-dining editorial food photograph for a luxury digital tasting menu. Create a photorealistic plated dish with natural restaurant lighting, refined composition, crisp textures, appetizing color, shallow depth of field, and elegant negative space. No text, no logos, no watermarks, no hands, no utensils dominating the frame, no recipe card. Restaurant context: The Imperial Room in Four Seasons Hotel George V, Paris, led by Chef Pierre Gagnaire. Dining room mood: The Imperial Room is a luxurious restaurant located within the Four Seasons Hotel George V in Paris. Known for its opulent décor and historic charm, the restaurant features hand-painted silk walls, ornate plasterwork ceilings, polished wood tables, and plush velvet chairs. A grand chandelier made of crystal and gold serves as the centerpiece of this classic, elegant dining space. The sophisticated menu, created by Chef Pierre Gagnaire, showcases classic French cuisine with a modern twist, using the finest ingredients like caviar, truffles, and foie gras. The impeccable, attentive service and extensive wine list, including rare vintages and exclusive labels, complete the unforgettable dining experience at The Imperial Room. Course: Appetizer. Dish: Seared scallops with black truffle and Jerusalem artichoke purée. Wine pairing influence: Meursault Domaine des Comtes Lafon Les Perrières 2018. Let the plating, garnish, table surface, and background atmosphere quietly reflect the restaurant's cuisine and setting.",artifacts/recipe_images/new_pngs/recipe-image-284-the-imperial-room-appetizer.png,gpt-image-2,1024x1024,medium
recipe-image-285-the-imperial-room-soup,The Imperial Room,Chef Pierre Gagnaire,"Four Seasons Hotel George V, Paris",Soup,Lobster bisque with saffron and cognac,Lobster bisque with saffron and cognac,dish_pictures/Chef_Pierre_Gagnaire-The_Imperial_Room-Soup-Lobster_bisque_with_saffron_and_cognac.webp,"Square 1024x1024 fine-dining editorial food photograph for a luxury digital tasting menu. Create a photorealistic plated dish with natural restaurant lighting, refined composition, crisp textures, appetizing color, shallow depth of field, and elegant negative space. No text, no logos, no watermarks, no hands, no utensils dominating the frame, no recipe card. Restaurant context: The Imperial Room in Four Seasons Hotel George V, Paris, led by Chef Pierre Gagnaire. Dining room mood: The Imperial Room is a luxurious restaurant located within the Four Seasons Hotel George V in Paris. Known for its opulent décor and historic charm, the restaurant features hand-painted silk walls, ornate plasterwork ceilings, polished wood tables, and plush velvet chairs. A grand chandelier made of crystal and gold serves as the centerpiece of this classic, elegant dining space. The sophisticated menu, created by Chef Pierre Gagnaire, showcases classic French cuisine with a modern twist, using the finest ingredients like caviar, truffles, and foie gras. The impeccable, attentive service and extensive wine list, including rare vintages and exclusive labels, complete the unforgettable dining experience at The Imperial Room. Course: Soup. Dish: Lobster bisque with saffron and cognac. Wine pairing influence: Château-Grillet 2015. Let the plating, garnish, table surface, and background atmosphere quietly reflect the restaurant's cuisine and setting.",artifacts/recipe_images/new_pngs/recipe-image-285-the-imperial-room-soup.png,gpt-image-2,1024x1024,medium
recipe-image-286-the-imperial-room-fish,The Imperial Room,Chef Pierre Gagnaire,"Four Seasons Hotel George V, Paris",Fish,"Turbot with Champagne sauce, caviar, and asparagus","Turbot with Champagne sauce, caviar, and asparagus","dish_pictures/Chef_Pierre_Gagnaire-The_Imperial_Room-Fish-Turbot_with_Champagne_sauce,_caviar,_and_asparagus.webp","Square 1024x1024 fine-dining editorial food photograph for a luxury digital tasting menu. Create a photorealistic plated dish with natural restaurant lighting, refined composition, crisp textures, appetizing color, shallow depth of field, and elegant negative space. No text, no logos, no watermarks, no hands, no utensils dominating the frame, no recipe card. Restaurant context: The Imperial Room in Four Seasons Hotel George V, Paris, led by Chef Pierre Gagnaire. Dining room mood: The Imperial Room is a luxurious restaurant located within the Four Seasons Hotel George V in Paris. Known for its opulent décor and historic charm, the restaurant features hand-painted silk walls, ornate plasterwork ceilings, polished wood tables, and plush velvet chairs. A grand chandelier made of crystal and gold serves as the centerpiece of this classic, elegant dining space. The sophisticated menu, created by Chef Pierre Gagnaire, showcases classic French cuisine with a modern twist, using the finest ingredients like caviar, truffles, and foie gras. The impeccable, attentive service and extensive wine list, including rare vintages and exclusive labels, complete the unforgettable dining experience at The Imperial Room. Course: Fish. Dish: Turbot with Champagne sauce, caviar, and asparagus. Wine pairing influence: Corton-Charlemagne Grand Cru Domaine Coche-Dury 2017. Let the plating, garnish, table surface, and background atmosphere quietly reflect the restaurant's cuisine and setting.",artifacts/recipe_images/new_pngs/recipe-image-286-the-imperial-room-fish.png,gpt-image-2,1024x1024,medium
recipe-image-287-the-imperial-room-meat,The Imperial Room,Chef Pierre Gagnaire,"Four Seasons Hotel George V, Paris",Meat,"Roasted duck with orange and kumquat, foie gras and black currant sauce","Roasted duck with orange and kumquat, foie gras and black currant sauce","dish_pictures/Chef_Pierre_Gagnaire-The_Imperial_Room-Meat-Roasted_duck_with_orange_and_kumquat,_foie_gras_and_black_currant_sauce.webp","Square 1024x1024 fine-dining editorial food photograph for a luxury digital tasting menu. Create a photorealistic plated dish with natural restaurant lighting, refined composition, crisp textures, appetizing color, shallow depth of field, and elegant negative space. No text, no logos, no watermarks, no hands, no utensils dominating the frame, no recipe card. Restaurant context: The Imperial Room in Four Seasons Hotel George V, Paris, led by Chef Pierre Gagnaire. Dining room mood: The Imperial Room is a luxurious restaurant located within the Four Seasons Hotel George V in Paris. Known for its opulent décor and historic charm, the restaurant features hand-painted silk walls, ornate plasterwork ceilings, polished wood tables, and plush velvet chairs. A grand chandelier made of crystal and gold serves as the centerpiece of this classic, elegant dining space. The sophisticated menu, created by Chef Pierre Gagnaire, showcases classic French cuisine with a modern twist, using the finest ingredients like caviar, truffles, and foie gras. The impeccable, attentive service and extensive wine list, including rare vintages and exclusive labels, complete the unforgettable dining experience at The Imperial Room. Course: Meat. Dish: Roasted duck with orange and kumquat, foie gras and black currant sauce. Wine pairing influence: Château Mouton Rothschild 2009. Let the plating, garnish, table surface, and background atmosphere quietly reflect the restaurant's cuisine and setting.",artifacts/recipe_images/new_pngs/recipe-image-287-the-imperial-room-meat.png,gpt-image-2,1024x1024,medium
recipe-image-288-the-imperial-room-cheese,The Imperial Room,Chef Pierre Gagnaire,"Four Seasons Hotel George V, Paris",Cheese,Selection of French cheeses with truffle honey and walnut bread,Selection of French cheeses with truffle honey and walnut bread,dish_pictures/Chef_Pierre_Gagnaire-The_Imperial_Room-Cheese-Selection_of_French_cheeses_with_truffle_honey_and_walnut_bread.webp,"Square 1024x1024 fine-dining editorial food photograph for a luxury digital tasting menu. Create a photorealistic plated dish with natural restaurant lighting, refined composition, crisp textures, appetizing color, shallow depth of field, and elegant negative space. No text, no logos, no watermarks, no hands, no utensils dominating the frame, no recipe card. Restaurant context: The Imperial Room in Four Seasons Hotel George V, Paris, led by Chef Pierre Gagnaire. Dining room mood: The Imperial Room is a luxurious restaurant located within the Four Seasons Hotel George V in Paris. Known for its opulent décor and historic charm, the restaurant features hand-painted silk walls, ornate plasterwork ceilings, polished wood tables, and plush velvet chairs. A grand chandelier made of crystal and gold serves as the centerpiece of this classic, elegant dining space. The sophisticated menu, created by Chef Pierre Gagnaire, showcases classic French cuisine with a modern twist, using the finest ingredients like caviar, truffles, and foie gras. The impeccable, attentive service and extensive wine list, including rare vintages and exclusive labels, complete the unforgettable dining experience at The Imperial Room. Course: Cheese. Dish: Selection of French cheeses with truffle honey and walnut bread. Wine pairing influence: Château d'Yquem 1999. Let the plating, garnish, table surface, and background atmosphere quietly reflect the restaurant's cuisine and setting.",artifacts/recipe_images/new_pngs/recipe-image-288-the-imperial-room-cheese.png,gpt-image-2,1024x1024,medium
recipe-image-289-the-imperial-room-dessert,The Imperial Room,Chef Pierre Gagnaire,"Four Seasons Hotel George V, Paris",Dessert,"Crème brûlée with vanilla and raspberry, gold leaf garnish","Crème brûlée with vanilla and raspberry, gold leaf garnish","dish_pictures/Chef_Pierre_Gagnaire-The_Imperial_Room-Dessert-Crème_brûlée_with_vanilla_and_raspberry,_gold_leaf_garnish.webp","Square 1024x1024 fine-dining editorial food photograph for a luxury digital tasting menu. Create a photorealistic plated dish with natural restaurant lighting, refined composition, crisp textures, appetizing color, shallow depth of field, and elegant negative space. No text, no logos, no watermarks, no hands, no utensils dominating the frame, no recipe card. Restaurant context: The Imperial Room in Four Seasons Hotel George V, Paris, led by Chef Pierre Gagnaire. Dining room mood: The Imperial Room is a luxurious restaurant located within the Four Seasons Hotel George V in Paris. Known for its opulent décor and historic charm, the restaurant features hand-painted silk walls, ornate plasterwork ceilings, polished wood tables, and plush velvet chairs. A grand chandelier made of crystal and gold serves as the centerpiece of this classic, elegant dining space. The sophisticated menu, created by Chef Pierre Gagnaire, showcases classic French cuisine with a modern twist, using the finest ingredients like caviar, truffles, and foie gras. The impeccable, attentive service and extensive wine list, including rare vintages and exclusive labels, complete the unforgettable dining experience at The Imperial Room. Course: Dessert. Dish: Crème brûlée with vanilla and raspberry, gold leaf garnish. Wine pairing influence: Krug Clos du Mesnil 2006. Let the plating, garnish, table surface, and background atmosphere quietly reflect the restaurant's cuisine and setting.",artifacts/recipe_images/new_pngs/recipe-image-289-the-imperial-room-dessert.png,gpt-image-2,1024x1024,medium
